vurderingid;created;nettstednavn;url;poeng;maxpoeng;snittprosent;stjerner;tilgang_poeng;tilgang_maxpoeng;brukertilpass_poeng;brukertilpass_maxpoeng;nyttig_poeng;nyttig_maxpoeng
13149;08/31/2010 11:26:26;Agdenes kommune;http://www.agdenes.kommune.no/;65;99;66;4;19;30;20;33;26;36
13915;10/04/2010 11:00:00;Akershus fylkeskommune;http://www.akershus.no/;91;99;92;6;29;30;32;33;30;36
14361;10/20/2010 14:22:25;Akershus universitetssykehus HF;http://www.ahus.no;61;99;62;4;16;30;25;33;20;36
13126;08/30/2010 11:59:17;Alstahaug kommune;http://www.alstahaug.kommune.no/;43;99;43;3;13;30;18;33;12;36
13125;08/30/2010 09:39:34;Alta kommune;http://www.alta.kommune.no;90;99;91;6;29;30;30;33;31;36
13178;09/01/2010 07:23:02;Alvdal kommune;http://www.alvdal.kommune.no;38;99;38;2;13;30;15;33;10;36
13195;09/01/2010 15:02:49;Andebu kommune;http://www.andebu.kommune.no;74;99;75;5;22;30;23;33;29;36
13150;08/31/2010 12:42:45;Andøy kommune;http://www.andoy.net/;61;99;62;4;20;30;27;33;14;36
13968;10/05/2010 15:39:35;Arbeids- og velferdsetaten;http://www.nav.no/;64;99;65;4;23;30;25;33;16;36
13856;10/01/2010 10:01:38;Arbeidsdepartementet;http://www.regjeringen.no/nb/dep/ad.html;78;99;79;5;28;30;27;33;23;36
13967;10/05/2010 15:38:49;Arbeidstilsynet;http://www.arbeidstilsynet.no/;62;99;63;4;23;30;22;33;17;36
13115;08/27/2010 12:13:56;Aremark kommune;http://www.aremark.kommune.no;78;99;79;5;24;30;25;33;29;36
13205;09/02/2010 08:07:46;Arendal kommune;http://www.arendal.kommune.no/;69;99;70;5;27;30;17;33;25;36
14012;10/07/2010 10:50:34;Arkitektur- og designhøgskolen i Oslo;http://www.aho.no/;63;99;64;4;20;30;21;33;22;36
13208;09/02/2010 10:53:19;Asker kommune;http://www.asker.kommune.no/;79;99;80;6;17;30;30;33;32;36
13148;08/31/2010 11:13:07;Askim kommune;http://www.askim.kommune.no;84;99;85;6;24;30;29;33;31;36
13147;08/31/2010 10:31:58;Askvoll kommune;http://www.askvoll.kommune.no/;60;99;61;4;23;30;16;33;21;36
13186;09/01/2010 12:11:15;Askøy kommune;http://www.askoy.kommune.no/;60;99;61;4;15;30;24;33;21;36
13216;09/02/2010 13:48:26;Audnedal kommune;http://www.audnedal.kommune.no/;67;99;68;4;19;30;23;33;25;36
13220;09/02/2010 18:18:00;Aukra kommune;http://www.aukra.kommune.no/;54;99;55;3;12;30;20;33;22;36
13253;09/03/2010 17:39:02;Aure kommune;http://www.aure.kommune.no/;86;99;87;6;26;30;28;33;32;36
13206;09/02/2010 09:33:44;Aurland kommune;http://www.aurland.kommune.no;77;99;78;5;28;30;24;33;25;36
13255;09/06/2010 08:17:56;Aurskog-Høland kommune;http://www.aurskog-holand.kommune.no/;74;99;75;5;22;30;28;33;24;36
13930;10/04/2010 17:21:05;Aust-Agder fylkeskommune;http://www.austagderfk.no/;66;99;67;4;17;30;23;33;26;36
13230;09/03/2010 12:27:21;Austevoll kommune;http://www.austevoll.kommune.no/;28;99;28;1;7;30;16;33;5;36
13305;09/07/2010 12:13:45;Austrheim kommune;http://www.austrheim.kommune.no;53;99;54;3;22;30;14;33;17;36
13252;09/03/2010 17:38:17;Averøy kommune;http://www.averoy.kommune.no/;67;99;68;4;24;30;22;33;21;36
14036;10/07/2010 14:26:35;Avinor;http://www.avinor.no;64;99;65;4;20;30;23;33;21;36
14747;11/12/2010 13:07:19;Balestrand kommune;http://www.balestrand.kommune.no;84;99;85;6;29;30;31;33;24;36
13185;09/01/2010 11:09:44;Ballangen kommune;http://www.ballangen.kommune.no/;56;99;57;3;22;30;22;33;12;36
13273;09/06/2010 12:42:37;Balsfjord kommune;http://www.balsfjord.kommune.no/;72;99;73;5;23;30;23;33;26;36
13266;09/06/2010 10:16:16;Bamble kommune;http://www.bamble.kommune.no/;80;99;81;6;23;30;26;33;31;36
13315;09/07/2010 14:31:36;Bardu kommune;http://www.bardu.kommune.no/;66;99;67;4;19;30;23;33;24;36
13860;10/01/2010 12:38:19;Barne-, likestillings- og inkluderingsdepartementet;http://www.regjeringen.no/nb/dep/bld.html;76;99;77;5;27;30;27;33;22;36
13935;10/04/2010 20:35:12;Barne-, ungdoms- og familiedirektoratet;http://www.bufetat.no;70;99;73;5;27;30;33;33;10;36
14060;10/08/2010 10:52:15;Barneombudet;http://www.barneombudet.no/;56;99;57;3;11;30;22;33;23;36
13196;09/01/2010 16:02:26;Beiarn kommune;http://www.beiarn.kommune.no;44;99;44;3;17;30;18;33;9;36
13585;09/20/2010 10:16:50;Berg kommune;http://www.berg.kommune.no;55;99;56;3;22;30;27;33;6;36
13366;09/10/2010 08:54:41;Bergen kommune;http://www.bergen.kommune.no/;75;99;76;5;21;30;24;33;30;36
13135;08/30/2010 14:54:48;Berlevåg kommune;http://www.berlevag.kommune.no;67;99;68;4;22;30;27;33;18;36
13225;09/03/2010 09:56:32;Bindal kommune;http://www.bindal.kommune.no;47;99;47;3;13;30;22;33;12;36
13905;10/04/2010 09:22:30;Bioforsk;http://www.bioforsk.no;57;99;58;4;21;30;20;33;16;36
13927;10/04/2010 15:20:11;Bioteknologinemnda;http://www.bion.no/;76;99;77;5;20;30;31;33;25;36
13346;09/09/2010 08:43:06;Birkenes kommune;http://www.birkenes.kommune.no/;56;99;57;3;21;30;21;33;14;36
13357;09/09/2010 10:31:15;Bjerkreim kommune;http://www.bjerkreim.kommune.no;52;99;53;3;8;30;25;33;19;36
13246;09/03/2010 16:47:51;Bjugn kommune;http://www.bjugn.kommune.no/;76;99;77;5;20;30;29;33;27;36
13278;09/06/2010 15:18:50;Bodø kommune;http://www.bodo.kommune.no;65;99;66;4;21;30;25;33;19;36
13360;09/09/2010 12:39:09;Bokn kommune;http://www.bokn.kommune.no;58;99;59;4;24;30;23;33;11;36
13355;09/09/2010 10:13:32;Bremanger kommune;http://www.bremanger.kommune.no/;69;99;70;5;25;30;22;33;22;36
13307;09/07/2010 12:40:30;Brønnøy kommune;http://www.bronnoy.kommune.no/;51;99;52;3;16;30;26;33;9;36
13946;10/05/2010 08:51:59;Brønnøysundregistrene;http://www.brreg.no;62;99;63;4;22;30;22;33;18;36
14509;10/25/2010 09:46:51;Buskerud fylkeskommune;http://www.bfk.no;71;99;72;5;23;30;22;33;26;36
13362;09/09/2010 15:12:14;Bygland kommune;http://www.bygland.kommune.no/;43;99;43;3;12;30;19;33;12;36
13365;09/10/2010 08:22:15;Bykle kommune;http://www.bykle.kommune.no;68;99;69;4;20;30;20;33;28;36
13368;09/10/2010 10:31:18;Bærum kommune;http://www.baerum.kommune.no/;81;99;82;6;24;30;25;33;32;36
13374;09/10/2010 13:26:17;Bø kommune (Telemark);http://www.bokommune.no/;66;99;67;4;25;30;19;33;22;36
13265;09/06/2010 09:34:58;Bø kommune (Vesterålen);http://www.boe.kommune.no/;42;99;42;2;11;30;20;33;11;36
13456;09/14/2010 09:38:11;Bømlo kommune;http://www.bomlo.kommune.no;58;99;59;4;23;30;18;33;17;36
13146;08/31/2010 10:00:37;Båtsfjord kommune;http://www.batsfjord.kommune.no/;50;99;51;3;20;30;25;33;5;36
13957;10/05/2010 13:03:18;Datatilsynet;http://www.datatilsynet.no;51;99;52;3;19;30;22;33;10;36
14539;10/26/2010 12:14:18;Direktoratet for byggkvalitet;http://www.dibk.no;42;99;42;2;10;30;15;33;17;36
13325;09/08/2010 08:41:43;Direktoratet for forvaltning og IKT;http://www.difi.no/;79;99;80;6;24;30;28;33;27;36
13975;10/05/2010 21:39:13;Direktoratet for mineralforvaltning (Bergmesteren Svalbard);http://www.dirmin.no;27;99;27;1;6;30;15;33;6;36
14005;10/07/2010 09:10:10;Direktoratet for nødkommunikasjon;http://www.dinkom.no/;46;99;46;3;13;30;23;33;10;36
13998;10/06/2010 13:08:54;Direktoratet for samfunnssikkerhet og beredskap;http://www.dsb.no/;66;99;67;4;19;30;23;33;24;36
13865;10/01/2010 14:14:33;Direktoratet for utviklingssamarbeid - Norad;http://www.norad.no/;75;99;76;5;30;30;25;33;20;36
13988;10/06/2010 10:22:53;Domstolene i Norge;http://www.domstol.no/;46;99;46;3;9;30;27;33;10;36
13385;09/12/2010 11:28:41;Dovre kommune;http://www.dovre.kommune.no;67;99;68;4;18;30;22;33;27;36
13395;09/13/2010 08:40:04;Drammen kommune;http://www.drammen.kommune.no/;75;99;76;5;18;30;24;33;33;36
13267;09/06/2010 10:18:30;Drangedal kommune;http://www.drangedal.kommune.no/;72;99;73;5;21;30;24;33;27;36
13540;09/17/2010 13:54:21;Dyrøy kommune;http://www.dyroy.kommune.no;85;99;86;6;28;30;29;33;28;36
13316;09/07/2010 16:29:05;Dønna kommune;http://www.donna.kommune.no/;35;99;35;2;8;30;20;33;7;36
13369;09/10/2010 10:39:03;Eid kommune;http://www.eid.kommune.no/;59;99;60;4;21;30;16;33;22;36
13408;09/13/2010 10:31:45;Eide kommune;http://www.eide.kommune.no/;68;99;69;4;26;30;21;33;21;36
13499;09/15/2010 14:56:02;Eidfjord kommune;http://www.eidfjord.kommune.no;73;99;74;5;26;30;22;33;25;36
13336;09/08/2010 12:29:58;Eidsberg kommune;http://www.eidsberg.kommune.no;73;99;74;5;24;30;24;33;25;36
13418;09/13/2010 13:40:17;Eidskog kommune;http://www.eidskog.kommune.no/;62;99;63;4;21;30;15;33;26;36
13426;09/13/2010 15:25:38;Eidsvoll kommune;http://www.eidsvoll.kommune.no/;66;99;67;4;18;30;24;33;24;36
13455;09/14/2010 08:18:28;Eigersund kommune;http://www.eigersund.kommune.no/;66;99;67;4;22;30;25;33;19;36
13475;09/15/2010 08:28:30;Elverum kommune;http://www.elverum.kommune.no/;67;99;68;4;20;30;21;33;26;36
13495;09/15/2010 12:10:23;Enebakk kommune;http://www.enebakk.kommune.no/;73;99;74;5;20;30;27;33;26;36
13157;08/31/2010 14:13:47;Engerdal kommune;http://www.engerdal.kommune.no/;78;99;79;5;24;30;26;33;28;36
14056;10/08/2010 08:48:11;Enøk-sentrene i Norge;http://www.enok.no/;24;99;24;1;8;30;10;33;6;36
13519;09/16/2010 14:37:33;Etne kommune;http://www.etne.kommune.no/;91;99;92;6;29;30;30;33;32;36
13497;09/15/2010 13:17:07;Etnedal kommune;http://www.etnedal.kommune.no/;65;99;66;4;26;30;25;33;14;36
13359;09/09/2010 12:22:28;Evenes kommune;http://www.evenes.kommune.no;48;99;48;3;11;30;20;33;17;36
13505;09/16/2010 08:43:12;Evje og Hornnes kommune;http://www.e-h.kommune.no;63;99;64;4;25;30;22;33;16;36
13508;09/16/2010 10:36:29;Farsund kommune;http://www.farsund.kommune.no/;66;99;67;4;13;30;22;33;31;36
13416;09/13/2010 13:20:39;Fauske kommune;http://www.fauske.kommune.no/;53;99;54;3;18;30;26;33;9;36
13586;09/20/2010 10:44:50;Fedje kommune;http://www.fedje.kommune.no/;52;99;53;3;19;30;16;33;17;36
13522;09/16/2010 15:51:15;Fet kommune;http://www.fet.kommune.no/;66;99;67;4;19;30;21;33;26;36
13926;10/04/2010 14:54:03;Finansdepartementet;http://www.regjeringen.no/nb/dep/fin.html;77;99;78;5;28;30;28;33;21;36
14148;10/13/2010 13:29:49;Finanstilsynet;http://www.finanstilsynet.no/;57;99;58;4;19;30;26;33;12;36
14523;10/25/2010 15:32:56;Finnmark fylkeskommune / Finnmárkku fylkkagielda;http://www.ffk.no/;74;99;75;5;23;30;25;33;26;36
13524;09/16/2010 17:10:35;Finnøy kommune;http://www.finnoy.kommune.no;58;99;59;4;16;30;18;33;24;36
13945;10/05/2010 08:51:32;Fiskeri- og kystdepartementet;http://www.regjeringen.no/nb/dep/fkd;74;99;75;5;24;30;27;33;23;36
14002;10/06/2010 14:55:38;Fiskeridirektoratet;http://www.fiskeridir.no/;64;99;65;4;23;30;27;33;14;36
13948;10/05/2010 08:55:39;Fitjar kommune;http://www.fitjar.kommune.no;50;99;51;3;11;30;15;33;24;36
13372;09/10/2010 13:04:43;Fjaler kommune;http://www.fjaler.kommune.no/;79;99;80;6;27;30;23;33;29;36
13949;10/05/2010 10:25:43;Fjell kommune;http://www.fjell.kommune.no;75;99;76;5;24;30;26;33;25;36
13457;09/14/2010 09:39:41;Flakstad kommune;http://www.flakstad.kommune.no/;47;99;47;3;14;30;18;33;15;36
13536;09/17/2010 08:53:02;Flatanger kommune;http://www.flatanger.kommune.no;60;99;61;4;16;30;20;33;24;36
13537;09/17/2010 10:49:50;Flekkefjord kommune;http://www.flekkefjord.kommune.no;62;99;63;4;20;30;20;33;22;36
13555;09/19/2010 10:38:26;Flesberg kommune;http://www.flesberg.kommune.no/;60;99;61;4;17;30;20;33;23;36
13515;09/16/2010 12:36:00;Flora kommune;http://www.flora.kommune.no;49;99;49;3;10;30;20;33;19;36
13228;09/03/2010 11:48:35;Flå kommune;http://www.flaa.kommune.no/;69;99;70;5;20;30;26;33;23;36
13199;09/01/2010 16:52:52;Folldal kommune;http://www.folldal.kommune.no/;32;99;32;2;13;30;11;33;8;36
14074;10/08/2010 15:44:21;Forbrukerombudet;http://www.forbrukerombudet.no/;67;99;68;4;15;30;28;33;24;36
14009;10/07/2010 10:25:28;Forbrukerrådet;http://www.forbrukerradet.no;55;99;56;3;21;30;24;33;10;36
14010;10/07/2010 10:39:50;Forbrukertvistutvalget;http://www.forbrukertvistutvalget.no/;51;99;52;3;16;30;15;33;20;36
14015;10/07/2010 11:41:17;Forliksrådet;http://www.forliksradet.no/;22;99;22;1;5;30;12;33;5;36
13955;10/05/2010 11:51:25;Fornyings-, administrasjons- og kirkedepartementet;http://www.regjeringen.no/nb/dep/fad;79;99;80;6;27;30;29;33;23;36
14366;10/20/2010 20:14:33;Forsand kommune;http://www.forsand.kommune.no;50;99;51;3;17;30;20;33;13;36
14025;10/07/2010 12:14:15;Forskning.no;http://www.forskning.no;60;99;61;4;14;30;19;33;27;36
14028;10/07/2010 12:45:19;Forskningsetiske komiteer;http://www.etikkom.no;86;99;87;6;30;30;30;33;26;36
14542;10/26/2010 13:27:45;Forsvaret;http://www.forsvaret.no;61;99;62;4;10;30;20;33;31;36
14075;10/11/2010 08:50:38;Forsvarets forskningsinstitutt;http://www.ffi.no;49;99;49;3;9;30;22;33;18;36
14007;10/07/2010 10:22:09;Forsvarsdepartementet;http://www.regjeringen.no/nb/dep/fd;78;99;79;5;28;30;27;33;23;36
13595;09/21/2010 08:13:43;Fosnes kommune;http://www.fosnes.kommune.no/;55;99;56;3;17;30;23;33;15;36
13459;09/14/2010 10:43:00;Fredrikstad kommune;http://www.fredrikstad.kommune.no/;63;99;64;4;19;30;19;33;25;36
14057;10/08/2010 09:31:46;Fridtjof Nansens Institutt;http://www.fni.no/;36;99;36;2;11;30;18;33;7;36
14059;10/08/2010 10:37:33;Fritt sykehusvalg;http://www.frittsykehusvalg.no/;73;99;74;5;22;30;27;33;24;36
13606;09/21/2010 10:49:43;Frogn kommune;http://www.frogn.kommune.no/;79;99;80;6;24;30;25;33;30;36
13625;09/21/2010 20:19:09;Froland kommune;http://www.froland.kommune.no/;66;99;67;4;24;30;20;33;22;36
13638;09/22/2010 11:31:49;Frosta kommune;http://www.frosta.kommune.no/;71;99;72;5;21;30;26;33;24;36
13648;09/22/2010 14:25:57;Fræna kommune;http://www.frana.kommune.no;70;99;71;5;26;30;21;33;23;36
13657;09/22/2010 16:11:04;Frøya kommune;http://www.froya.kommune.no/;49;99;49;3;16;30;19;33;14;36
13986;10/06/2010 09:38:55;Fusa kommune;http://www.fusa.kommune.no/;64;99;65;4;26;30;22;33;16;36
14543;10/26/2010 13:50:38;Fylkesmannen i Aust-Agder;http://www.fylkesmannen.no/AA;68;99;69;4;23;30;19;33;26;36
14605;10/27/2010 20:49:37;Fylkesmannen i Buskerud;http://www.fylkesmannen.no/Buskerud;69;99;70;5;24;30;20;33;25;36
14606;10/27/2010 21:28:34;Fylkesmannen i Finnmark;http://www.fylkesmannen.no/Finnmark;71;99;72;5;27;30;22;33;22;36
14607;10/27/2010 21:58:07;Fylkesmannen i Hedmark;http://www.fylkesmannen.no/hedmark;79;99;80;6;29;30;22;33;28;36
14608;10/27/2010 22:36:30;Fylkesmannen i Hordaland;http://www.fylkesmannen.no/hordaland;73;99;74;5;26;30;22;33;25;36
14626;10/28/2010 12:59:35;Fylkesmannen i Møre og Romsdal;http://www.fylkesmannen.no/mr;72;99;73;5;26;30;21;33;25;36
14645;10/28/2010 15:33:05;Fylkesmannen i Nordland;http://www.fylkesmannen.no/nordland;76;99;77;5;26;30;22;33;28;36
14700;10/29/2010 14:44:02;Fylkesmannen i Nord-Trøndelag;http://www.fylkesmannen.no/nt;75;99;76;5;26;30;24;33;25;36
14701;10/29/2010 15:11:29;Fylkesmannen i Oppland;http://www.fylkesmannen.no/oppland;74;99;75;5;26;30;24;33;24;36
14715;10/29/2010 23:01:56;Fylkesmannen i Oslo og Akershus;http://www.fylkesmannen.no/OsloOgAkershus;73;99;74;5;26;30;22;33;25;36
14716;10/29/2010 23:20:19;Fylkesmannen i Rogaland;http://www.fylkesmannen.no/Rogaland;73;99;74;5;26;30;22;33;25;36
14717;10/29/2010 23:57:49;Fylkesmannen i Sogn og Fjordane;http://www.fylkesmannen.no/sfj;77;99;78;5;26;30;24;33;27;36
14725;10/30/2010 13:44:02;Fylkesmannen i Sør-Trøndelag;http://www.fylkesmannen.no/st;72;99;73;5;26;30;21;33;25;36
14726;10/30/2010 14:20:25;Fylkesmannen i Telemark;http://www.fylkesmannen.no/telemark;65;99;66;4;25;30;19;33;21;36
14727;10/30/2010 14:47:52;Fylkesmannen i Troms;http://www.fylkesmannen.no/troms;72;99;73;5;26;30;23;33;23;36
14735;10/31/2010 20:19:21;Fylkesmannen i Vest-Agder;http://www.fylkesmannen.no/va;77;99;78;5;26;30;24;33;27;36
14736;10/31/2010 20:42:39;Fylkesmannen i Vestfold;http://www.fylkesmannen.no/vestfold;68;99;69;4;25;30;19;33;24;36
14737;10/31/2010 21:23:15;Fylkesmannen i Østfold;http://www.fylkesmannen.no/Ostfold;75;99;76;5;29;30;24;33;22;36
13236;09/03/2010 13:48:17;Fyresdal kommune;http://www.fyresdal.kommune.no/;69;99;70;5;18;30;24;33;27;36
14386;10/21/2010 13:50:21;Førde kommune;http://www.forde.kommune.no;86;99;87;6;28;30;26;33;32;36
13156;08/31/2010 14:06:51;Gamvik kommune;http://www.gamvik.kommune.no/;48;99;48;3;16;30;26;33;6;36
13575;09/20/2010 08:41:01;Gaular kommune;http://www.gaular.kommune.no/;68;99;69;4;25;30;19;33;24;36
13658;09/22/2010 16:13:49;Gausdal kommune;http://www.gausdal.kommune.no/;59;99;60;4;20;30;21;33;18;36
13463;09/14/2010 14:59:44;Gildeskål kommune;http://www.gildeskal.kommune.no/;39;99;39;2;11;30;21;33;7;36
14756;11/16/2010 10:46:37;Giske kommune;http://www.giske.kommune.no/;69;99;70;5;27;30;20;33;22;36
13676;09/23/2010 12:26:21;Gjemnes kommune;http://www.gjemnes.kommune.no/;71;99;72;5;26;30;21;33;24;36
13443;09/13/2010 16:31:21;Gjerdrum kommune;http://www.gjerdrum.kommune.no;67;99;68;4;18;30;22;33;27;36
13678;09/23/2010 14:51:11;Gjerstad kommune;http://www.gjerstad.kommune.no;58;99;59;4;18;30;16;33;24;36
13680;09/23/2010 16:15:42;Gjesdal kommune;http://www.gjesdal.kommune.no/;73;99;74;5;18;30;24;33;31;36
13685;09/23/2010 19:58:08;Gjøvik kommune;http://www.gjovik.kommune.no;64;99;65;4;15;30;25;33;24;36
13605;09/21/2010 10:10:46;Gloppen kommune;http://www.gloppen.kommune.no;69;99;70;5;25;30;19;33;25;36
13229;09/03/2010 12:18:01;Gol kommune;http://www.gol.kommune.no/;70;99;71;5;20;30;26;33;24;36
13715;09/26/2010 10:35:51;Gran kommune;http://www.gran.kommune.no;67;99;68;4;18;30;22;33;27;36
13496;09/15/2010 12:27:40;Grane kommune;http://www.grane.kommune.no;71;99;72;5;16;30;26;33;29;36
13987;10/06/2010 10:11:23;Granvin herad;http://www.granvin.kommune.no/;41;99;41;2;17;30;11;33;13;36
13538;09/17/2010 11:02:10;Gratangen kommune;http://www.gratangen.kommune.no/;69;99;70;5;22;30;27;33;20;36
13725;09/27/2010 08:58:04;Grimstad kommune;http://www.grimstad.kommune.no/;66;99;67;4;23;30;24;33;19;36
13736;09/27/2010 10:17:04;Grong kommune;http://www.grong.kommune.no/;61;99;62;4;20;30;16;33;25;36
13739;09/27/2010 12:03:43;Grue kommune;http://www.grue.kommune.no;64;99;65;4;23;30;26;33;15;36
13462;09/14/2010 14:14:30;Gulen kommune;http://www.gulen.kommune.no/;76;99;77;5;24;30;27;33;25;36
13271;09/06/2010 10:40:07;Guovdageainnu suohkan - Kautokeino kommune;http://www.kautokeino.kommune.no/;39;99;39;2;17;30;18;33;4;36
13545;09/17/2010 20:01:28;Hadsel kommune;http://www.hadsel.kommune.no;62;99;63;4;18;30;18;33;26;36
13507;09/16/2010 10:33:31;Halden kommune;http://www.halden.kommune.no/;42;99;42;2;5;30;15;33;22;36
13751;09/27/2010 14:13:53;Halsa kommune;http://www.halsa.kommune.no/;63;99;64;4;22;30;20;33;21;36
13754;09/27/2010 15:40:06;Hamar kommune;http://www.hamar.kommune.no;63;99;64;4;16;30;19;33;28;36
13859;10/01/2010 12:24:28;Hamarøy kommune;http://www.hamaroy.kommune.no;93;99;94;6;30;30;29;33;34;36
13165;08/31/2010 17:48:17;Hammerfest kommune;http://www.hammerfest.kommune.no/;69;99;70;5;21;30;26;33;22;36
13785;09/29/2010 08:21:08;Haram kommune;http://www.haram.kommune.no/;65;99;66;4;21;30;19;33;25;36
13432;09/13/2010 15:57:53;Hareid kommune;http://www.hareid.kommune.no/;73;99;74;5;16;30;25;33;32;36
13535;09/17/2010 08:45:20;Harstad kommune;http://www.harstad.kommune.no/;86;99;87;6;28;30;28;33;30;36
13215;09/02/2010 13:38:31;Hasvik kommune;http://www.hasvik.kommune.no/;86;99;87;6;28;30;30;33;28;36
13858;10/01/2010 11:33:04;Hattfjelldal kommune;http://www.hattfjelldal.kommune.no;34;99;34;2;11;30;17;33;6;36
13786;09/29/2010 10:18:16;Haugesund kommune;http://www.haugesund.kommune.no;82;99;83;6;24;30;28;33;30;36
14077;10/11/2010 10:20:14;Havforskningsinstituttet;http://www.imr.no/;63;99;64;4;19;30;20;33;24;36
14156;10/14/2010 10:17:45;Hedmark fylkeskommune;http://www.hedmark.org;58;99;59;4;15;30;23;33;20;36
14360;10/20/2010 14:22:01;Helgelandssykehuset HF;http://www.hsyk.no/;68;99;69;4;21;30;24;33;23;36
14375;10/21/2010 09:31:51;Helse Bergen HF;http://www.helse-bergen.no/;55;99;56;3;14;30;19;33;22;36
14376;10/21/2010 11:24:56;Helse Finnmark HF;http://www.helse-finnmark.no/;61;99;62;4;17;30;22;33;22;36
14389;10/21/2010 15:30:59;Helse Fonna HF;http://www.helse-fonna.no;51;99;52;3;13;30;17;33;21;36
14390;10/21/2010 17:00:42;Helse Førde HF;http://www.helse-forde.no;55;99;56;3;12;30;22;33;21;36
14395;10/21/2010 19:24:45;Helse Midt-Norge RHF;http://www.helse-midt.no/;54;99;55;3;14;30;18;33;22;36
14428;10/22/2010 16:40:39;Helse Møre og Romsdal HF;http://www.helse-mr.no/;59;99;60;4;17;30;22;33;20;36
14405;10/22/2010 08:37:26;Helse Nord RHF;http://www.helse-nord.no/;69;99;70;5;19;30;25;33;25;36
14409;10/22/2010 10:02:45;Helse Nord Trøndelag HF;http://www.hnt.no/;51;99;52;3;15;30;15;33;21;36
14414;10/22/2010 12:33:01;Helse Nordmøre og Romsdal HF;http://www.helsenr.no;62;99;63;4;17;30;24;33;21;36
14058;10/08/2010 09:55:21;Helse- og omsorgsdepartementet;http://www.regjeringen.no/nb/dep/hod;80;99;81;6;28;30;29;33;23;36
14426;10/22/2010 14:10:46;Helse Stavanger HF;http://www.helse-stavanger.no/;55;99;56;3;15;30;19;33;21;36
14429;10/22/2010 18:35:59;Helse Sør-Øst RHF;http://www.helse-sorost.no;58;99;59;4;18;30;22;33;18;36
14430;10/22/2010 20:23:44;Helse Vest RHF;http://www.helse-vest.no/;51;99;52;3;13;30;17;33;21;36
14080;10/11/2010 11:49:06;Helsedirektoratet;http://www.helsedirektoratet.no/;60;99;61;4;10;30;24;33;26;36
13795;09/29/2010 12:18:41;Hemne kommune;http://www.hemne.kommune.no;63;99;64;4;17;30;23;33;23;36
13857;10/01/2010 10:03:12;Hemnes kommune;http://www.hemnes.kommune.no;59;99;60;4;24;30;23;33;12;36
13231;09/03/2010 12:45:29;Hemsedal kommune;http://www.hemsedal.kommune.no/;67;99;68;4;16;30;26;33;25;36
13431;09/13/2010 15:57:34;Herøy kommune (Møre og Romsdal);http://www.heroy.kommune.no/;74;99;75;5;24;30;21;33;29;36
13835;09/30/2010 15:31:48;Herøy kommune (Nordland);http://www.heroy-no.kommune.no;39;99;39;2;9;30;21;33;9;36
13798;09/29/2010 14:41:26;Hitra kommune;http://www.hitra.kommune.no/;55;99;56;3;12;30;20;33;23;36
13235;09/03/2010 13:47:21;Hjartdal kommune;http://www.hjartdal.kommune.no;37;99;37;2;8;30;19;33;10;36
13805;09/29/2010 17:57:12;Hjelmeland kommune;http://www.hjelmeland.kommune.no;74;99;75;5;26;30;21;33;27;36
13345;09/09/2010 08:27:56;Hobøl kommune;http://www.hobol.kommune.no;80;99;81;6;21;30;27;33;32;36
13815;09/30/2010 08:59:46;Hof kommune;http://www.hof.kommune.no;62;99;63;4;14;30;21;33;27;36
13232;09/03/2010 13:07:41;Hol kommune;http://www.hol.kommune.no;66;99;67;4;18;30;25;33;23;36
13817;09/30/2010 10:31:20;Hole kommune;http://www.hole.kommune.no/;81;99;82;6;23;30;29;33;29;36
13827;09/30/2010 13:35:24;Holmestrand kommune;http://www.holmestrand.kommune.no/;64;99;65;4;21;30;22;33;21;36
13836;09/30/2010 16:05:48;Holtålen kommune;http://www.holtalen.kommune.no/;55;99;56;3;16;30;25;33;14;36
14197;10/15/2010 16:39:25;Hordaland fylkeskommune;http://www.hordaland.no/;72;99;73;5;19;30;25;33;28;36
13615;09/21/2010 14:32:40;Hornindal kommune;http://www.hornindal.kommune.no;72;99;73;5;23;30;24;33;25;36
13837;09/30/2010 17:47:08;Horten kommune;http://www.horten.kommune.no/;63;99;64;4;19;30;17;33;27;36
13442;09/13/2010 16:30:46;Hurdal kommune;http://www.hurdal.kommune.no/;68;99;69;4;17;30;23;33;28;36
14377;10/21/2010 11:59:09;Hurum kommune;http://www.hurum.kommune.no;63;99;64;4;19;30;26;33;18;36
14069;10/08/2010 13:22:49;Husbanken;http://www.husbanken.no/;75;99;76;5;24;30;29;33;22;36
14385;10/21/2010 12:59:27;Hvaler kommune;http://www.hvaler.kommune.no/;61;99;62;4;17;30;22;33;22;36
13635;09/22/2010 08:51:53;Hyllestad kommune;http://www.hyllestad.kommune.no;68;99;69;4;27;30;20;33;21;36
13838;09/30/2010 18:43:31;Hægebostad kommune;http://www.haegebostad.kommune.no/;56;99;57;3;18;30;21;33;17;36
14524;10/25/2010 15:37:21;Høgskolen i Bergen;http://www.hib.no/;89;99;90;6;29;30;28;33;32;36
14485;10/24/2010 19:38:23;Høgskolen i Buskerud, Kongsberg;http://www.hibu.no/;76;99;77;5;25;30;25;33;26;36
14486;10/24/2010 19:38:35;Høgskolen i Finnmark;http://www.hifm.no/;64;99;65;4;16;30;25;33;23;36
14487;10/24/2010 19:38:41;Høgskolen i Gjøvik;http://www.hig.no/;56;99;57;3;18;30;17;33;21;36
14488;10/24/2010 19:38:46;Høgskolen i Harstad;http://www.hih.no/;53;99;54;3;11;30;20;33;22;36
14489;10/24/2010 19:38:53;Høgskolen i Hedmark;http://www.hihm.no/;63;99;64;4;22;30;17;33;24;36
14535;10/26/2010 08:07:56;Høgskolen i Lillehammer;http://www.hil.no/;61;99;62;4;16;30;23;33;22;36
14490;10/24/2010 19:39:01;Høgskolen i Molde;http://www.himolde.no/;60;99;61;4;18;30;20;33;22;36
14491;10/24/2010 19:39:07;Høgskolen i Narvik;http://www.hin.no/;43;99;43;3;14;30;10;33;19;36
14492;10/24/2010 19:41:22;Høgskolen i Nesna;http://www.hinesna.no;54;99;55;3;12;30;20;33;22;36
14536;10/26/2010 09:02:53;Høgskolen i Nord-Trøndelag;http://www.hint.no;68;99;69;4;21;30;23;33;24;36
14538;10/26/2010 11:11:20;Høgskolen i Oslo og Akershus;http://www.hioa.no/;71;99;72;5;22;30;25;33;24;36
14545;10/26/2010 14:40:41;Høgskolen i Sogn og Fjordane;http://www.hisf.no;63;99;64;4;17;30;27;33;19;36
14556;10/26/2010 17:39:33;Høgskolen i Stord/Haugesund;http://www.hsh.no;79;99;80;6;25;30;28;33;26;36
14568;10/27/2010 08:23:29;Høgskolen i Sør-Trøndelag;http://www.hist.no/;60;99;61;4;13;30;20;33;27;36
14569;10/27/2010 08:24:08;Høgskolen i Telemark;http://www.hit.no/;68;99;69;4;20;30;25;33;23;36
14570;10/27/2010 08:24:26;Høgskolen i Vestfold;http://www.hive.no/;68;99;69;4;19;30;24;33;25;36
14571;10/27/2010 08:24:40;Høgskolen i Volda;http://www.hivolda.no/;69;99;70;5;22;30;23;33;24;36
14572;10/27/2010 08:24:58;Høgskolen i Østfold;http://www.hiof.no/;52;99;53;3;8;30;17;33;27;36
14573;10/27/2010 08:25:22;Høgskolen i Ålesund;http://www.hials.no/;69;99;70;5;17;30;27;33;25;36
14387;10/21/2010 13:50:43;Høyanger kommune;http://www.hoyanger.kommune.no;69;99;70;5;27;30;21;33;21;36
13845;09/30/2010 20:38:34;Høylandet kommune;http://www.hoylandet.kommune.no/;62;99;63;4;19;30;15;33;28;36
13855;10/01/2010 09:58:45;Hå kommune;http://www.ha.kommune.no/;61;99;62;4;21;30;21;33;19;36
13527;09/16/2010 20:49:20;Ibestad kommune;http://www.ibestad.kommune.no/;54;99;55;3;22;30;24;33;8;36
14071;10/08/2010 14:34:49;IFE - Institutt for energiteknikk;http://www.ife.no;44;99;44;3;14;30;22;33;8;36
14001;10/06/2010 14:41:26;IMDi - Integrerings- og mangfoldsdirektoratet;http://www.imdi.no/;54;99;55;3;13;30;21;33;20;36
13885;10/02/2010 15:13:50;Inderøy kommune;http://www.inderoy.kommune.no/;76;99;77;5;25;30;24;33;27;36
14085;10/11/2010 15:05:37;Innovasjon Norge;http://www.invanor.no/;56;99;57;3;12;30;22;33;22;36
13895;10/03/2010 16:55:54;Iveland kommune;http://www.iveland.kommune.no;41;99;41;2;16;30;13;33;12;36
14065;10/08/2010 11:49:13;Jernbaneverket;http://www.jernbaneverket.no/;58;99;59;4;14;30;26;33;18;36
13916;10/04/2010 12:48:14;Jevnaker kommune;http://www.jevnaker.kommune.no/;49;99;49;3;10;30;18;33;21;36
13997;10/06/2010 12:52:14;Jondal kommune;http://www.jondal.kommune.no/;52;99;53;3;24;30;16;33;12;36
14108;10/12/2010 10:20:39;Justervesenet;http://www.justervesenet.no/;67;99;68;4;24;30;26;33;17;36
14066;10/08/2010 11:53:34;Justis- og beredskapsdepartementet;http://www.regjeringen.no/nb/dep/jd;77;99;78;5;25;30;29;33;23;36
13637;09/22/2010 10:29:14;Jølster kommune;http://www.jolster.kommune.no/;74;99;75;5;27;30;22;33;25;36
13227;09/03/2010 11:38:10;Karasjok kommune - Kárásjoga gielda;http://www.karasjok.kommune.no/;39;99;39;2;8;30;20;33;11;36
13518;09/16/2010 13:49:46;Karlsøy kommune;http://www.karlsoy.kommune.no;49;99;49;3;20;30;23;33;6;36
13925;10/04/2010 14:04:55;Karmøy kommune;http://www.karmoy.kommune.no;78;99;79;5;26;30;27;33;25;36
14520;10/25/2010 14:45:25;Klagenemnda for offentlige anskaffelser;http://www.kofa.no;67;99;68;4;23;30;28;33;16;36
14388;10/21/2010 14:01:11;Klepp kommune;http://www.klepp.kommune.no/;81;99;82;6;30;30;23;33;28;36
14541;10/26/2010 13:02:19;Klima- og forurensningsdirektoratet;Nedlagt;85;99;86;6;26;30;29;33;30;36
13947;10/05/2010 08:52:10;Klæbu kommune;http://www.klabu.kommune.no/;63;99;64;4;14;30;21;33;28;36
14067;10/08/2010 12:40:26;Kommunal- og regionaldepartementet;http://www.regjeringen.no/nb/dep/krd;78;99;79;5;28;30;27;33;23;36
14140;10/13/2010 11:16:13;Konfliktrådet;http://www.konfliktraadet.no/;30;99;30;1;10;30;15;33;5;36
13958;10/05/2010 13:13:32;Kongsberg kommune;http://www.kongsberg.kommune.no;43;99;43;3;10;30;10;33;23;36
14519;10/25/2010 14:37:34;Kongsvinger kommune;http://www.kongsvinger.kommune.no;85;99;86;6;28;30;24;33;33;36
14137;10/13/2010 09:37:08;Konkurransetilsynet;http://www.konkurransetilsynet.no/;69;99;70;5;28;30;29;33;12;36
13268;09/06/2010 10:19:10;Kragerø kommune;http://www.kragero.kommune.no;80;99;81;6;23;30;28;33;29;36
14172;10/14/2010 15:08:44;Kristiansand kommune;http://www.kristiansand.kommune.no;76;99;77;5;25;30;25;33;26;36
13989;10/06/2010 10:59:02;Kristiansund kommune;http://www.kristiansund.kommune.no;71;99;72;5;25;30;23;33;23;36
13995;10/06/2010 12:18:38;Krødsherad kommune;http://www.krodsherad.kommune.no/;46;99;46;3;14;30;14;33;18;36
14171;10/14/2010 14:58:02;Kulturdepartementet;http://www.regjeringen.no/nb/dep/kud;75;99;76;5;26;30;30;33;19;36
14189;10/15/2010 10:10:15;Kunnskapsdepartementet;http://www.regjeringen.no/nb/dep/kd;77;99;78;5;27;30;27;33;23;36
14506;10/25/2010 09:07:18;Kunsthøgskolen i Bergen;http://www.khib.no/;60;99;61;4;20;30;25;33;15;36
14507;10/25/2010 09:07:35;Kunsthøgskolen i Oslo;http://www.khio.no/;55;99;56;3;11;30;24;33;20;36
13272;09/06/2010 10:57:39;Kvalsund kommune;http://www.kvalsund.kommune.no/;63;99;64;4;24;30;27;33;12;36
14000;10/06/2010 14:24:08;Kvam herad;http://www.kvam.kommune.no;35;99;35;2;4;30;16;33;15;36
13999;10/06/2010 13:30:33;Kvinesdal kommune;http://www.kvinesdal.kommune.no;68;99;69;4;21;30;23;33;24;36
14006;10/07/2010 09:12:58;Kvinnherad kommune;http://www.kvinnherad.kommune.no/;65;99;66;4;18;30;23;33;24;36
13234;09/03/2010 13:46:55;Kviteseid kommune;http://www.kviteseid.kommune.no;60;99;61;4;17;30;22;33;21;36
14095;10/11/2010 19:49:04;Kvitsøy kommune;http://www.kvitsoy.kommune.no/;48;99;48;3;13;30;18;33;17;36
13516;09/16/2010 12:48:44;Kvæfjord kommune;http://www.kvafjord.kommune.no/;53;99;54;3;17;30;19;33;17;36
13506;09/16/2010 10:22:40;Kvænangen kommune;http://www.kvanangen.kommune.no;65;99;66;4;22;30;30;33;13;36
14070;10/08/2010 14:11:07;Kystdirektoratet;http://www.kystverket.no/;41;99;41;2;3;30;20;33;18;36
13539;09/17/2010 12:24:16;Kåfjord kommune - Gáivuotna suohkan;http://www.kafjord.kommune.no;77;99;78;5;24;30;31;33;22;36
14525;10/25/2010 19:02:06;Landbruks- og matdepartementet;http://www.regjeringen.no/nb/dep/lmd;89;99;90;6;30;30;32;33;27;36
14105;10/12/2010 07:59:56;Lardal kommune;http://www.lardal.kommune.no/;78;99;79;5;22;30;25;33;31;36
14107;10/12/2010 09:42:47;Larvik kommune;http://www.larvik.kommune.no/;72;99;73;5;17;30;25;33;30;36
13501;09/15/2010 15:40:37;Lavangen kommune;http://www.lavangen.kommune.no;38;99;38;2;13;30;17;33;8;36
13274;09/06/2010 13:24:27;Lebesby kommune;http://www.lebesby.kommune.no;57;99;58;4;17;30;28;33;12;36
14745;11/12/2010 13:00:26;Leikanger kommune;http://www.leikanger.kommune.no;87;99;88;6;29;30;30;33;28;36
13828;09/30/2010 14:21:34;Leirfjord kommune;http://www.leirfjord.kommune.no/;33;99;33;2;9;30;17;33;7;36
14115;10/12/2010 12:54:33;Leka kommune;http://www.leka.kommune.no/;22;99;22;1;9;30;12;33;1;36
13247;09/03/2010 17:23:47;Leksvik kommune;http://www.leksvik.kommune.no/;67;99;68;4;18;30;28;33;21;36
13500;09/15/2010 15:03:08;Lenvik kommune;http://www.lenvik.kommune.no/;78;99;79;5;26;30;25;33;27;36
14116;10/12/2010 14:29:45;Lesja kommune;http://www.lesja.kommune.no;48;99;48;3;10;30;15;33;23;36
13439;09/13/2010 16:29:07;Levanger kommune;http://www.levanger.kommune.no/;80;99;81;6;23;30;27;33;30;36
14117;10/12/2010 15:53:20;Lier kommune;http://www.lier.kommune.no/;58;99;59;4;16;30;19;33;23;36
14136;10/13/2010 09:26:43;Lierne kommune;http://www.lierne.kommune.no/;69;99;70;5;20;30;20;33;29;36
14139;10/13/2010 10:10:22;Likestillings- og diskrimineringsombudet;http://www.ldo.no/;83;99;84;6;28;30;27;33;28;36
14145;10/13/2010 12:45:06;Lillehammer kommune;http://www.lillehammer.kommune.no/;62;99;63;4;15;30;22;33;25;36
13435;09/13/2010 16:08:37;Lillesand kommune;http://www.lillesand.kommune.no/;75;99;76;5;27;30;22;33;26;36
14152;10/13/2010 15:31:56;Lindesnes kommune;http://www.lindesnes.kommune.no/;69;99;70;5;21;30;24;33;24;36
14008;10/07/2010 10:24:55;Lindås kommune;http://www.lindas.kommune.no/;66;99;67;4;23;30;15;33;28;36
14153;10/13/2010 18:11:15;Lom kommune;http://lom.kommune.no;91;99;92;6;28;30;32;33;31;36
14540;10/26/2010 12:55:24;Longyearbyen lokalstyre;http://www.lokalstyre.no/ ;55;99;56;3;13;30;17;33;25;36
13276;09/06/2010 14:36:47;Loppa kommune;http://www.loppa.kommune.no/;61;99;62;4;22;30;25;33;14;36
14146;10/13/2010 13:06:23;Lotteri- og stiftelsestilsynet;http://www.lotteritilsynet.no/;57;99;58;4;21;30;26;33;10;36
14150;10/13/2010 14:20:11;Lovdata;http://www.lovdata.no/;47;99;47;3;9;30;19;33;19;36
14149;10/13/2010 13:47:12;Luftfartstilsynet;http://www.luftfartstilsynet.no/;44;99;44;3;4;30;21;33;19;36
14155;10/14/2010 08:39:52;Lund kommune;http://www.lund.kommune.no/;53;99;54;3;10;30;23;33;20;36
14165;10/14/2010 12:07:40;Lunner kommune;http://www.lunner.kommune.no;71;99;72;5;20;30;25;33;26;36
13826;09/30/2010 12:57:42;Lurøy kommune;http://www.luroy.kommune.no/;43;99;43;3;20;30;17;33;6;36
14748;11/12/2010 13:07:47;Luster kommune;http://www.luster.kommune.no/;86;99;87;6;29;30;29;33;28;36
14169;10/14/2010 13:59:19;Lyngdal kommune;http://www.lyngdal.kommune.no/;69;99;70;5;20;30;25;33;24;36
13498;09/15/2010 13:54:04;Lyngen kommune;http://www.lyngen.kommune.no/;65;99;66;4;20;30;28;33;17;36
13747;09/27/2010 13:50:35;Lærdal kommune;http://www.laerdal.kommune.no/;74;99;75;5;28;30;22;33;24;36
13825;09/30/2010 11:43:05;Lødingen kommune;http://www.lodingen.kommune.no/;53;99;54;3;24;30;23;33;6;36
14173;10/14/2010 15:10:18;Lørenskog kommune;http://www.lorenskog.kommune.no/;63;99;64;4;23;30;16;33;24;36
13755;09/27/2010 17:01:58;Løten kommune;http://www.loten.kommune.no/;56;99;57;3;19;30;18;33;19;36
14188;10/15/2010 09:29:26;Malvik kommune;http://www.malvik.kommune.no;42;99;42;2;4;30;13;33;25;36
14190;10/15/2010 10:44:01;Mandal kommune;http://www.mandal.kommune.no/;71;99;72;5;21;30;25;33;25;36
14151;10/13/2010 14:53:15;Markedsrådet;http://www.markedsradet.no/;38;99;38;2;13;30;17;33;8;36
13358;09/09/2010 10:37:55;Marker kommune;http://www.marker.kommune.no;84;99;85;6;24;30;26;33;34;36
14191;10/15/2010 12:13:58;Marnardal kommune;http://www.marnardal.kommune.no/;66;99;67;4;20;30;20;33;26;36
14011;10/07/2010 10:46:54;Masfjorden kommune;http://www.masfjorden.kommune.no/;63;99;64;4;25;30;20;33;18;36
14166;10/14/2010 12:33:02;Matportalen.no;http://matportalen.no/;61;99;62;4;13;30;18;33;30;36
14167;10/14/2010 13:10:13;Mattilsynet;http://www.mattilsynet.no/;51;99;52;3;10;30;24;33;17;36
14557;10/26/2010 18:53:06;Medietilsynet;http://www.medietilsynet.no/;65;99;66;4;20;30;29;33;16;36
14026;10/07/2010 12:24:35;Meland kommune;http://www.meland.kommune.no/;46;99;46;3;15;30;13;33;18;36
14195;10/15/2010 14:05:07;Meldal kommune;http://www.meldal.kommune.no/;41;99;41;2;9;30;21;33;11;36
14205;10/16/2010 09:46:37;Melhus kommune;http://www.melhus.kommune.no/;49;99;49;3;14;30;14;33;21;36
13816;09/30/2010 10:00:30;Meløy kommune;http://www.meloy.kommune.no/;72;99;73;5;28;30;22;33;22;36
14206;10/16/2010 11:15:22;Meråker kommune;http://www.meraker.kommune.no/;40;99;40;2;7;30;13;33;20;36
14207;10/16/2010 12:02:04;Midsund kommune;http://www.midsund.kommune.no/;55;99;56;3;18;30;25;33;12;36
14208;10/16/2010 14:27:46;Midtre Gauldal kommune;http://www.midtre-gauldal.kommune.no;51;99;52;3;17;30;19;33;15;36
13985;10/06/2010 09:05:58;Miljødirektoratet;http://www.miljodirektoratet.no/;73;99;74;5;25;30;27;33;21;36
14526;10/25/2010 19:41:47;Miljøverndepartementet;http://www.regjeringen.no/nb/dep/md;83;99;84;6;30;30;30;33;23;36
14027;10/07/2010 12:41:11;Modalen kommune;http://www.modalen.kommune.no/;54;99;55;3;20;30;13;33;21;36
14209;10/16/2010 15:57:33;Modum kommune;http://www.modum.kommune.no/;78;99;79;5;29;30;26;33;23;36
14210;10/16/2010 17:16:15;Molde kommune;http://www.molde.kommune.no/;62;99;63;4;14;30;23;33;25;36
13797;09/29/2010 14:07:53;Moskenes kommune;http://www.moskenes.kommune.no;43;99;43;3;17;30;17;33;9;36
14055;10/08/2010 08:43:26;Moss kommune;http://www.moss.kommune.no/;74;99;75;5;26;30;23;33;25;36
14299;10/19/2010 09:53:50;Møre og Romsdal fylkeskommune;http://www.mrfylke.no;54;99;55;3;16;30;19;33;19;36
13466;09/14/2010 20:46:43;Målselv kommune;http://www.malselv.kommune.no;53;99;54;3;19;30;24;33;10;36
13295;09/07/2010 10:22:32;Måsøy kommune;http://www.masoy.kommune.no/;68;99;69;4;21;30;26;33;21;36
14211;10/16/2010 18:35:19;Namdalseid kommune;http://www.namdalseid.kommune.no/;69;99;70;5;23;30;21;33;25;36
14068;10/08/2010 13:00:38;Namsos kommune;http://www.namsos.kommune.no;75;99;76;5;24;30;23;33;28;36
14076;10/11/2010 09:48:23;Namsskogan kommune;http://www.namsskogan.kommune.no/;60;99;61;4;22;30;16;33;22;36
13441;09/13/2010 16:30:12;Nannestad kommune;http://www.nannestad.kommune.no/;65;99;66;4;20;30;17;33;28;36
13796;09/29/2010 12:50:48;Narvik kommune;http://www.narvik.kommune.no/;58;99;59;4;24;30;13;33;21;36
14702;10/29/2010 15:19:56;Nasjonal sikkerhetsmyndighet;http://www.nsm.stat.no/;47;99;47;3;20;30;19;33;8;36
14225;10/17/2010 09:10:57;Nasjonalt folkehelseinstitutt;http://www.fhi.no/;71;99;72;5;21;30;23;33;27;36
13639;09/22/2010 12:33:50;Naustdal kommune;http://www.naustdal.kommune.no;73;99;74;5;26;30;21;33;26;36
14235;10/17/2010 10:37:07;Nedre Eiker kommune;http://www.nedre-eiker.kommune.no/;71;99;72;5;23;30;24;33;24;36
13440;09/13/2010 16:29:41;Nes kommune (Akershus);http://www.nes-ak.kommune.no/;72;99;73;5;16;30;25;33;31;36
13226;09/03/2010 11:27:22;Nes kommune (Buskerud);http://www.nes-bu.kommune.no;66;99;67;4;15;30;25;33;26;36
13775;09/28/2010 15:20:37;Nesna kommune;http://www.nesna.kommune.no/;48;99;48;3;24;30;21;33;3;36
14245;10/17/2010 18:47:08;Nesodden kommune;http://www.nesodden.kommune.no/;82;99;83;6;26;30;26;33;30;36
13306;09/07/2010 12:32:06;Nesseby kommune - Unjárgga gielda;http://www.nesseby.kommune.no/;62;99;63;4;23;30;28;33;11;36
14078;10/11/2010 10:21:18;Nesset kommune;http://www.nesset.kommune.no;71;99;72;5;25;30;21;33;25;36
14483;10/24/2010 19:34:32;NGU - Norges geologiske undersøkelse;http://www.ngu.no;79;99;80;6;24;30;29;33;26;36
14157;10/14/2010 10:27:32;NIBR - Norsk institutt for by- og regionforskning;http://www.nibr.no/;50;99;51;3;17;30;25;33;8;36
14198;10/15/2010 18:32:03;NIFU - Norsk institutt for studier av forskning og utdanning;http://www.nifu.no/;31;99;31;2;6;30;16;33;9;36
14199;10/15/2010 19:18:46;NILU - Norsk institutt for luftforskning;http://www.nilu.no;37;99;37;2;8;30;22;33;7;36
14215;10/16/2010 21:59:09;NINA - Norsk institutt for naturforskning;http://www.nina.no;46;99;46;3;14;30;24;33;8;36
13237;09/03/2010 13:48:53;Nissedal kommune;http://www.nissedal.kommune.no;64;99;65;4;17;30;23;33;24;36
14246;10/17/2010 20:11:14;Nittedal kommune;http://www.nittedal.kommune.no/;74;99;75;5;25;30;24;33;25;36
14257;10/18/2010 09:27:31;NIVA - Norsk institutt for vannforskning;http://www.niva.no/;47;99;47;3;13;30;25;33;9;36
13376;09/10/2010 13:30:21;Nome kommune;http://www.nome.kommune.no/;70;99;71;5;26;30;25;33;19;36
13521;09/16/2010 15:34:05;Nord-Aurdal kommune;http://www.nord-aurdal.kommune.no/;65;99;66;4;25;30;22;33;18;36
14079;10/11/2010 10:52:08;Norddal kommune;http://www.norddal.kommune.no/;55;99;56;3;24;30;13;33;18;36
14255;10/18/2010 08:07:53;Nord-Fron kommune;http://www.nord-fron.kommune.no/;79;99;80;6;24;30;25;33;30;36
13335;09/08/2010 12:24:50;Nordkapp kommune;http://www.nordkapp.kommune.no;51;99;52;3;14;30;23;33;14;36
14170;10/14/2010 14:03:37;Nordland fylkeskommune;http://www.nfk.no/;53;99;54;3;17;30;14;33;22;36
14359;10/20/2010 14:21:50;Nordlandssykehuset HF;http://www.nordlandssykehuset.no;66;99;67;4;21;30;23;33;22;36
14256;10/18/2010 08:09:03;Nord-Odal kommune;http://www.nord-odal.kommune.no/;55;99;56;3;15;30;17;33;23;36
14258;10/18/2010 10:04:56;Nordre Land kommune;http://www.nordre-land.kommune.no/;72;99;73;5;21;30;26;33;25;36
13485;09/15/2010 10:44:24;Nordreisa kommune;http://www.nordreisa.kommune.no;71;99;72;5;23;30;28;33;20;36
14555;10/26/2010 17:12:47;Nord-Trøndelag fylkeskommune;http://www.ntfk.no/;61;99;62;4;16;30;22;33;23;36
14757;11/16/2010 10:48:28;Nore og Uvdal kommune;http://www.nore-og-uvdal.kommune.no/;63;99;64;4;21;30;20;33;22;36
14196;10/15/2010 15:48:55;Norge.no;http://www.norge.no;67;99;68;4;19;30;23;33;25;36
14265;10/18/2010 10:49:48;Norges Bank;http://www.norges-bank.no/;76;99;77;5;27;30;25;33;24;36
14268;10/18/2010 14:02:31;Norges forskningsråd;http://www.forskningsradet.no/;69;99;70;5;21;30;26;33;22;36
14566;10/27/2010 08:19:11;Norges Handelshøyskole;http://www.nhh.no/;50;99;51;3;12;30;14;33;24;36
14528;10/25/2010 20:59:14;Norges Høyesterett;http://www.hoyesterett.no/;56;99;57;3;10;30;25;33;21;36
14515;10/25/2010 13:03:01;Norges idrettshøgskole;http://www.nih.no/;62;99;63;4;13;30;26;33;23;36
14482;10/24/2010 19:34:08;Norges musikkhøgskole;http://www.nmh.no/;52;99;53;3;10;30;21;33;21;36
14477;10/24/2010 19:31:52;Norges veterinærhøgskole;http://www.veths.no/;44;99;44;3;11;30;18;33;15;36
14298;10/19/2010 09:19:09;Norsk Designråd;http://www.norskdesign.no;64;99;65;4;23;30;24;33;17;36
14302;10/19/2010 10:14:21;Norsk Form;http://www.norskform.no;62;99;63;4;23;30;23;33;16;36
14315;10/19/2010 12:01:50;Norsk kulturråd;http://www.kulturrad.no/;57;99;58;4;24;30;23;33;10;36
14481;10/24/2010 19:33:37;Norsk pasientskadeerstatning;http://www.npe.no/;56;99;57;3;12;30;17;33;27;36
14266;10/18/2010 12:45:15;Notodden kommune;http://www.notodden.kommune.no/;40;99;40;2;8;30;13;33;19;36
14321;10/19/2010 13:44:22;NOVA - Norsk institutt for forskning om oppvekst, velferd og;http://www.nova.no/;67;99;68;4;16;30;29;33;22;36
14704;10/29/2010 16:36:54;NSB - Norges Statsbaner;http://www.nsb.no/;70;99;71;5;26;30;25;33;19;36
14499;10/24/2010 20:10:43;NTNU - Norges teknisk-naturvitenskapelige universitet;http://www.ntnu.no;67;99;68;4;18;30;25;33;24;36
14324;10/19/2010 15:01:34;NUPI - Norsk utenrikspolitisk institutt;http://www.nupi.no/;73;99;74;5;24;30;28;33;21;36
14408;10/22/2010 09:59:51;NVE - Norges vassdrags- og energidirektorat;http://www.nve.no/;67;99;68;4;20;30;25;33;22;36
14527;10/25/2010 20:16:42;Nærings- og handelsdepartementet;http://www.regjeringen.no/nb/dep/nhd;75;99;76;5;25;30;28;33;22;36
14081;10/11/2010 12:51:23;Nærøy kommune;http://www.naroy.kommune.no/;31;99;31;2;7;30;6;33;18;36
14269;10/18/2010 14:36:35;Nøtterøy kommune;http://www.notteroy.kommune.no/;66;99;67;4;20;30;22;33;24;36
14082;10/11/2010 13:24:24;Odda kommune;http://www.odda.kommune.no/;53;99;54;3;18;30;14;33;21;36
14529;10/25/2010 21:08:10;Olje- og energidepartementet;http://www.regjeringen.no/nb/dep/oed;72;99;73;5;24;30;28;33;20;36
14410;10/22/2010 10:30:00;Oljedirektoratet;http://www.npd.no;78;99;79;5;26;30;29;33;23;36
14083;10/11/2010 13:45:27;Oppdal kommune;http://www.oppdal.kommune.no/;68;99;69;4;20;30;24;33;24;36
14275;10/18/2010 16:40:33;Oppegård kommune;http://www.oppegard.kommune.no/;76;99;77;5;23;30;24;33;29;36
14427;10/22/2010 16:04:15;Oppland fylkeskommune;http://www.oppland.no;80;99;81;6;22;30;24;33;34;36
14084;10/11/2010 14:30:44;Orkdal kommune;http://www.orkdal.kommune.no;65;99;66;4;19;30;21;33;25;36
14276;10/18/2010 18:39:00;Os kommune (Hedmark);http://www.os.kommune.no/symfonios/portal.nsf/WebInterMainFrameset?OpenFrameset;61;99;62;4;16;30;23;33;22;36
14106;10/12/2010 09:28:24;Os kommune (Hordaland);http://www.os.hordaland.no/;72;99;73;5;27;30;19;33;26;36
13371;09/10/2010 12:47:04;Osen kommune;http://www.osen.kommune.no/;62;99;63;4;16;30;25;33;21;36
14295;10/19/2010 08:31:06;Oslo kommune;http://www.oslo.kommune.no/;63;99;64;4;12;30;22;33;29;36
14362;10/20/2010 14:22:49;Oslo Universitetssykehus HF;http://www.oslo-universitetssykehus.no;66;99;67;4;20;30;18;33;28;36
14135;10/13/2010 09:09:04;Osterøy kommune;http://www.osteroy.kommune.no/;53;99;54;3;20;30;16;33;17;36
14138;10/13/2010 10:05:00;Overhalla kommune;http://www.overhalla.kommune.no/;67;99;68;4;16;30;23;33;28;36
14411;10/22/2010 11:15:25;Pasientskadenemnda;http://www.pasientskadenemda.no;45;99;45;3;20;30;20;33;5;36
14412;10/22/2010 11:47:13;Patentstyret (Styret for det industrielle rettsvern);http://www.patentstyret.no;61;99;62;4;11;30;28;33;22;36
14472;10/24/2010 16:00:17;Pensjonstrygden for sjømenn;http://www.pts.no/;54;99;55;3;19;30;25;33;10;36
14413;10/22/2010 12:20:01;Petroleumstilsynet;http://www.ptil.no/;67;99;68;4;24;30;26;33;17;36
14415;10/22/2010 13:09:12;Politidirektoratet;http://www.politi.no/;61;99;62;4;17;30;26;33;18;36
14473;10/24/2010 16:00:30;Politihøgskolen;http://www.phs.no/;64;99;65;4;26;30;24;33;14;36
13337;09/08/2010 14:19:51;Porsanger kommune - Porsánjggu gielda - Porsangin komuuni;http://www.porsanger.kommune.no/;47;99;47;3;15;30;25;33;7;36
14406;10/22/2010 09:20:12;Porsgrunn kommune;http://www.porsgrunn.kommune.no/;94;99;95;6;28;30;32;33;34;36
14425;10/22/2010 14:06:51;Post- og teletilsynet;http://www.npt.no/;44;99;44;3;15;30;18;33;11;36
14475;10/24/2010 19:29:58;Psykiatrien i Vestfold HF;http://www.piv.no/filer/index.asp;67;99;68;4;22;30;24;33;21;36
14168;10/14/2010 13:25:39;Radøy kommune;http://www.radoy.kommune.no;87;99;88;6;27;30;28;33;32;36
13361;09/09/2010 14:10:13;Rakkestad kommune;http://www.rakkestad.kommune.no;74;99;75;5;20;30;26;33;28;36
13766;09/28/2010 13:54:04;Rana kommune;http://www.rana.kommune.no;57;99;58;4;15;30;22;33;20;36
14301;10/19/2010 10:05:44;Randaberg kommune;http://www.randaberg.kommune.no/;54;99;55;3;17;30;17;33;20;36
14147;10/13/2010 13:13:51;Rauma kommune;http://www.rauma.kommune.no;60;99;61;4;22;30;17;33;21;36
14073;10/08/2010 15:12:50;Re kommune;http://www.re.kommune.no/;71;99;72;5;26;30;19;33;26;36
14465;10/24/2010 10:19:03;Regelhjelp;http://www.regelhjelp.no;68;99;69;4;15;30;26;33;27;36
13197;09/01/2010 16:51:12;Rendalen kommune;http://www.rendalen.kommune.no/;35;99;35;2;11;30;12;33;12;36
14158;10/14/2010 10:36:19;Rennebu kommune;http://www.rennebu.kommune.no/;51;99;52;3;15;30;16;33;20;36
13779;09/28/2010 16:25:03;Rennesøy kommune;http://www.rennesoy.kommune.no/;40;99;40;2;9;30;9;33;22;36
14467;10/24/2010 10:54:51;Riksantikvaren;http://www.riksantikvaren.no/;70;99;71;5;21;30;27;33;22;36
14500;10/24/2010 21:14:52;Riksarkivet;http://www.arkivverket.no/;63;99;64;4;23;30;24;33;16;36
14470;10/24/2010 15:58:48;Rikskonsertene;http://www.rikskonsertene.no;38;99;38;2;14;30;19;33;5;36
14505;10/25/2010 08:27:31;Riksmeklingsmannen;http://www.riksmeklingsmannen.no;51;99;52;3;21;30;16;33;14;36
14510;10/25/2010 09:49:20;Riksrevisjonen;http://www.riksrevisjonen.no/;62;99;63;4;12;30;28;33;22;36
14471;10/24/2010 15:59:19;Riksteatret;http://www.riksteatret.no/;29;99;29;1;10;30;12;33;7;36
14185;10/15/2010 08:44:28;Rindal kommune;http://www.rindal.kommune.no;67;99;68;4;25;30;21;33;21;36
14072;10/08/2010 14:40:49;Ringebu kommune;http://www.ringebu.kommune.no/;60;99;61;4;18;30;20;33;22;36
14046;10/07/2010 18:17:23;Ringerike kommune;http://www.ringerike.kommune.no/;57;99;58;4;19;30;21;33;17;36
14045;10/07/2010 17:26:09;Ringsaker kommune;http://www.ringsaker.kommune.no;36;99;36;2;8;30;15;33;13;36
13378;09/10/2010 14:04:15;Rissa kommune;http://www.rissa.kommune.no;62;99;63;4;18;30;22;33;22;36
14037;10/07/2010 15:00:42;Risør kommune;http://www.risor.kommune.no/;45;99;45;3;15;30;19;33;11;36
13415;09/13/2010 13:20:17;Roan kommune;http://www.roan.kommune.no/;62;99;63;4;20;30;24;33;18;36
14575;10/27/2010 09:29:51;Rogaland fylkeskommune;http://www.rogaland.no/;64;99;65;4;18;30;23;33;23;36
13556;09/19/2010 10:47:06;Rollag kommune;http://www.rollag.kommune.no/;64;99;65;4;18;30;22;33;24;36
14478;10/24/2010 19:31:57;Rusbehandling Midt Norge HF;http://www.rus-midt.no;54;99;55;3;12;30;20;33;22;36
14186;10/15/2010 08:49:18;Rygge kommune;http://www.rygge.kommune.no/;72;99;73;5;26;30;23;33;23;36
14035;10/07/2010 14:17:04;Rælingen kommune;http://www.ralingen.kommune.no;67;99;68;4;21;30;21;33;25;36
13765;09/28/2010 12:04:15;Rødøy kommune;http://www.rodoy.kommune.no/;46;99;46;3;24;30;14;33;8;36
13367;09/10/2010 10:21:30;Rømskog kommune;http://www.romskog.kommune.no;68;99;69;4;23;30;26;33;19;36
14187;10/15/2010 09:25:35;Røros kommune;http://www.roros.kommune.no;59;99;60;4;16;30;21;33;22;36
13753;09/27/2010 15:11:42;Røst kommune;http://www.rost.kommune.no/;39;99;39;2;17;30;14;33;8;36
13429;09/13/2010 15:52:13;Røyken kommune;http://www.royken.kommune.no/;59;99;60;4;13;30;23;33;23;36
14193;10/15/2010 13:13:15;Røyrvik kommune;http://www.royrvik.kommune.no/;59;99;60;4;18;30;15;33;26;36
14508;10/25/2010 09:16:56;Råde kommune;http://www.rade.kommune.no/;83;99;84;6;26;30;25;33;32;36
13465;09/14/2010 17:58:40;Salangen kommune;http://www.salangen.kommune.no/;92;99;93;6;28;30;30;33;34;36
13752;09/27/2010 14:31:13;Saltdal kommune;http://www.saltdal.kommune.no/;38;99;38;2;15;30;15;33;8;36
14565;10/27/2010 08:18:24;Sametinget - Sámediggi;http://www.samediggi.no/;76;99;77;5;26;30;20;33;30;36
14530;10/25/2010 21:43:01;Samferdselsdepartementet;http://www.regjeringen.no/nb/dep/sd;81;99;82;6;27;30;30;33;24;36
14029;10/07/2010 13:31:49;Samisk høgskole - Sámi allaskuvla;http://www.samiskhs.no/;43;99;43;3;11;30;14;33;18;36
14194;10/15/2010 13:41:28;Samnanger kommune;http://www.samnanger.kommune.no;67;99;68;4;27;30;21;33;19;36
14514;10/25/2010 12:27:11;Samordna opptak;http://www.samordnaopptak.no;62;99;63;4;18;30;28;33;16;36
13929;10/04/2010 16:09:27;Sande kommune (Møre og Romsdal);http://www.sande-mr.kommune.no/;43;99;43;3;12;30;17;33;14;36
13778;09/28/2010 16:23:21;Sande kommune (Vestfold);http://www.sande-ve.kommune.no/;69;99;70;5;23;30;20;33;26;36
13777;09/28/2010 16:22:35;Sandefjord kommune;http://www.sandefjord.kommune.no;72;99;73;5;24;30;25;33;23;36
13928;10/04/2010 15:31:10;Sandnes kommune;http://www.sandnes.kommune.no/;63;99;64;4;18;30;19;33;26;36
14267;10/18/2010 13:25:14;Sandøy kommune;http://www.sandoy.kommune.no/;53;99;54;3;15;30;26;33;12;36
14296;10/19/2010 08:45:37;Sarpsborg kommune;http://www.sarpsborg.com/;48;99;48;3;14;30;13;33;21;36
14305;10/19/2010 11:18:31;Sauda kommune;http://www.sauda.kommune.no/;81;99;82;6;23;30;25;33;33;36
13375;09/10/2010 13:29:57;Sauherad kommune;http://www.sauherad.kommune.no;68;99;69;4;25;30;21;33;22;36
14318;10/19/2010 12:48:48;Sel kommune;http://www.sel.kommune.no/;83;99;84;6;28;30;28;33;27;36
14297;10/19/2010 09:17:47;Selbu kommune;http://www.selbu.kommune.no/;37;99;37;2;4;30;12;33;21;36
13649;09/22/2010 14:31:42;Selje kommune;http://www.selje.kommune.no;58;99;59;4;27;30;16;33;15;36
13776;09/28/2010 16:21:37;Seljord kommune;http://www.seljord.kommune.no;48;99;48;3;19;30;19;33;10;36
14646;10/28/2010 15:33:18;Seniorporten;http://www.seniorporten.no;64;99;65;4;20;30;25;33;19;36
14479;10/24/2010 19:32:49;SIFO - Statens institutt for forbruksforskning;http://www.sifo.no/;47;99;47;3;10;30;17;33;20;36
13875;10/01/2010 18:12:17;Sigdal kommune;http://www.sigdal.kommune.no;30;99;30;1;7;30;13;33;10;36
13269;09/06/2010 10:20:20;Siljan kommune;http://www.siljan.kommune.no/;77;99;78;5;24;30;25;33;28;36
14567;10/27/2010 08:21:53;SINTEF - Senter for industriell forskning;http://www.sintef.no/;67;99;68;4;12;30;29;33;26;36
14323;10/19/2010 14:37:56;Sirdal kommune;http://www.sirdal.kommune.no;65;99;66;4;18;30;22;33;25;36
14516;10/25/2010 13:18:00;Sivilombudsmannen - Stortingets ombudsmann for forvaltningen;http://www.sivilombudsmannen.no/;50;99;51;3;24;30;20;33;6;36
14447;10/23/2010 17:32:09;Sjukehusapoteka Vest HF;http://www.sjukehusapoteka-vest.no;51;99;52;3;17;30;19;33;15;36
14522;10/25/2010 15:27:43;Sjøfartsdirektoratet;http://www.sjofartsdir.no/;64;99;65;4;25;30;23;33;16;36
14480;10/24/2010 19:32:57;Skattedirektoratet;http://www.skatteetaten.no/;75;99;76;5;19;30;28;33;28;36
13950;10/05/2010 10:28:01;Skaun kommune;http://www.skaun.kommune.no;54;99;55;3;12;30;23;33;19;36
13427;09/13/2010 15:49:43;Skedsmo kommune;http://www.skedsmo.kommune.no;72;99;73;5;20;30;24;33;28;36
14338;10/19/2010 18:11:03;Ski kommune;http://www.ski.kommune.no;70;99;71;5;22;30;20;33;28;36
13270;09/06/2010 10:20:51;Skien kommune;http://www.skien.kommune.no/;84;99;85;6;26;30;28;33;30;36
13370;09/10/2010 12:37:39;Skiptvet kommune;http://www.skiptvet.kommune.no;83;99;84;6;24;30;25;33;34;36
13461;09/14/2010 13:45:26;Skjervøy kommune;http://www.skjervoy.kommune.no/;66;99;67;4;21;30;25;33;20;36
14327;10/19/2010 16:33:09;Skjåk kommune;http://www.skjaak.kommune.no/;51;99;52;3;11;30;15;33;25;36
13700;09/24/2010 12:14:28;Skodje kommune;http://www.skodje.kommune.no/;52;99;53;3;20;30;18;33;14;36
14537;10/26/2010 10:38:59;Skolenettet;http://www.skolenettet.no;58;99;59;4;13;30;19;33;26;36
13460;09/14/2010 12:17:00;Skånland kommune;http://www.skanland.kommune.no/;70;99;71;5;17;30;24;33;29;36
13699;09/24/2010 12:13:59;Smøla kommune;http://www.smola.kommune.no/;66;99;67;4;22;30;17;33;27;36
13698;09/24/2010 12:13:32;Snillfjord kommune;http://www.snillfjord.kommune.no/;68;99;69;4;18;30;26;33;24;36
13697;09/24/2010 12:13:27;Snåsa kommune;http://www.snasa.kommune.no/;59;99;60;4;16;30;15;33;28;36
14596;10/27/2010 16:41:01;Sogn og Fjordane fylkeskommune;http://www.sf-f.kommune.no/;48;99;48;3;10;30;15;33;23;36
14746;11/12/2010 13:05:19;Sogndal kommune;http://www.sogndal.kommune.no/;89;99;90;6;29;30;30;33;30;36
13656;09/22/2010 16:01:52;Sokndal kommune;http://www.sokndal.kommune.no;51;99;52;3;10;30;21;33;20;36
13646;09/22/2010 13:36:56;Sola kommune;http://www.sola.kommune.no/;30;99;30;1;7;30;5;33;18;36
13640;09/22/2010 13:29:11;Solund kommune;http://www.solund.kommune.no/;69;99;70;5;28;30;17;33;24;36
14511;10/25/2010 10:37:23;Songdalen kommune;http://www.songdalen.kommune.no/;64;99;65;4;21;30;22;33;21;36
13741;09/27/2010 13:12:40;Sortland kommune;http://www.sortland.kommune.no/;54;99;55;3;24;30;19;33;11;36
14517;10/25/2010 14:23:02;Språkrådet;http://www.sprakrad.no/;68;99;69;4;21;30;26;33;21;36
13405;09/13/2010 09:34:43;Spydeberg kommune;http://www.spydeberg.kommune.no/;81;99;82;6;23;30;26;33;32;36
14469;10/24/2010 14:13:37;St. Olavs Hospital HF;http://www.stolav.no;64;99;65;4;17;30;25;33;22;36
13645;09/22/2010 13:36:35;Stange kommune;http://www.stange.kommune.no/;55;99;56;3;17;30;18;33;20;36
14468;10/24/2010 12:26:38;Statens arbeidsmiljøinstitutt;http://www.stami.no/;45;99;45;3;11;30;19;33;15;36
14544;10/26/2010 14:04:27;Statens helsetilsyn;http://www.helsetilsynet.no/;66;99;67;4;23;30;30;33;13;36
14546;10/26/2010 14:52:04;Statens innkrevingssentral;http://www.statens-innkrevingssentral.no;29;99;29;1;6;30;12;33;11;36
14574;10/27/2010 09:03:48;Statens institutt for rusmiddelforskning;http://www.sirus.no/;54;99;55;3;13;30;23;33;18;36
14585;10/27/2010 12:23:17;Statens jernbanetilsyn;http://www.sjt.no/;63;99;64;4;24;30;24;33;15;36
14586;10/27/2010 13:11:16;Statens kartverk;http://www.statkart.no/;58;99;59;4;16;30;25;33;17;36
14595;10/27/2010 15:23:22;Statens landbruksforvaltning;http://www.slf.dep.no/;74;99;75;5;25;30;24;33;25;36
14615;10/28/2010 09:04:54;Statens legemiddelverk;http://www.legemiddelverket.no;60;99;61;4;16;30;23;33;21;36
14466;10/24/2010 10:43:03;Statens lånekasse for utdanning;http://www.lanekassen.no/;68;99;69;4;23;30;24;33;21;36
14625;10/28/2010 12:25:01;Statens Pensjonskasse;http://www.spk.no/;70;99;71;5;25;30;25;33;20;36
14636;10/28/2010 14:38:14;Statens råd for funksjonshemmede;http://www.srff.no/;48;99;48;3;10;30;20;33;18;36
14675;10/29/2010 07:08:34;Statens strålevern;http://www.nrpa.no/;57;99;58;4;19;30;24;33;14;36
14728;10/30/2010 16:30:26;Statens vegvesen;http://www.vegvesen.no;70;99;71;5;22;30;23;33;25;36
14685;10/29/2010 09:25:37;Statistisk sentralbyrå;http://www.ssb.no/;54;99;55;3;16;30;24;33;14;36
14696;10/29/2010 12:35:27;Statsbygg;http://www.statsbygg.no/;78;99;79;5;26;30;28;33;24;36
14446;10/23/2010 17:21:23;Statsministerens kontor;http://www.regjeringen.no/nb/dep/smk.html;86;99;87;6;25;30;31;33;30;36
14345;10/20/2010 08:41:17;Stavanger kommune;http://www.stavanger.kommune.no/;66;99;67;4;21;30;22;33;23;36
13738;09/27/2010 11:57:35;Steigen kommune;http://www.steigen.kommune.no/;57;99;58;4;22;30;26;33;9;36
14326;10/19/2010 16:32:11;Steinkjer kommune;http://www.steinkjer.kommune.no;91;99;92;6;28;30;28;33;35;36
14325;10/19/2010 16:32:06;Stjørdal kommune;http://www.stjordal.kommune.no/;50;99;51;3;10;30;18;33;22;36
13655;09/22/2010 16:01:16;Stokke kommune;http://www.stokke.kommune.no/;63;99;64;4;21;30;25;33;17;36
14300;10/19/2010 09:54:33;Stord kommune;http://www.stord.kommune.no;75;99;76;5;26;30;24;33;25;36
13249;09/03/2010 17:33:33;Stordal kommune;http://www.stordal.kommune.no;59;99;60;4;23;30;21;33;15;36
13160;08/31/2010 15:18:17;Stor-Elvdal kommune;http://www.stor-elvdal.kommune.no/;68;99;69;4;21;30;23;33;24;36
13458;09/14/2010 09:46:31;Storfjord kommune;http://www.storfjord.kommune.no/;59;99;60;4;20;30;27;33;12;36
14738;10/31/2010 21:42:56;Stortinget;http://www.stortinget.no;82;99;83;6;26;30;31;33;25;36
13644;09/22/2010 13:34:48;Strand kommune;http://www.strand.kommune.no;85;99;86;6;26;30;26;33;33;36
13643;09/22/2010 13:34:37;Stranda kommune;http://www.stranda.kommune.no/;59;99;60;4;21;30;15;33;23;36
13737;09/27/2010 11:15:05;Stryn kommune;http://www.stryn.kommune.no;60;99;61;4;19;30;22;33;19;36
13642;09/22/2010 13:34:26;Sula kommune;http://www.sula.kommune.no;59;99;60;4;23;30;17;33;19;36
13641;09/22/2010 13:34:14;Suldal kommune;http://www.suldal.net/;71;99;72;5;26;30;20;33;25;36
14303;10/19/2010 10:23:00;Sund kommune;http://www.sund.kommune.no/;57;99;58;4;17;30;20;33;20;36
14337;10/19/2010 16:35:18;Sunnaas sykehus HF;http://www.sunnaas.no/;60;99;61;4;15;30;27;33;18;36
13587;09/20/2010 11:43:54;Sunndal kommune;http://www.sunndal.kommune.no/;53;99;54;3;23;30;13;33;17;36
13250;09/03/2010 17:34:06;Surnadal kommune;http://www.surnadal.kommune.no/;74;99;75;5;23;30;25;33;26;36
14698;10/29/2010 13:48:03;SUSS - Senteret for Ungdom, Samliv og Seksualitet;http://www.suss.no;37;99;37;2;9;30;10;33;18;36
14304;10/19/2010 10:42:43;Sveio kommune;http://www.sveio.kommune.no;59;99;60;4;18;30;18;33;23;36
13430;09/13/2010 15:53:49;Svelvik kommune;http://www.svelvik.kommune.no/;61;99;62;4;20;30;15;33;26;36
14328;10/19/2010 16:33:36;Sykehusapotekene HF;http://www.sykehusapotekene.no;39;99;39;2;8;30;8;33;23;36
14329;10/19/2010 16:33:40;Sykehusapotekene i Midt-Norge HF;http://www.sykehusapoteket.no/;50;99;51;3;17;30;18;33;15;36
14330;10/19/2010 16:33:45;Sykehusapoteket Nord HF;http://www.sykehusapotek-nord.no/;56;99;57;3;17;30;23;33;16;36
14331;10/19/2010 16:33:49;Sykehuset i Vestfold HF;http://www.siv.no/;56;99;57;3;18;30;20;33;18;36
14332;10/19/2010 16:33:53;Sykehuset Innlandet HF;http://www.sykehuset-innlandet.no/;46;99;46;3;13;30;14;33;19;36
14333;10/19/2010 16:33:57;Sykehuset Telemark HF;http://www.sykehuset-telemark.no;69;99;70;5;23;30;27;33;19;36
14334;10/19/2010 16:34:02;Sykehuset Østfold HF;http://www.sykehuset-ostfold.no/;55;99;56;3;12;30;24;33;19;36
14335;10/19/2010 16:34:19;Sykkylven kommune;http://www.sykkylven.kommune.no;73;99;74;5;19;30;24;33;30;36
14455;10/24/2010 01:52:08;Sysselmannen på Svalbard;http://www.sysselmannen.no;69;99;70;5;28;30;23;33;18;36
13428;09/13/2010 15:51:49;Søgne kommune;http://www.sogne.kommune.no;62;99;63;4;22;30;19;33;21;36
13735;09/27/2010 10:04:08;Sømna kommune;http://www.somna.kommune.no/;43;99;43;3;17;30;20;33;6;36
14336;10/19/2010 16:34:57;Søndre Land kommune;http://www.sondre-land.kommune.no;61;99;62;4;16;30;25;33;20;36
13381;09/10/2010 17:22:00;Sør-Aurdal kommune;http://www.sor-aurdal.kommune.no/;62;99;63;4;22;30;22;33;18;36
13705;09/24/2010 15:50:49;Sørfold kommune;http://www.sorfold.kommune.no;65;99;66;4;25;30;25;33;15;36
13380;09/10/2010 16:49:08;Sør-Fron kommune;http://www.sor-fron.kommune.no/;45;99;45;3;21;30;9;33;15;36
14357;10/20/2010 14:21:17;Sørlandet Sykehus HF;http://www.sshf.no/;46;99;46;3;12;30;20;33;14;36
13379;09/10/2010 16:19:01;Sør-Odal kommune;http://www.sor-odal.kommune.no/;58;99;59;4;17;30;23;33;18;36
13445;09/13/2010 21:43:35;Sørreisa kommune;http://www.sorreisa.kommune.no/;37;99;37;2;17;30;12;33;8;36
14597;10/27/2010 17:52:12;Sør-Trøndelag fylkeskommune;http://www.stfk.no;72;99;73;5;19;30;22;33;31;36
14355;10/20/2010 12:06:13;Sørum kommune;http://www.sorum.kommune.no/;93;99;94;6;27;30;30;33;36;36
13356;09/09/2010 10:17:32;Sør-Varanger kommune;http://www.sor-varanger.kommune.no;74;99;75;5;24;30;24;33;26;36
13373;09/10/2010 13:13:19;Tana kommune - Deanu gielda;http://www.tana.kommune.no;65;99;66;4;18;30;30;33;17;36
14703;10/29/2010 15:43:18;Teknologirådet;http://www.teknologiradet.no/;66;99;67;4;15;30;24;33;27;36
14616;10/28/2010 09:24:05;Telemark fylkeskommune;http://www.telemark-fk.no/;52;99;53;3;12;30;14;33;26;36
14356;10/20/2010 14:07:24;Time kommune;http://www.time.kommune.no;66;99;67;4;25;30;20;33;21;36
13277;09/06/2010 14:50:20;Tingvoll kommune;http://www.tingvoll.kommune.no/;66;99;67;4;26;30;23;33;17;36
13275;09/06/2010 14:20:49;Tinn kommune;http://www.tinn.kommune.no;63;99;64;4;14;30;24;33;25;36
13702;09/24/2010 13:56:52;Tjeldsund kommune;http://www.tjeldsund.kommune.no/;46;99;46;3;19;30;18;33;9;36
13248;09/03/2010 17:31:42;Tjøme kommune;http://www.tjome.kommune.no/;80;99;81;6;27;30;27;33;26;36
13176;09/01/2010 07:20:01;Tokke kommune;http://www.tokke.kommune.no/;49;99;49;3;12;30;19;33;18;36
13175;09/01/2010 07:19:49;Tolga kommune;http://www.tolga.kommune.no/;35;99;35;2;11;30;16;33;8;36
14707;10/29/2010 18:29:50;Toll- og avgiftsdirektoratet;http://www.toll.no/;79;99;80;6;25;30;29;33;25;36
13425;09/13/2010 14:54:33;Torsken kommune;http://www.torsken.kommune.no;52;99;53;3;24;30;20;33;8;36
13417;09/13/2010 13:38:30;Tranøy kommune;http://www.tranoy.kommune.no/;33;99;33;2;14;30;15;33;4;36
14635;10/28/2010 13:50:11;Troms fylkeskommune;http://www.tromsfylke.no/;45;99;45;3;9;30;14;33;22;36
14407;10/22/2010 09:44:02;Tromsø kommune;http://www.tromso.kommune.no;88;99;89;6;28;30;29;33;31;36
14363;10/20/2010 15:26:55;Trondheim kommune;http://www.trondheim.kommune.no/;89;99;90;6;27;30;29;33;33;36
13151;08/31/2010 13:02:24;Trysil kommune;http://www.trysil.kommune.no;75;99;76;5;22;30;28;33;25;36
13701;09/24/2010 13:11:05;Træna kommune;http://www.trana.kommune.no/;40;99;40;2;15;30;17;33;8;36
13406;09/13/2010 09:34:59;Trøgstad kommune;http://www.trogstad.kommune.no;79;99;80;6;24;30;27;33;28;36
14288;10/19/2010 02:14:16;Tvedestrand kommune;http://www.tvedestrand.kommune.no/;42;99;42;2;9;30;14;33;19;36
14287;10/19/2010 02:13:58;Tydal kommune;http://www.tydal.kommune.no;42;99;42;2;14;30;12;33;16;36
13198;09/01/2010 16:52:02;Tynset kommune;http://www.tynset.kommune.no/;31;99;31;2;11;30;12;33;8;36
13696;09/24/2010 11:06:11;Tysfjord kommune;http://www.tysfjord.kommune.no;66;99;67;4;20;30;25;33;21;36
14316;10/19/2010 12:08:48;Tysnes kommune;http://www.tysnes.kommune.no/;62;99;63;4;26;30;24;33;12;36
14286;10/19/2010 02:13:45;Tysvær kommune;http://www.tysver.kommune.no/;71;99;72;5;24;30;23;33;24;36
14285;10/19/2010 02:13:34;Tønsberg kommune;http://www.tonsberg.kommune.no;76;99;77;5;20;30;27;33;29;36
14686;10/29/2010 09:52:09;UDI - Utlendingsdirektoratet;http://www.udi.no/;58;99;59;4;13;30;27;33;18;36
13438;09/13/2010 16:28:59;Ullensaker kommune;http://www.ullensaker.kommune.no/;74;99;75;5;22;30;23;33;29;36
14317;10/19/2010 12:19:26;Ullensvang herad;http://www.ullensvang.herad.no/;38;99;38;2;13;30;16;33;9;36
13434;09/13/2010 16:06:50;Ulstein kommune;http://www.ulstein.kommune.no/;57;99;58;4;16;30;22;33;19;36
14319;10/19/2010 13:12:51;Ulvik herad;http://www.ulvik.kommune.no/;50;99;51;3;20;30;17;33;13;36
14695;10/29/2010 10:43:26;ung.no;http://www.ung.no/;66;99;67;4;13;30;20;33;33;36
14493;10/24/2010 20:03:41;Universitetet for miljø- og biovitenskap;http://www.umb.no;79;99;80;6;23;30;30;33;26;36
14494;10/24/2010 20:04:08;Universitetet i Agder;http://www.uia.no/;67;99;68;4;19;30;26;33;22;36
14495;10/24/2010 20:04:35;Universitetet i Bergen;http://www.uib.no/;77;99;78;5;28;30;24;33;25;36
14484;10/24/2010 19:37:58;Universitetet i Nordland;http://uin.no/;52;99;53;3;12;30;15;33;25;36
14496;10/24/2010 20:05:01;Universitetet i Oslo;http://www.uio.no/;68;99;69;4;23;30;22;33;23;36
14497;10/24/2010 20:05:37;Universitetet i Stavanger;http://www.uis.no;68;99;69;4;17;30;25;33;26;36
14498;10/24/2010 20:05:54;Universitetet i Tromsø;http://www.uit.no/;58;99;59;4;12;30;21;33;25;36
14358;10/20/2010 14:21:41;Universitetssykehuset Nord-Norge HF;http://www.unn.no/;68;99;69;4;18;30;24;33;26;36
14699;10/29/2010 14:21:12;Utdanning.no;http://www.utdanning.no/;77;99;78;5;25;30;24;33;28;36
14705;10/29/2010 16:44:06;Utdanningsdirektoratet;http://www.utdanningsdirektoratet.no/;63;99;64;4;17;30;27;33;19;36
14531;10/25/2010 22:34:50;Utenriksdepartementet;http://www.regjeringen.no/nb/dep/ud;83;99;84;6;30;30;30;33;23;36
14445;10/23/2010 15:48:05;Utlendingsnemnda;http://www.une.no/;64;99;65;4;19;30;27;33;18;36
13965;10/05/2010 15:18:22;Utsira kommune;http://www.utsira.kommune.no;47;99;47;3;18;30;23;33;6;36
13377;09/10/2010 14:03:37;Vadsø kommune;http://www.vadso.kommune.no/;60;99;61;4;19;30;25;33;16;36
14320;10/19/2010 13:15:27;Vaksdal kommune;http://www.vaksdal.kommune.no/;66;99;67;4;26;30;19;33;21;36
14126;10/13/2010 00:29:10;Valle kommune;http://www.valle.kommune.no;58;99;59;4;24;30;20;33;14;36
13520;09/16/2010 14:45:09;Vang kommune;http://www.vang.kommune.no/;75;99;76;5;25;30;26;33;24;36
14125;10/13/2010 00:28:46;Vanylven kommune;http://www.vanylven.kommune.no;51;99;52;3;14;30;16;33;21;36
13407;09/13/2010 09:43:22;Vardø kommune;http://www.vardo.kommune.no;50;99;51;3;14;30;16;33;20;36
13695;09/24/2010 10:09:25;Vefsn kommune;http://www.vefsn.kommune.no/;55;99;56;3;13;30;20;33;22;36
13679;09/23/2010 15:31:46;Vega kommune;http://www.vega.kommune.no/;48;99;48;3;17;30;24;33;7;36
14033;10/07/2010 13:48:24;Vegårshei kommune;http://www.vegarshei.kommune.no/;51;99;52;3;14;30;18;33;19;36
13436;09/13/2010 16:10:19;Vennesla kommune;http://www.vennesla.kommune.no;71;99;72;5;22;30;24;33;25;36
13437;09/13/2010 16:28:50;Verdal kommune;http://www.verdal.kommune.no/;71;99;72;5;24;30;22;33;25;36
14032;10/07/2010 13:48:07;Verran kommune;http://www.verran.kommune.no/;60;99;61;4;23;30;24;33;13;36
14697;10/29/2010 12:58:42;Vest-Agder fylkeskommune;http://www.vaf.no/;58;99;59;4;16;30;21;33;21;36
14031;10/07/2010 13:47:52;Vestby kommune;http://www.vestby.kommune.no/;88;99;89;6;28;30;29;33;31;36
14656;10/28/2010 19:21:40;Vestfold fylkeskommune;http://www.vfk.no;55;99;56;3;17;30;16;33;22;36
14034;10/07/2010 13:48:44;Vestnes kommune;http://www.vestnes.kommune.no;80;99;81;6;24;30;23;33;33;36
13517;09/16/2010 13:43:42;Vestre Slidre kommune;http://www.vestre-slidre.kommune.no;70;99;71;5;24;30;24;33;22;36
13956;10/05/2010 12:47:49;Vestre Toten kommune;http://www.vestre-toten.kommune.no/;77;99;78;5;24;30;27;33;26;36
14437;10/23/2010 13:21:36;Vestre Viken HF;http://www.vestreviken.no/;47;99;47;3;19;30;18;33;10;36
13677;09/23/2010 14:21:50;Vestvågøy kommune;http://www.vestvagoy.kommune.no/;71;99;72;5;21;30;21;33;29;36
13675;09/23/2010 12:01:10;Vevelstad kommune;http://www.vevelstad.kommune.no/;39;99;39;2;16;30;16;33;7;36
13749;09/27/2010 13:51:41;Vik kommune;http://www.vik.kommune.no/;73;99;74;5;26;30;23;33;24;36
13717;09/26/2010 16:53:08;Vikna kommune;http://www.vikna.kommune.no/;34;99;34;2;10;30;18;33;6;36
13251;09/03/2010 17:35:51;Vindafjord kommune;http://www.vindafjord.kommune.no;58;99;59;4;21;30;19;33;18;36
13233;09/03/2010 13:45:55;Vinje kommune;http://www.vinje.kommune.no/;65;99;66;4;18;30;17;33;30;36
14706;10/29/2010 17:33:57;VINN ;http://www.vinn.no/;35;99;35;2;11;30;17;33;7;36
13716;09/26/2010 15:11:22;Volda kommune;http://www.volda.kommune.no;66;99;67;4;22;30;20;33;24;36
14322;10/19/2010 14:30:17;Voss kommune;http://www.voss.kommune.no/;65;99;66;4;21;30;22;33;22;36
14436;10/23/2010 12:08:10;Vox, nasjonalt senter for læring i arbeidslivet;http://www.vox.no/;63;99;64;4;15;30;24;33;24;36
13647;09/22/2010 13:58:22;Værøy kommune;http://www.varoy.kommune.no;36;99;36;2;11;30;16;33;9;36
13665;09/23/2010 09:44:31;Vågan kommune;http://www.vagan.kommune.no;61;99;62;4;19;30;19;33;23;36
13740;09/27/2010 12:53:23;Vågsøy kommune;http://www.vagsoy.kommune.no;62;99;63;4;26;30;16;33;20;36
13707;09/24/2010 18:07:02;Vågå kommune;http://www.vaga.kommune.no;75;99;76;5;21;30;25;33;29;36
14755;11/16/2010 10:44:37;Våler kommune i Solør (Hedmark);http://www.vaaler-he.kommune.no/;67;99;68;4;19;30;26;33;22;36
14346;10/20/2010 08:42:55;Våler kommune (Østfold);http://www.valer-of.kommune.no/;39;99;39;2;16;30;18;33;5;36
14435;10/23/2010 09:19:34;Økokrim;http://www.okokrim.no/;74;99;75;5;21;30;26;33;27;36
13636;09/22/2010 10:03:05;Øksnes kommune;http://www.oksnes.kommune.no;55;99;56;3;21;30;18;33;16;36
13433;09/13/2010 16:04:03;Ørland kommune;http://www.orland.kommune.no/;66;99;67;4;18;30;24;33;24;36
13706;09/24/2010 17:16:34;Ørskog kommune;http://www.orskog.kommune.no/;67;99;68;4;25;30;20;33;22;36
13566;09/19/2010 21:10:59;Ørsta kommune;http://www.orsta.kommune.no;55;99;56;3;14;30;21;33;20;36
14665;10/28/2010 20:55:15;Østfold fylkeskommune;http://www.ostfold-f.kommune.no;63;99;64;4;15;30;23;33;25;36
13565;09/19/2010 20:38:41;Østre Toten kommune;http://www.ostre-toten.kommune.no/;59;99;60;4;16;30;20;33;23;36
13525;09/16/2010 18:11:32;Øvre Eiker kommune;http://www.ovre-eiker.kommune.no;74;99;75;5;22;30;24;33;28;36
13523;09/16/2010 16:20:01;Øyer kommune;http://www.oyer.kommune.no;54;99;55;3;19;30;16;33;19;36
14347;10/20/2010 08:58:12;Øygarden kommune;http://www.oygarden.kommune.no;68;99;69;4;29;30;16;33;23;36
13444;09/13/2010 16:53:42;Øystre Slidre kommune;http://www.oystre-slidre.kommune.no/;76;99;77;5;25;30;25;33;26;36
13245;09/03/2010 16:06:04;Åfjord kommune;http://www.afjord.kommune.no/;62;99;63;4;15;30;26;33;21;36
13219;09/02/2010 16:01:01;Ål kommune;http://www.aal.kommune.no/;66;99;67;4;16;30;27;33;23;36
13218;09/02/2010 15:27:03;Ålesund kommune;http://www.alesund.kommune.no/;82;99;83;6;25;30;26;33;31;36
13217;09/02/2010 14:26:37;Åmli kommune;http://www.amli.kommune.no;56;99;57;3;18;30;21;33;17;36
13159;08/31/2010 14:52:04;Åmot kommune;http://www.amot.kommune.no/;67;99;68;4;20;30;23;33;24;36
13750;09/27/2010 13:51:56;Årdal kommune;http://www.ardal.kommune.no;82;99;83;6;28;30;24;33;30;36
13158;08/31/2010 14:49:20;Ås kommune;http://www.as.kommune.no;73;99;74;5;23;30;29;33;21;36
13155;08/31/2010 13:59:20;Åseral kommune;http://www.aseral.kommune.no/;59;99;60;4;20;30;20;33;19;36
13152;08/31/2010 13:05:14;Åsnes kommune;http://www.asnes.kommune.no/;55;99;56;3;12;30;19;33;24;36
