aar,video_url,kommune,tittel,tema,hva_er_spesielt,folelse,antrekk,type_bygg_og_industri,type_historisk,type_natur_og_idrett,type_kunst_og_haandverk,type_idrett_og_fysisk_aktivitet,tema_samlere_entusiaster_og_oppfinnere,tema_vitenskap,relasjoner,type_musikere,type_mat,type_dyr,antall_menn,antall_kvinner,tema_natur_og_friluftsliv,tema_kjop_og_salg,type_landbruk_og_fiske,offentlige_tjenester_og_veldedighet,hovedperson1_kjonn,hovedperson2_kjonn,hovedperson3_kjonn,hovedperson1_alder,hovedperson2_alder,hovedperson3_alder,tema_politikk_og_media
1976,https://tv.nrk.no/serie/norge-rundt/FREP45004676/02-10-1976#t=2m7s,Bergen,Rypejakt,Natur og friluftsliv,,,Caps,,,,,,,,,,,,4,,Jakt,,,,Mann,Mann,,10 til 15,40 til 50,,
1976,https://tv.nrk.no/serie/norge-rundt/FREP45004676/02-10-1976#t=5m57s,Sirdal,Kraftutbygging,Bygg og industri,,,Hjelm,"Anlegg, Kraftproduksjon",,,,,,,,,,,1,,,,,,Mann,,,40 til 50,,,
1976,https://tv.nrk.no/serie/norge-rundt/FREP45004676/02-10-1976#t=10m14s,Øksnes,Fraflyttingstilskudd,Politikk,,,"Caps, Slips",,,,,,,,,,,,,,,,,,,,,,,,"Distriktspolitikk, Samferdselspolitikk"
1976,https://tv.nrk.no/serie/norge-rundt/FREP45004676/02-10-1976#t=18m14s,Orkdal,Trønderlån,Kunst og Håndverk,,,,,,,Restaurering og reparasjon,,,,,,,,,2,,,,,Kvinne,Kvinne,,40 til 50,40 til 50,,
1976,https://tv.nrk.no/serie/norge-rundt/FREP45004676/02-10-1976#t=22m29s,Finnøy,Dyrking av tomater,Landbruk og fiske,,,,,,,,,,,,,,,3,,,,"Grønnsaker og urter, Tomat",,Mann,Mann,,30 til 40,40 til 50,,
1976,https://tv.nrk.no/serie/norge-rundt/FREP45004676/02-10-1976#t=26m26s,Østre Toten,Nydyrking,Landbruk og fiske,,,Caps,,,,,,,,,,,,1,,,,Åker og jorder og nydyrking,,Mann,,,40 til 50,,,
1976,https://tv.nrk.no/serie/norge-rundt/FREP45004676/02-10-1976#t=30m29s,Stranda,Etter turistsesongen,Natur og friluftsliv,Spesiell latter,,"Caps, Hjelm",,,,,,,,,,,,3,,Turisme,,,,Mann,Mann,,30 til 40,80 til 90,,
1976,https://tv.nrk.no/serie/norge-rundt/FREP45004676/02-10-1976#t=34m51s,Bergen,Bomullsveveri,Bygg og industri,,,"Caps, Slips",Tekstilproduksjon,,,,,,,,,,,10,1,,,,,Mann,,,40 til 50,,,
1976,https://tv.nrk.no/serie/norge-rundt/FREP45004676/02-10-1976#t=38m41s,Øvre Eiker,Elgjakt,Natur og friluftsliv,,,Caps,,,,,,,,,,,,,1,Jakt,,,,Kvinne,,,40 til 50,,,
1976,https://tv.nrk.no/serie/norge-rundt/FREP45004776/16-10-1976#t=28s,Bodø,Havørner,Dyr,,,Hatt,,,,,,,,,,,"Fugl, Ørn",3,,,,,,,,,,,,
1976,https://tv.nrk.no/serie/norge-rundt/FREP45004776/16-10-1976#t=9m42s,Ullensvang,Eplehøsten,Landbruk og fiske,,,"Slips, Sydvest",,,,,,,,,,,,2,7,,,"Eple, Frukt",,Kvinne,,,40 til 50,,,
1976,https://tv.nrk.no/serie/norge-rundt/FREP45004776/16-10-1976#t=15m49s,Vardø,Rognebærtreet på Vardøhus festning,Natur og friluftsliv,,,"Hatt, Uniform",,,,,,,,,,,,3,,Trær,,,,Mann,,,50 til 60,,,
1976,https://tv.nrk.no/serie/norge-rundt/FREP45004776/16-10-1976#t=19m50s,Tønsberg,Presterødkilen naturreservat,Natur og friluftsliv,,,Slips,,,,,,,,,,,,2,,Vern,,,,Mann,Mann,,50 til 60,40 til 50,,
1976,https://tv.nrk.no/serie/norge-rundt/FREP45004776/16-10-1976#t=23m41s,Fet,Nordre Øyeren naturreservat,Natur og friluftsliv,,,Hatt,,,,,,,,,,,,1,,Vern,,,,Mann,,,40 til 50,,,
1976,https://tv.nrk.no/serie/norge-rundt/FREP45004876/30-10-1976#t=27s,Øksnes,Anda fyr,Politikk,,,,,,,,,,,,,,,1,,,,,,Mann,,,40 til 50,,,Samferdselspolitikk
1976,https://tv.nrk.no/serie/norge-rundt/FREP45004876/30-10-1976#t=6m12s,Kviteseid,Vest-Telemark Blad,Politikk og media,,,Strikkekofte,,,,,,,,,,,,3,3,,,,,Mann,,,40 til 50,,,Avis
1976,https://tv.nrk.no/serie/norge-rundt/FREP45004876/30-10-1976#t=12m56s,Karmøy,Vernehjem,Politikk og media,,,Slips,,,,,,,,Terapi,,,,3,,,,,,Mann,Mann,,50 til 60,50 til 60,,Plasseringsstrid
1976,https://tv.nrk.no/serie/norge-rundt/FREP45004876/30-10-1976#t=19m43s,Lillesand,Ålefiske,Landbruk og fiske,,,"Caps, Hatt, Kjeledress, Sydvest",,,,,,,,,,,,6,,,,"Fiskere, Ål",,Mann,Mann,,70 til 80,80 til 90,,
1976,https://tv.nrk.no/serie/norge-rundt/FREP45004976/13-11-1976#t=29s,Ukjent sted,Saueklipping,Landbruk og fiske,,,,,,,,,,,,,,,1,,,,Sauehold,,Mann,,,20 til 30,,,
1976,https://tv.nrk.no/serie/norge-rundt/FREP45004976/13-11-1976#t=2m37s,Tromsø,Skomaker,Kunst og Håndverk,,,,,,,"Sko, Skomaker",,,,,,,,2,,,,,,Mann,,,60 til 70,,,
1976,https://tv.nrk.no/serie/norge-rundt/FREP45004976/13-11-1976#t=7m53s,Bærum,Skomaker,Kunst og Håndverk,Grunder,,,,,,"Restaurering og reparasjon, Sko, Skomaker",,,,,,,,3,1,,,,,Mann,Kvinne,,20 til 30,30 til 40,,
1976,https://tv.nrk.no/serie/norge-rundt/FREP45004976/13-11-1976#t=13m44s,Trondheim,Transport av uføre,Offentlige tjenester og veldedighet,,,Uniform,,,,,,,,,,,,4,2,,,,Helsetjenester,Mann,Mann,,30 til 40,50 til 60,,
1976,https://tv.nrk.no/serie/norge-rundt/FREP45004976/13-11-1976#t=19m54s,Dovre,Småbruk,Landbruk og fiske,"Livsvisdom, Personlighet",,Kjeledress,,,,,,,,,,,,,1,,,"Gårdsdrift, Kyr",,Kvinne,,,80 til 90,,,
1976,https://tv.nrk.no/serie/norge-rundt/FREP45005076/27-11-1976#t=27s,Loppa,Ungdomsskoleelever,Offentlige tjenester og veldedighet,,,,,,,,,,,,,,,10,10,,,,Skole,Mann,Mann,,20 til 30,40 til 50,,
1976,https://tv.nrk.no/serie/norge-rundt/FREP45005076/27-11-1976#t=13m51s,Lenvik,Årbok,Historisk,,,"Slips, Strikkekofte",,Bygdehistorie og årbøker,,,,,,,,,,3,1,,,,,Mann,,,30 til 40,,,
1976,https://tv.nrk.no/serie/norge-rundt/FREP45005076/27-11-1976#t=18m55s,Askim,Smed og oppfinner,Kunst og Håndverk,,,"Caps, Kjeledress",,,,"Motor, Oppfinnelser, Smed",,,,,,,,1,,,,,,Mann,,,70 til 80,,,
1976,https://tv.nrk.no/serie/norge-rundt/FREP45005176/11-12-1976#t=29s,Kristiansund,Møte i fylkestinget,Politikk og media,,,"Hatt, Slips",,,,,,,,,,,,50,10,,,,,,,,,,,Politiske møter
1976,https://tv.nrk.no/serie/norge-rundt/FREP45005176/11-12-1976#t=7m38s,Vadsø,Havneutbygging,Politikk og media,,,"Hatt, Slips",,,,,,,,,,,,4,1,,,,,Mann,,,40 til 50,,,Distriktspolitikk
1976,https://tv.nrk.no/serie/norge-rundt/FREP45005176/11-12-1976#t=14m2s,Sund,Tidligere hvalfanger forteller,Landbruk og fiske,Personlighet,,Hatt,,,,,,,,,,,,1,,,,"Fiskere, Hval",,Mann,,,80 til 90,,,
1976,https://tv.nrk.no/serie/norge-rundt/FREP45005176/11-12-1976#t=21m3s,Trondheim,Produksjon av julegirlandere,Kunst og Håndverk,,,Caps,,,,Jul,,,,,,,,2,1,,,,,Mann,,,60 til 70,,,
1976,https://tv.nrk.no/serie/norge-rundt/FREP45005176/11-12-1976#t=23m33s,Finnøy,Kristtorn,Landbruk og fiske,,,"Caps, Hatt",,,,,,,,,,,,2,,,,Skogsdrift,,Mann,,,50 til 60,,,
1976,https://tv.nrk.no/serie/norge-rundt/FREP45005276/24-12-1976#t=28s,Trondheim,Pensjonert domorganist,Musikk,Personlighet,,Slips,,,,,,,,,"Korsang, Orgel",,,50,,,,,,Mann,,,50 til 60,,,
1976,https://tv.nrk.no/serie/norge-rundt/FREP45005276/24-12-1976#t=16m9s,Tønsberg,Konsert,Musikk,,,Slips,,,,,,,,,"Cembalo, Orkester",,,8,4,,,,,Mann,,,30 til 40,,,
1976,https://tv.nrk.no/serie/norge-rundt/FREP45005276/24-12-1976#t=20m8s,Alstahaug,I japansk fangenskap under andre verdenskrig,Historisk,Personlighet,,Slips,,Krigshistorie,,,,,,,,,,1,,,,,,Mann,,,70 til 80,,,
1976,https://tv.nrk.no/serie/norge-rundt/FREP45005276/24-12-1976#t=25m33s,Flora,Den gamle steinkirken,Historisk,,,Caps,,"Bygninger, Kirkebygg",,,,,,,,,,3,1,,,,,Mann,,,90 til 100,,,
1976,https://tv.nrk.no/serie/norge-rundt/FREP45005276/24-12-1976#t=30m20s,Jan Mayen,Julefeiring,Ukategoriserbart,,,"Slips, Strikkekofte, Uniform",,,,,,,,,,,,20,,,,,,Mann,,,30 til 40,,,
1976,https://tv.nrk.no/serie/norge-rundt/FREP45005276/24-12-1976#t=36m13s,Karasjok,Juletradisjoner,Historisk,,,Samiske klær,,"Gamle dager, Samisk",,,,,,,,,,6,5,,,,,Mann,,,80 til 90,,,
1976,https://tv.nrk.no/serie/norge-rundt/FREP45005276/24-12-1976#t=41m7s,Valle,Juleforberedelser,Mat,,,"Bunad, Hatt",,,,,,,,,,"Diverse tradisjonsmat, Middag",,1,1,,,,,Mann,Kvinne,,30 til 40,30 til 40,,
1976,https://tv.nrk.no/serie/norge-rundt/FREP45005276/24-12-1976#t=45m19s,Ringsaker,Julekveldsvisa,Musikk,,,"Hatt, Strikkekofte",,,,,,,,,Musikkvideo,,,2,3,,,,,,,,,,,
1976,https://tv.nrk.no/serie/norge-rundt/FREP45005276/24-12-1976#t=6m18s,Sandnes,Malmheim Skolekor. Gårdsdrift. Malmheim Skolekorps,Ukategoriserbart,,,Caps,,,,,,,,,,,,10,10,,,,,Mann,Mann,,60 til 70,20 til 30,,
1976,https://tv.nrk.no/serie/norge-rundt/FREP45005276/24-12-1976#t=9m53s,Stordal,Elektrisk lys til gårds,Ukategoriserbart,,,Kjeledress,,,,,,,,,,,,3,1,,,,,Kvinne,,,50 til 60,,,
1976,https://tv.nrk.no/serie/norge-rundt/FREP45005076/27-11-1976#t=7m8s,Sandøy,Kulturlivet,Ukategoriserbart,,,"Slips, Strikkekofte",,,,,,,,,,,,75,75,,,,,,,,,,,
1977,https://tv.nrk.no/serie/norge-rundt/FREP41008777/08-01-1977#t=1m40s,Arendal,Nedre Tyholmen,Historisk,,,Slips,,"Arkitektur, Bygninger, Restaurering",,,,,,,,,,2,,,,,,Mann,Mann,,40 til 50,30 til 40,,
1977,https://tv.nrk.no/serie/norge-rundt/FREP41008777/08-01-1977#t=6m18s,Herøy (Nordl.),Banklinefiske,Landbruk og fiske,,,"Kjeledress, Skinnlue",,,,,,,,,,,,5,,,,Fiskere,,Mann,Mann,Mann,30 til 40,40 til 50,20 til 30,
1977,https://tv.nrk.no/serie/norge-rundt/FREP41008777/08-01-1977#t=13m7s,Hole,Om kommuneadministrasjon,Politikk og media,,,"Caps, Hatt, Slips",,,,,,,,,,,,1,,,,,,Mann,Mann,Mann,30 til 40,50 til 60,50 til 60,Distriktspolitikk
1977,https://tv.nrk.no/serie/norge-rundt/FREP41008777/08-01-1977#t=18m4s,Sula,Landets nyeste kommunale enhet,Politikk og media,,,Slips,,,,,,,,,,,,10,6,,,,,Mann,Mann,,50 til 60,40 til 50,,Kommunesammenslåing
1977,https://tv.nrk.no/serie/norge-rundt/FREP41008777/08-01-1977#t=22m34s,Hå,Nærbø ønsker løsriving fra Hå kommune,Politikk og media,,,Slips,,,,,,,,,,,,20,1,,,,,Mann,Mann,,40 til 50,30 til 40,,Kommunesammenslåing
1977,https://tv.nrk.no/serie/norge-rundt/FREP41008877/22-01-1977#t=3m13s,Kristiansand,Papirinnsamling,Offentlige tjenester og veldedighet,,,Slips,,,,,,,,,,,,6,1,,,,Vernabedrifter,Mann,Kvinne,Mann,20 til 30,40 til 50,60 til 70,
1977,https://tv.nrk.no/serie/norge-rundt/FREP41008777/08-01-1977#t=28m11s,Ringsaker,Bertil Gåbort,Ukategoriserbart,,,Kjeledress,,,,,,,,,,,,1,,,,,,Mann,,,50 til 60,,,
1977,https://tv.nrk.no/serie/norge-rundt/FREP41008877/22-01-1977#t=10m53s,Hjelmeland,Kurs i kunstmaling,Kunst og Håndverk,,,"Hatt, Slips",,,,Tegning og maling,,,,,,,,20,20,,,,,Kvinne,,,60 til 70,,,
1977,https://tv.nrk.no/serie/norge-rundt/FREP41008877/22-01-1977#t=17m9s,Bergen,Bompenger,Politikk og media,,,Slips,,,,,,,,,,,,1,,,,,,Mann,,,50 til 60,,,Samferdselspolitikk
1977,https://tv.nrk.no/serie/norge-rundt/FREP41008877/22-01-1977#t=22m20s,Hvaler,Bompenger,Politikk og media,,,"Caps, Slips",,,,,,,,,,,,2,,,,,,Mann,Mann,,50 til 60,40 til 50,,Samferdselspolitikk
1977,https://tv.nrk.no/serie/norge-rundt/FREP41008877/22-01-1977#t=25m12s,Namsos,Kjøreopplæring,Politikk og media,,,"Kjeledress, Slips",,,,,,,,,,,,1,,,,,,Kvinne,Mann,Mann,15 til 20,40 til 50,30 til 40,Distriktspolitikk
1977,https://tv.nrk.no/serie/norge-rundt/FREP41008877/22-01-1977#t=30m49s,Trondheim,Teater om veiplan,Kunst og Håndverk,,,Slips,,,,Teater og forestillinger,,,,,,,,5,5,,,,,Kvinne,,,20 til 30,,,
1977,https://tv.nrk.no/serie/norge-rundt/FREP41008977/05-02-1977#t=38s,Sogndal,Til fjells med Televerket,Offentlige tjenester og veldedighet,,,,,,,,,,,,,,,3,,,,,Post og tele,Mann,Mann,,30 til 40,40 til 50,,
1977,https://tv.nrk.no/serie/norge-rundt/FREP41008977/05-02-1977#t=8m57s,Halden,Dyreutstilling på Halden Lærerskole,Offentlige tjenester og veldedighet,,,Slips,,,,,,,,,,,,7,7,,,,Skole,Mann,,,40 til 50,,,
1977,https://tv.nrk.no/serie/norge-rundt/FREP41008977/05-02-1977#t=12m29s,Oslokommune,NSB sentralskiftestasjon,Offentlige tjenester og veldedighet,,,"Caps, Kjeledress, Skinnlue",,,,,,,,,,,,10,,,,,"Post og tele, Jernbane",,,,,,,
1977,https://tv.nrk.no/serie/norge-rundt/FREP41008977/05-02-1977#t=19m48s,Tønsberg,Ungdom og fritid,Politikk og media,,,,,,,,,,,,,,,5,6,,,,,Kvinne,Mann,Kvinne,30 til 40,15 til 20,15 til 20,Ungdomspolitikk
1977,https://tv.nrk.no/serie/norge-rundt/FREP41008977/05-02-1977#t=25m56s,Bodø,Gratis frokostpakke til alle passasjerer,Mat,,,Uniform,,,,,,,,,,Frokost,,,3,,,,,,,,,,,
1977,https://tv.nrk.no/serie/norge-rundt/FREP41008977/05-02-1977#t=27m40s,Fræna,Kombinert bank- og bokbuss,Offentlige tjenester og veldedighet,Spesielle kombinasjoner,,Slips,,,,,,,,,,,,6,10,,,,Bibliotek,Mann,Mann,Kvinne,30 til 40,50 til 60,20 til 30,
1977,https://tv.nrk.no/serie/norge-rundt/FREP41008977/05-02-1977#t=32m38s,Sortland,Stort orgel,Kunst og Håndverk,Hjemmelaget,,,,,,"Instrumentmaking, Orgelbygging",,,,,,,,1,,,,,,Mann,,,60 til 70,,,
1977,https://tv.nrk.no/serie/norge-rundt/FREP41009077/19-02-1977#t=27s,Ukjent sted,Folk i Sogn og Fjordane klager minst,Ukategoriserbart,,Ler,,,,,,,,,,,,,,,,,,,,,,,,,
1977,https://tv.nrk.no/serie/norge-rundt/FREP41009077/19-02-1977#t=3m34s,Båtsfjord,"Sildoljefabrikken ""Norglobal""",Landbruk og fiske,,Wow,"Caps, Kjeledress, Skinnlue",,,,,,,,,,,,6,,,,Fiskere,,Mann,Mann,,40 til 50,60 til 70,,
1977,https://tv.nrk.no/serie/norge-rundt/FREP41009077/19-02-1977#t=11m43s,Lillehammer,Årets vinterferie,Natur og friluftsliv,,,,,,,,,,,,,,,20,20,"Skitur, Turisme",,,,Mann,,,30 til 40,,,
1977,https://tv.nrk.no/serie/norge-rundt/FREP41009077/19-02-1977#t=16m26s,Verran,Arbeidsledighet blant kvinner,Offentlige tjenester og veldedighet,,,,,,,,,,,,,,,5,10,,,,Skole,Kvinne,Mann,Mann,40 til 50,30 til 40,15 til 20,
1977,https://tv.nrk.no/serie/norge-rundt/FREP41009077/19-02-1977#t=22m25s,Lillehammer,Foran VM i skiskyting,Idrett og fysisk aktivitet,,,,,,,,Skiskyting,,,,,,,10,7,,,,,Mann,Mann,Kvinne,30 til 40,40 til 50,30 til 40,
1977,https://tv.nrk.no/serie/norge-rundt/FREP41009077/19-02-1977#t=29m55s,Tromsø,Kunder styrer butikken,Offentlige tjenester og veldedighet,,,,,,,,,,,,,,,2,3,,,,Dugnad,Mann,Kvinne,,50 til 60,30 til 40,,
1977,https://tv.nrk.no/serie/norge-rundt/FREP41009177/05-03-1977#t=1m55s,Bergen,Vannmangel,Offentlige tjenester og veldedighet,,,"Caps, Hatt, Kjeledress, Skinnlue, Slips",,,,,,,,,,,,10,5,,,,,Mann,Mann,Mann,40 til 50,50 til 60,40 til 50,
1977,https://tv.nrk.no/serie/norge-rundt/FREP41009177/05-03-1977#t=9m33s,Rygge,Hemmelige Østfold,Offentlige tjenester og veldedighet,,,Skinnlue,,,,,,,,,,,,1,2,,,,Forsvaret,Kvinne,Kvinne,Mann,5 til 10,20 til 30,40 til 50,
1977,https://tv.nrk.no/serie/norge-rundt/FREP41009177/05-03-1977#t=13m12s,Alta,Tømmerhogst,Landbruk og fiske,,,"Caps, Skinnlue",,,,,,,,,,,,1,,,,Skogsdrift,,Mann,Mann,,50 til 60,40 til 50,,
1977,https://tv.nrk.no/serie/norge-rundt/FREP41009177/05-03-1977#t=18m7s,Lillesand,Bruk av fluor,Offentlige tjenester og veldedighet,,,,,,,,,,,,,,,2,2,,,,Helsetjenester,Mann,,,30 til 40,,,
1977,https://tv.nrk.no/serie/norge-rundt/FREP41009177/05-03-1977#t=23m31s,Ringerike,"Svære snømengder, rådyr fores",Dyr,,,Busserull,,,,,,,,,,,"Menneske hjelper dyr, Rådyr",6,5,,,,,Mann,Kvinne,Kvinne,30 til 40,10 til 15,10 til 15,
1977,https://tv.nrk.no/serie/norge-rundt/FREP41009177/05-03-1977#t=30m5s,Elverum,Grundsetmart'n,Ukategoriserbart,,,"Hatt, Skinnlue",,,,,,,,,,,,3,1,,,,,Mann,Kvinne,,80 til 90,30 til 40,,
1977,https://tv.nrk.no/serie/norge-rundt/FREP41009277/19-03-1977#t=0s,Fauske,Planlagt helsesportsenter,Offentlige tjenester og veldedighet,,,,,,,,,,,,,,,1,,,,,Helsetjenester,Mann,Mann,,40 til 50,40 til 50,,
1977,https://tv.nrk.no/serie/norge-rundt/FREP41009277/19-03-1977#t=3m23s,Øystre Slidre,Helsesportsenter,Offentlige tjenester og veldedighet,,,,,,,,,,,,,,,10,10,,,,Helsetjenester,Kvinne,Mann,,,40 til 50,,
1977,https://tv.nrk.no/serie/norge-rundt/FREP41009277/19-03-1977#t=7m8s,Ullensaker,Befalsopplæring for jenter,Offentlige tjenester og veldedighet,,,"Hjelm, Uniform",,,,,,,,,,,,1,30,,,,Forsvaret,Kvinne,Kvinne,,20 til 30,30 til 40,,
1977,https://tv.nrk.no/serie/norge-rundt/FREP41009277/19-03-1977#t=11m50s,Stryn,Om fremtidig helårsvei,Politikk og media,,,Slips,,,,,,,,,,,,1,,,,,,Mann,Mann,Mann,40 til 50,40 til 50,40 til 50,Samferdselspolitikk
1977,https://tv.nrk.no/serie/norge-rundt/FREP41009277/19-03-1977#t=16m40s,Ulvik,"Om snø, vær og togtrafikk",Ukategoriserbart,,,"Caps, Kjeledress, Slips, Uniform",,,,,,,,,,,,10,,,,,,Mann,,,50 til 60,,,
1977,https://tv.nrk.no/serie/norge-rundt/FREP41009277/19-03-1977#t=21m3s,Sola,Bonde på Jæren,Landbruk og fiske,,,"Caps, Kjeledress",,,,,,,,,,,,4,,,,"Fjøs, Gårdsdrift, Kyr, Åker og jorder og nydyrking",,Mann,Mann,Mann,30 til 40,40 til 50,40 til 50,
1977,https://tv.nrk.no/serie/norge-rundt/FREP41009277/19-03-1977#t=25m49s,Ukjent sted,Bladet spelemannslag,Musikk,Alder,Elsker,"Bunad, Caps",,,,,,,,,"Fele, Folkemusikk",,,20,20,,,,,,,,,,,
1977,https://tv.nrk.no/serie/norge-rundt/FREP41009277/19-03-1977#t=29m7s,Åmot,Birkebeinerrennet,Idrett og fysisk aktivitet,,,,,,,,Skisport,,,,,,,10,,,,,,,,,,,,
1977,https://tv.nrk.no/serie/norge-rundt/FREP41009377/02-04-1977#t=1m59s,Ibestad,Skoleelever med egen fastegudstjeneste,Offentlige tjenester og veldedighet,,,"Slips, Strikkekofte, Uniform",,,,,,,,,,,,10,10,,,,"Kirke, Veldedighet, Skole, Veldedighet",Mann,Mann,,40 til 50,10 til 15,,
1977,https://tv.nrk.no/serie/norge-rundt/FREP41009377/02-04-1977#t=6m56s,Leikanger,Bygging av trebåter,Kunst og Håndverk,,,"Caps, Hatt, Skinnlue, Strikkekofte",,,,Båt,,,,,,,,10,2,,,,,Mann,Mann,Mann,50 til 60,50 til 60,20 til 30,
1977,https://tv.nrk.no/serie/norge-rundt/FREP41009377/02-04-1977#t=14m59s,Porsgrunn,Mekanisk verksted,Kunst og Håndverk,Grunder,,"Hatt, Slips",,,,Verksted,,,,,,,,2,,,,,,Mann,,,70 til 80,,,
1977,https://tv.nrk.no/serie/norge-rundt/FREP41009377/02-04-1977#t=19m59s,Lierne,Bruk av snøscooter,Natur og friluftsliv,,,Skinnlue,,,,,,,,,,,,,,,,,,Mann,Mann,,60 til 70,50 til 60,,
1977,https://tv.nrk.no/serie/norge-rundt/FREP41009377/02-04-1977#t=24m55s,Oslokommune,Bedre værvarsling,Offentlige tjenester og veldedighet,,,Slips,,,,,,,,,,,,4,,,,,Meteorologi,Mann,,,30 til 40,,,
1977,https://tv.nrk.no/serie/norge-rundt/FREP41009377/02-04-1977#t=30m4s,Snillfjord,Slørdal: Hjort,Dyr,"Personlighet, Spesiell latter",Ler,Caps,,,,,,,,,,,"Hjort, Menneske hjelper dyr",1,,,,,,Mann,,,40 til 50,,,
1977,https://tv.nrk.no/serie/norge-rundt/FREP41009377/02-04-1977#t=32m28s,Ukjent sted,Odd Børretzen om nordmenn og påske,Ukategoriserbart,,,,,,,,,,,,,,,1,,,,,,,,,,,,
1977,https://tv.nrk.no/serie/norge-rundt/FREP41009477/16-04-1977#t=2m2s,Karasjok,Radio- og TV-forbindelser,Offentlige tjenester og veldedighet,,,"Samiske klær, Skinnlue",,,,,,,,,,,,2,2,,,,Post og tele,,,,,,,
1977,https://tv.nrk.no/serie/norge-rundt/FREP41009477/16-04-1977#t=4m44s,Snillfjord,Slørdal: Dårlige TV-forhold,Offentlige tjenester og veldedighet,,,,,,,,,,,,,,,1,,,,,Post og tele,Mann,,,30 til 40,,,
1977,https://tv.nrk.no/serie/norge-rundt/FREP41009477/16-04-1977#t=6m47s,Oslokommune,Studiosamtale om fjernsynsdekning,Offentlige tjenester og veldedighet,,,Slips,,,,,,,,,,,,1,,,,,Post og tele,Mann,,,50 til 60,,,
1977,https://tv.nrk.no/serie/norge-rundt/FREP41009477/16-04-1977#t=9m10s,Vågan,Lofotfiske 1977,Landbruk og fiske,,,"Hatt, Skinnlue",,,,,,,,,,,,20,4,,,Fiskere,,Mann,Kvinne,Kvinne,50 til 60,50 til 60,5 til 10,
1977,https://tv.nrk.no/serie/norge-rundt/FREP41009477/16-04-1977#t=14m10s,Ukjent sted,Jæren: Steingjerder,Landbruk og fiske,,,Caps,,,,,,,,,,,,2,,,,"Stein, Åker og jorder og nydyrking",,Mann,,,50 til 60,,,
1977,https://tv.nrk.no/serie/norge-rundt/FREP41009477/16-04-1977#t=19m21s,Tranøy,Barnehagesituasjonen i Tranøy,Offentlige tjenester og veldedighet,,,,,,,,,,,,,,,10,10,,,,Skole og barnehage,Mann,Kvinne,Kvinne,50 til 60,40 til 50,20 til 30,
1977,https://tv.nrk.no/serie/norge-rundt/FREP41009477/16-04-1977#t=25m20s,Ringebu,Ringebufjellet: Fjellturister på selvbetjeningshytte,Natur og friluftsliv,,,Caps,,,,,,,,,,,,6,6,"Friluftsliv, Skitur, Turisme",,,,Mann,Kvinne,Kvinne,20 til 30,20 til 30,15 til 20,
1977,https://tv.nrk.no/serie/norge-rundt/FREP41009477/16-04-1977#t=29m48s,Ås,Foring av elg på Landbrukshøyskolen,Dyr,Prestasjon,,"Caps, Kjeledress",,,,,,,,,,,"Elg, Menneske hjelper dyr",3,,,,,,Mann,Mann,,60 til 70,40 til 50,,
1977,https://tv.nrk.no/serie/norge-rundt/FREP41009577/30-04-1977#t=3m2s,Tana,Enda vinter,Natur og friluftsliv,,,Samiske klær,,,,,,,,,,,,2,,Årstider og vakker natur,,,,Mann,Mann,,50 til 60,60 til 70,,
1977,https://tv.nrk.no/serie/norge-rundt/FREP41009577/30-04-1977#t=6m40s,Røst,Vår,Natur og friluftsliv,,,Caps,,,,,,,,,,,,10,,"Fugleliv, Årstider og vakker natur",,,,Mann,,,50 til 60,,,
1977,https://tv.nrk.no/serie/norge-rundt/FREP41009577/30-04-1977#t=11m5s,Hitra,Vår ved Trondheimsfjorden,Natur og friluftsliv,,,,,,,,,,,,,,,3,2,"Fugleliv, Årstider og vakker natur",,,,,,,30 til 40,,,
1977,https://tv.nrk.no/serie/norge-rundt/FREP41009577/30-04-1977#t=15m9s,Ullensvang,Hardanger: Vår,Natur og friluftsliv,,,Bunad,,,,,,,,,,,,2,5,"Årstider og vakker natur, Turisme",,,,Mann,,,50 til 60,,,
1977,https://tv.nrk.no/serie/norge-rundt/FREP41009577/30-04-1977#t=19m14s,Ukjent sted,Jæren: Vår,Natur og friluftsliv,,,,,,,,,,,,,,,1,,"Fugleliv, Årstider og vakker natur",,,,Mann,,,50 til 60,,,
1977,https://tv.nrk.no/serie/norge-rundt/FREP41009577/30-04-1977#t=23m2s,Kristiansand,Vår i sørlandsbyen,Natur og friluftsliv,,,"Caps, Kjeledress",,,,,,,,,,,,8,4,Årstider og vakker natur,,,,,,,,,,
1977,https://tv.nrk.no/serie/norge-rundt/FREP41009577/30-04-1977#t=26m21s,Tinn,Rjukan: Vår,Natur og friluftsliv,,,Caps,,,,,,,,,,,,6,,Årstider og vakker natur,,,,Mann,Mann,Mann,50 til 60,40 til 50,50 til 60,
1977,https://tv.nrk.no/serie/norge-rundt/FREP41009577/30-04-1977#t=29m33s,Ukjent sted,Finnskogen: Vår,Natur og friluftsliv,,,"Caps, Skinnlue",,,,,,,,,,,,2,,"Fugleliv, Isfiske, Årstider og vakker natur, Vær",,,,Mann,Mann,,70 til 80,,,
1977,https://tv.nrk.no/serie/norge-rundt/FREP43007577/14-05-1977#t=2m38s,Eid,Hingstesjå,Dyr,,Ler,"Caps, Hatt, Kjeledress, Slips, Strikkekofte",,,,,,,,,,,Hest,50,5,,,,,Mann,Mann,,50 til 60,70 til 80,,
1977,https://tv.nrk.no/serie/norge-rundt/FREP43007577/14-05-1977#t=9m14s,Levanger,Innheradsferja,Offentlige tjenester og veldedighet,Spesielle kombinasjoner,,,,,,,,,,,,,,5,5,,,,Bibliotek,Kvinne,,,40 til 50,,,
1977,https://tv.nrk.no/serie/norge-rundt/FREP43007577/14-05-1977#t=12m54s,Nøtterøy,Teatergruppe ved Linde skole for bevegelseshemmede,Kunst og Håndverk,,,,,,,Teater og forestillinger,,,,,,,,7,7,,,,,Mann,Kvinne,,50 til 60,20 til 30,,
1977,https://tv.nrk.no/serie/norge-rundt/FREP43007577/14-05-1977#t=16m37s,Marnardal,Bjelland: Tønnestavproduksjon,Kunst og Håndverk,,,Caps,,,,Tønne,,,,,,,,10,5,,,,,Mann,Mann,,50 til 60,40 til 50,,
1977,https://tv.nrk.no/serie/norge-rundt/FREP43007577/14-05-1977#t=21m33s,Balsfjord,Geiter,Landbruk og fiske,,,"Caps, Kjeledress",,,,,,,,,,,,6,5,,,Geitehold,,Mann,Kvinne,Mann,40 til 50,40 til 50,50 til 60,
1977,https://tv.nrk.no/serie/norge-rundt/FREP43007577/14-05-1977#t=27m9s,Inderøy,"""Plant et tre"" - aksjon",Natur og friluftsliv,,,Caps,,,,,,,,,,,,20,20,Trær,,,,Kvinne,Mann,,30 til 40,40 til 50,,
1977,https://tv.nrk.no/serie/norge-rundt/FREP43007577/14-05-1977#t=30m4s,Oslokommune,Ammerud: Planting av trær,Natur og friluftsliv,,,Slips,,,,,,,,,,,,20,10,Trær,,,,Mann,,,40 til 50,,,
1977,https://tv.nrk.no/serie/norge-rundt/FREP43007677/28-05-1977#t=1m52s,Bærum,Sandvika: Sykkelreparasjon,Kunst og Håndverk,,,"Caps, Kjeledress",,,,"Restaurering og reparasjon, Verksted",,,,,,,,2,1,,,,,Mann,Mann,Kvinne,80 til 90,60 til 70,70 til 80,
1977,https://tv.nrk.no/serie/norge-rundt/FREP43007677/28-05-1977#t=6m25s,Vestnes,Tomrefjord: Arbeidsledighet etter fabrikknedleggelse,Ukategoriserbart,,,,,,,,,,,,,,,1,3,,,,,Kvinne,Kvinne,Mann,20 til 30,30 til 40,60 til 70,
1977,https://tv.nrk.no/serie/norge-rundt/FREP43007677/28-05-1977#t=12m50s,Bindal,Sør-Helgeland: Gullet i Bindalen,Bygg og industri,,,"Hatt, Kjeledress","Anlegg, Gruve og steinbrudd",,,,,,,,,,,3,,,,,,Mann,,,70 til 80,,,
1977,https://tv.nrk.no/serie/norge-rundt/FREP43007677/28-05-1977#t=17m3s,Ukjent sted,Ytre Senja: Legemangel i Nord-Norge,Offentlige tjenester og veldedighet,,,Slips,,,,,,,,,,,,6,5,,,,Helsetjenester,Mann,Kvinne,Mann,40 til 50,60 til 70,50 til 60,
1977,https://tv.nrk.no/serie/norge-rundt/FREP43007677/28-05-1977#t=22m50s,Tysvær,Cleng Peerson-huset,Historisk,,,"Busserull, Slips",,Bygninger,,,,,,,,,,2,,,,,,Mann,Mann,Mann,50 til 60,40 til 50,60 til 70,
1977,https://tv.nrk.no/serie/norge-rundt/FREP43007677/28-05-1977#t=27m37s,Larvik,NM i havfiske,Natur og friluftsliv,,,"Caps, Hatt",,,,,,,,,,,,30,10,"Friluftsliv, Sportsfiske",,,,Mann,,,70 til 80,,,
1977,https://tv.nrk.no/serie/norge-rundt/FREP43007777/11-06-1977#t=1m47s,Herøy (M.ogR.),Fosnavåg: Herøymessa 1977,Ukategoriserbart,,,"Caps, Hatt, Kjeledress, Sydvest",,,,,,,,,,,,30,10,,,,,,,,,,,
1977,https://tv.nrk.no/serie/norge-rundt/FREP43007777/11-06-1977#t=7m7s,Hamar,Jernbanedagene,Ukategoriserbart,,,"Slips, Uniform",,,,,,,,,,,,2,,,,,,Mann,,,30 til 40,,,
1977,https://tv.nrk.no/serie/norge-rundt/FREP43007777/11-06-1977#t=12m33s,Lund,Moi: Sauebjellefabrikk,Kjøp og salg,,,,,,,,,,,,,,,3,1,,Småskalaproduksjon,,,Mann,,,30 til 40,,,
1977,https://tv.nrk.no/serie/norge-rundt/FREP43007777/11-06-1977#t=16m45s,Vadsø,Teaterstykke om Hurtigruta,Kunst og Håndverk,,,"Caps, Hatt, Slips",,,,Teater og forestillinger,,,,,,,,9,6,,,,,Mann,Mann,,30 til 40,40 til 50,,
1977,https://tv.nrk.no/serie/norge-rundt/FREP43007777/11-06-1977#t=21m57s,Kåfjord,Manndalen: Grenevev,Kunst og Håndverk,,,,,,,Veving,,,,,,,,,7,,,,,Kvinne,,,40 til 50,,,
1977,https://tv.nrk.no/serie/norge-rundt/FREP43007777/11-06-1977#t=26m43s,Tysnes,Eg heiter Anne Knutsdotter,Musikk,,Elsker,"Caps, Strikkekofte",,,,,,,,,"Fele, Musikkvideo, Sang",,,1,1,,,,,Kvinne,Mann,,20 til 30,60 til 70,,
1977,https://tv.nrk.no/serie/norge-rundt/FREP43007877/25-06-1977#t=53s,Oslokommune,Sommer i hovedstaden,Ukategoriserbart,,,"Caps, Slips, Uniform",,,,,,,,,,,,,,,,,,,,,,,,
1977,https://tv.nrk.no/serie/norge-rundt/FREP43007977/09-07-1977#t=2m46s,Engerdal,Sylen: Avsides gård i Femundmarka,Ukategoriserbart,"Isolasjon fra samfunnet, Personlighet",,Caps,,,,,,,,,,,,3,,,,,,Mann,Kvinne,,70 til 80,50 til 60,,
1977,https://tv.nrk.no/serie/norge-rundt/FREP43007977/09-07-1977#t=8m45s,Lillesand,Justøy: bibelcamping,Natur og friluftsliv,Religiøst,,"Caps, Hatt",,,,,,,,,,,,30,30,"Camping, Turisme",,,,Mann,,,40 til 50,,,
1977,https://tv.nrk.no/serie/norge-rundt/FREP43007977/09-07-1977#t=13m52s,Kongsberg,Numedalsbanen,Ukategoriserbart,,,"Busserull, Hatt, Uniform",,,,,,,,,,,,20,10,,,,,Mann,Mann,Mann,40 til 50,40 til 50,80 til 90,
1977,https://tv.nrk.no/serie/norge-rundt/FREP43007977/09-07-1977#t=20m51s,Nordreisa,Njalla'zi: Uranboring foreslått i naturreservat,Natur og friluftsliv,,,Caps,,,,,,,,,,,,10,,Vern,,,,Mann,,,40 til 50,,,
1977,https://tv.nrk.no/serie/norge-rundt/FREP43007977/09-07-1977#t=24m47s,Stranda,Hellesylt: Treskjærer Oddvin Parr,Kunst og Håndverk,,,,,,,Treskjærer,,,,,,,,1,,,,,,Mann,,,50 til 60,,,
1977,https://tv.nrk.no/serie/norge-rundt/FREP43007977/09-07-1977#t=30m2s,Utlandet,Ånge: Pensjonister bytter hus i ferien,Ukategoriserbart,,,Hatt,,,,,,,,,,,,6,20,,,,,Mann,Kvinne,,50 til 60,80 til 90,,
1977,https://tv.nrk.no/serie/norge-rundt/FREP43008077/23-07-1977#t=2m51s,Etne,Ljåsmiing og ljåbruk,Kunst og Håndverk,"Nerdefaktor, Personlighet",,Caps,,,,"Redskap, Smed",,,,,,,,8,,,,,,Mann,Mann,,50 til 60,60 til 70,,
1977,https://tv.nrk.no/serie/norge-rundt/FREP43008077/23-07-1977#t=11m,Horten,Blåskjelldyrking blant blåkrager,Mat,Spesielle kombinasjoner,,"Caps, Uniform",,,,,,,,,,Blåskjell,,6,3,,,,,Mann,,,50 til 60,,,
1977,https://tv.nrk.no/serie/norge-rundt/FREP43008077/23-07-1977#t=16m22s,Rennebu,Nerskogen: Nydyrking av jord,Landbruk og fiske,,,"Bunad, Caps, Hatt, Strikkekofte",,,,,,,,,,,,2,,,,Åker og jorder og nydyrking,,Mann,Mann,,80 til 90,20 til 30,,
1977,https://tv.nrk.no/serie/norge-rundt/FREP43008077/23-07-1977#t=21m25s,Seljord,Sparkstøttinger til sommerbruk,Samlere entusiaster og oppfinnere,"Grunder, Personlighet, Spesielle kombinasjoner",,Caps,,,,,,Oppfinnelser,,,,,,7,2,,,,,Kvinne,Mann,,80 til 90,60 til 70,,
1977,https://tv.nrk.no/serie/norge-rundt/FREP43008077/23-07-1977#t=26m11s,Hasvik,Breivik: Nytt liv i fraflyttingssamfunn på Sørøy,Ukategoriserbart,,,Caps,,,,,,,,,,,,20,2,,,,,Mann,Kvinne,Mann,30 til 40,30 til 40,20 til 30,
1977,https://tv.nrk.no/serie/norge-rundt/FREP43008177/06-08-1977#t=3m1s,Kristiansand,Tropehest i Dyreparken,Dyr,,Redd,,,,,,,,,,,,"Aper, eksotiske dyr, Krokodiller, Papegøye, Slange",10,10,,,,,Mann,,,20 til 30,,,
1977,https://tv.nrk.no/serie/norge-rundt/FREP43008177/06-08-1977#t=8m48s,Frosta,Bygdeauksjon,Ukategoriserbart,,Ler,"Caps, Hatt, Slips",,,,,,,,,,,,30,30,,,,,Mann,,,70 til 80,,,
1977,https://tv.nrk.no/serie/norge-rundt/FREP43008177/06-08-1977#t=13m28s,Rakkestad,Veving og keramikk,Kunst og Håndverk,Spesielle kombinasjoner,,,,,,"Keramikk, Veving, Utstilling",,,,,,,,,2,,,,,Kvinne,Kvinne,,30 til 40,30 til 40,,
1977,https://tv.nrk.no/serie/norge-rundt/FREP43008177/06-08-1977#t=18m20s,Stranda,Veteranbiler på tur til Briksdalsbreen,Samlere entusiaster og oppfinnere,Rare arrangement eller klubber eller foreninger,,"Caps, Hatt, Strikkekofte",,,,,,Biler,,,,,,20,8,,,,,,,,,,,
1977,https://tv.nrk.no/serie/norge-rundt/FREP43008177/06-08-1977#t=25m3s,Stavanger,Torgsteming,Ukategoriserbart,,,Strikkekofte,,,,,,,,,,,,1,10,,,,,Kvinne,,,70 til 80,,,
1977,https://tv.nrk.no/serie/norge-rundt/FREP43008177/06-08-1977#t=29m20s,Kongsvinger,Krepsesesongen tar til,Natur og friluftsliv,,,Hatt,,,,,,,,,,,,5,2,Krepsefiske,,,,Mann,Kvinne,Mann,40 til 50,30 til 40,30 til 40,
1977,https://tv.nrk.no/serie/norge-rundt/FREP43008277/20-08-1977#t=2m46s,Skien,Blåbærplukking,Natur og friluftsliv,,,,,,,,,,,,,,,2,3,"Bærplukking, Friluftsliv",,,,Kvinne,Kvinne,,20 til 30,50 til 60,,
1977,https://tv.nrk.no/serie/norge-rundt/FREP43008277/20-08-1977#t=7m22s,Tromsø,Brilleproduksjon,Kjøp og salg,Grunder,,Slips,,,,,,,,,,,,3,2,,"Småskalaproduksjon, Spesialbutikk",,,Mann,,,30 til 40,,,
1977,https://tv.nrk.no/serie/norge-rundt/FREP43008277/20-08-1977#t=11m52s,Oslokommune,Hovedøya - folkepark for Oslo?,Ukategoriserbart,,,"Hatt, Slips",,,,,,,,,,,,4,3,,,,,Mann,,,80 til 90,,,
1977,https://tv.nrk.no/serie/norge-rundt/FREP43008277/20-08-1977#t=17m3s,Stavanger,Bybrua - nytt landemerke,Bygg og industri,,,"Hjelm, Kjeledress","Anlegg, Bro",,,,,,,,,,,10,,,,,,Mann,Mann,Mann,30 til 40,20 til 30,60 til 70,
1977,https://tv.nrk.no/serie/norge-rundt/FREP43008277/20-08-1977#t=22m1s,Sund,Sotra: På vei inn i en ny tid,Ukategoriserbart,,Ler,"Caps, Hatt, Kjeledress, Strikkekofte, Uniform",,,,,,,,,,,,30,30,,,,,Mann,,,30 til 40,,,
1977,https://tv.nrk.no/serie/norge-rundt/FREP43008277/20-08-1977#t=28m15s,Lillesand,Kjøpmannsvik: 92-årig kjøpmann i fullt arbeid,Kjøp og salg,"Alder, Personlighet",,"Caps, Slips",,,,,,,,,,,,2,2,,Butikk,,,Mann,,,90 til 100,,,
1977,https://tv.nrk.no/serie/norge-rundt/FREP45003177/03-09-1977#t=2m28s,Rissa,Mangt er mat,Mat,,"Wow, Redd",,,,,,,,,,,Er dette mat?,,,,,,,,Mann,,,40 til 50,,,
1977,https://tv.nrk.no/serie/norge-rundt/FREP45003177/03-09-1977#t=5m57s,Holmestrand,Båter i opplag,Bygg og industri,,,"Hjelm, Kjeledress",Skip,,,,,,,,,,,9,,,,,,Mann,Mann,,50 til 60,50 til 60,,
1977,https://tv.nrk.no/serie/norge-rundt/FREP45003177/03-09-1977#t=11m46s,Saltdal,Saltfjellet - nasjonalpark eller vannkraft?,Natur og friluftsliv,,,"Hatt, Strikkekofte",,,,,,,,,,,,1,,Vern,,,,Mann,Mann,Mann,40 til 50,50 til 60,60 til 70,
1977,https://tv.nrk.no/serie/norge-rundt/FREP45003177/03-09-1977#t=17m49s,Eide,Vevang: Impulsbåten i Møre og Romsdal,Kunst og Håndverk,,,Hatt,,,,"Dukketeater, Lær, Teater og forestillinger, Andre materialer",,,,,,,,10,10,,,,,Mann,Mann,,20 til 30,40 til 50,,
1977,https://tv.nrk.no/serie/norge-rundt/FREP45003177/03-09-1977#t=22m55s,Porsanger,Lakselv: Flyoppsyn på Finnmarksvidda,Offentlige tjenester og veldedighet,Spesielle kombinasjoner,,Uniform,,,,,,,,,,,,6,,,,,Politi,Mann,,,40 til 50,,,
1977,https://tv.nrk.no/serie/norge-rundt/FREP45003177/03-09-1977#t=27m22s,Kvitsøy,Amatørrevy,Kunst og Håndverk,,,,,,,Teater og forestillinger,,,,,,,,10,10,,,,,Mann,,,40 til 50,,,
1977,https://tv.nrk.no/serie/norge-rundt/FREP43007877/25-06-1977#t=3m57s,Årdal,Smelteverk i sommervarmen,Bygg og industri,,,"Hjelm, Kjeledress",Fabrikk,,,,,,,,,,,20,8,,,,,Mann,Kvinne,Mann,20 til 30,20 til 30,60 til 70,
1977,https://tv.nrk.no/serie/norge-rundt/FREP43007877/25-06-1977#t=11m31s,Bodø,Fallskjermhopping,Idrett og fysisk aktivitet,,Ler,Hjelm,,,,,Fallskjerm,,,,,,,5,1,,,,,Mann,Mann,,15 til 20,30 til 40,,
1977,https://tv.nrk.no/serie/norge-rundt/FREP43007877/25-06-1977#t=17m23s,Farsund,Sørlandet: Listerskøyta,Kunst og Håndverk,,,"Caps, Hatt, Skinnlue, Uniform",,,,"Båt, Rekonstruksjon",,,,,,,,20,20,,,,,,,,,,,
1977,https://tv.nrk.no/serie/norge-rundt/FREP43007877/25-06-1977#t=23m22s,Trondheim,Familiedugnad i nybyggerfelt,Bygg og industri,,,"Caps, Kjeledress",Bygg,,,,,,,,,,,5,3,,,,,Kvinne,Mann,,20 til 30,15 til 20,,
1977,https://tv.nrk.no/serie/norge-rundt/FREP43007877/25-06-1977#t=28m3s,Øystre Slidre,Valdres: Utgraving av gamle kirkeruiner,Historisk,,,Bunad,,"Arkeologi, Kirkebygg",,,,,,,,,,5,5,,,,,Mann,Mann,,15 til 20,30 til 40,,
1977,https://tv.nrk.no/serie/norge-rundt/FREP45003277/17-09-1977#t=2m16s,Oslokommune,Avskjed med Stortinget,Politikk og media,Personlighet,,Slips,,,,,,,,,,,,1,,,,,,Mann,,,60 til 70,,,Møte med politiker
1977,https://tv.nrk.no/serie/norge-rundt/FREP45003277/17-09-1977#t=8m13s,Ukjent sted,Finnskogen: Lindyrking og veving,Kunst og Håndverk,"Isolasjon fra samfunnet, Personlighet","Elsker, Wow",Strikkekofte,,,,"Hekling, Lin",,,,,,,,1,1,,,,,Kvinne,Mann,,80 til 90,80 til 90,,
1977,https://tv.nrk.no/serie/norge-rundt/FREP45003277/17-09-1977#t=14m25s,Molde,Aktivt forbruker- og heimstellskontor,Offentlige tjenester og veldedighet,,,,,,,,,,,,,,,10,20,,,,"Forbruker, Skole og barnehage",Mann,Mann,Mann,30 til 40,20 til 30,10 til 15,
1977,https://tv.nrk.no/serie/norge-rundt/FREP45003277/17-09-1977#t=21m46s,Ringerike,Veiprosjekt på 700 mål erstatningsjord,Bygg og industri,,,"Busserull, Caps, Slips",Vei,,,,,,,,,,,,,,,,,Mann,Mann,Mann,40 til 50,60 til 70,30 til 40,
1977,https://tv.nrk.no/serie/norge-rundt/FREP45003277/17-09-1977#t=26m32s,Flora,Svanøy: Plantefargingskurs,Kunst og Håndverk,,,Hatt,,,,"Garn til håndarbeid, Plantefarging",,,,,,,,,10,,,,,Kvinne,Kvinne,,40 til 50,20 til 30,,
1977,https://tv.nrk.no/serie/norge-rundt/FREP45003377/01-10-1977#t=57s,Oslokommune,"Harald Heide Steen jr som representant for ""Elgforbundet""",Ukategoriserbart,,Ler,,,,,,,,,,,,,1,,,,,,Mann,,,40 til 50,,,
1977,https://tv.nrk.no/serie/norge-rundt/FREP45003377/01-10-1977#t=2m53s,Saltdal,Saltfjellet: Reinsanking,Landbruk og fiske,,,"Caps, Samiske klær, Skinnlue",,,,,,,,,,,,10,4,,,Reindrift,,Mann,Mann,Kvinne,30 til 40,50 til 60,70 til 80,
1977,https://tv.nrk.no/serie/norge-rundt/FREP45003377/01-10-1977#t=10m9s,Kristiansand,Sørlandet RC Modellflyklubb,Samlere entusiaster og oppfinnere,,,Caps,,,,,,Modellfly,,,,,,8,,,,,,,,,,,,
1977,https://tv.nrk.no/serie/norge-rundt/FREP45003377/01-10-1977#t=15m34s,Bergen,Pasienter på venteliste,Offentlige tjenester og veldedighet,,,Slips,,,,,,,,,,,,2,10,,,,Helsetjenester,Mann,Mann,,60 til 70,50 til 60,,
1977,https://tv.nrk.no/serie/norge-rundt/FREP45003377/01-10-1977#t=21m15s,Oslokommune,Biltrafikk og togtrafikk i Oslo havn,Offentlige tjenester og veldedighet,,,"Hjelm, Slips, Uniform",,,,,,,,,,,,4,,,,,Jernbane,Mann,Mann,Mann,40 til 50,60 til 70,50 til 60,
1977,https://tv.nrk.no/serie/norge-rundt/FREP45003377/01-10-1977#t=26m11s,Ål,Hallingdal: Uvanlig sykkelsport,Idrett og fysisk aktivitet,Spesiell jobb,Wow,"Caps, Hjelm",,,,,Sykling,,,,,,,3,,,,,,Mann,,,30 til 40,,,
1977,https://tv.nrk.no/serie/norge-rundt/FREP45003477/15-10-1977#t=1m1s,Søndre Land,Hov i Land: Høstvise,Musikk,,,,,,,,,,,,"Gitar, Musikkvideo, Sang",,,1,,,,,,Mann,,,20 til 30,,,
1977,https://tv.nrk.no/serie/norge-rundt/FREP45003477/15-10-1977#t=3m57s,Vadsø,"Reketråleren ""Bølgen""",Landbruk og fiske,,,"Caps, Skinnlue",,,,,,,,,,,,2,,,,Rekefiske,,Mann,Mann,,60 til 70,50 til 60,,
1977,https://tv.nrk.no/serie/norge-rundt/FREP45003477/15-10-1977#t=11m51s,Rana,Mi i Rana: Rana Blads gamle avispresse til museum,Historisk,,,,,"Avispresse, Museum",,,,,,,,,,3,,,,,,Mann,,,50 til 60,,,
1977,https://tv.nrk.no/serie/norge-rundt/FREP45003477/15-10-1977#t=17m16s,Eide,Hustadvika: Tang og tare,Landbruk og fiske,,,"Caps, Hatt, Slips",,,,,,,,,,,,5,1,,,Tang og tare,,Mann,Mann,,50 til 60,40 til 50,,
1977,https://tv.nrk.no/serie/norge-rundt/FREP45003477/15-10-1977#t=24m15s,Gausdal,Riving eller freding av Kornhaug,Historisk,,,Slips,,Bygninger,,,,,,,,,,3,,,,,,Mann,,,60 til 70,,,
1977,https://tv.nrk.no/serie/norge-rundt/FREP45003477/15-10-1977#t=30m31s,Kristiansand,Brukskunstsenter,Kunst og Håndverk,,,,,,,"Gullsmed, Keramikk, Sying, Veving, Utstillinger og galleri",,,,,,,,10,5,,,,,Kvinne,Kvinne,,30 til 40,30 til 40,,
1977,https://tv.nrk.no/serie/norge-rundt/FREP45003577/29-10-1977#t=53s,Oslokommune,Forkjølelse,Offentlige tjenester og veldedighet,,,Slips,,,,,,,,,,,,1,,,,,Helsetjenester,Mann,,,60 til 70,,,
1977,https://tv.nrk.no/serie/norge-rundt/FREP45003577/29-10-1977#t=2m24s,Østre Toten,Lena: Totenklokker,Kunst og Håndverk,"Hjemmelaget, Nerdefaktor",,,,,,"Klokkemaker, Redskap",,,,,,,,1,,,,,,Mann,,,80 til 90,,,
1977,https://tv.nrk.no/serie/norge-rundt/FREP45003577/29-10-1977#t=9m31s,Drammen,Bingen: Nytt klubbhus,Idrett og fysisk aktivitet,,,,,,,,Fotball,,,,,,,10,5,,,,,Kvinne,Kvinne,Mann,10 til 15,10 til 15,40 til 50,
1977,https://tv.nrk.no/serie/norge-rundt/FREP45003577/29-10-1977#t=14m,Sør-Varanger,Bjørnevatn: Malmtog,Ukategoriserbart,,,Caps,,,,,,,,,,,,3,,,,,,Mann,,,70 til 80,,,
1977,https://tv.nrk.no/serie/norge-rundt/FREP45003577/29-10-1977#t=20m49s,Trondheim,Nye studentboliger,Offentlige tjenester og veldedighet,,,,,,,,,,,,,,,,2,,,,Skole og barnehage,Kvinne,Mann,,20 til 30,20 til 30,,
1977,https://tv.nrk.no/serie/norge-rundt/FREP45003577/29-10-1977#t=25m42s,Hyllestad,Hyllestad i Sogn,Ukategoriserbart,,,"Hjelm, Slips",,,,,,,,,,,,10,,,,,,Mann,Mann,,80 til 90,60 til 70,,
1977,https://tv.nrk.no/serie/norge-rundt/FREP45003677/12-11-1977#t=54s,Klepp,Sele på Jæren: Vindharpe,Musikk,Spesielle kombinasjoner,Wow,,,,,,,,,,Ting som ikke er instrument,,,1,,,,,,Mann,,,50 til 60,,,
1977,https://tv.nrk.no/serie/norge-rundt/FREP45003677/12-11-1977#t=6m25s,Oslokommune,Om været,Natur og friluftsliv,,Ler,Slips,,,,,,,,,,,,1,,"Årstider og vakker natur, Vær",,,,Mann,,,40 til 50,,,
1977,https://tv.nrk.no/serie/norge-rundt/FREP45003677/12-11-1977#t=8m29s,Sør-Varanger,Grense Jakobselv,Politikk og media,,Trist,"Skinnlue, Uniform",,,,,,,,,,,,5,2,,,,,Kvinne,Mann,Kvinne,70 til 80,80 til 90,60 til 70,Distriktspolitikk
1977,https://tv.nrk.no/serie/norge-rundt/FREP45003677/12-11-1977#t=15m21s,Bærum,Sandvika: Flytting av Løkke bro,Ukategoriserbart,,,"Caps, Hjelm, Slips",,,,,,,,,,,,5,,,,,,Mann,,,70 til 80,,,
1977,https://tv.nrk.no/serie/norge-rundt/FREP45003677/12-11-1977#t=20m52s,Rauma,Isfjorden: Maling av korn,Mat,,,Caps,,,,,,,,,,"Diverse tradisjonsmat, Grøt, Korn",,2,1,,,,,Mann,,,50 til 60,,,
1977,https://tv.nrk.no/serie/norge-rundt/FREP45003677/12-11-1977#t=26m28s,Bjugn,Tarva: Steinaldersau,Landbruk og fiske,,,"Caps, Kjeledress",,,,,,,,,,,,3,,,,Sauehold,,Mann,,,30 til 40,,,
1977,https://tv.nrk.no/serie/norge-rundt/FREP45003777/26-11-1977#t=1m33s,Sør-Aurdal,Hedalen: Sprintsauen,Landbruk og fiske,,Ler,Hatt,,,,,,,,,,,,1,,,,Sauehold,,Mann,,,40 til 50,,,
1977,https://tv.nrk.no/serie/norge-rundt/FREP45003777/26-11-1977#t=4m3s,Bø (Telem.),Bygget sin egen stavkirke,Kunst og Håndverk,,,,,,,"Lafting, Rekonstruksjon, Snekring, Treskjærer",,,,,,,,1,,,,,,Mann,,,60 til 70,,,
1977,https://tv.nrk.no/serie/norge-rundt/FREP45003777/26-11-1977#t=9m12s,Rendalen,Avløserorning i eldreomsorgen,Offentlige tjenester og veldedighet,,,,,,,,,,,,,,,,7,,,,Eldreomsorg,Kvinne,Kvinne,,40 til 50,80 til 90,,
1977,https://tv.nrk.no/serie/norge-rundt/FREP45003777/26-11-1977#t=14m54s,Holmestrand,Portforbud for ungdom,Politikk og media,,Wow,,,,,,,,,,,,,10,10,,,,,Mann,Mann,,15 til 20,20 til 30,,Ungdomspolitikk
1977,https://tv.nrk.no/serie/norge-rundt/FREP45003777/26-11-1977#t=18m10s,Vindafjord,Vaktelfarm i Skjold,Dyr,,,,,,,,,,,,,,"Fugl, Vaktel",,1,,,,,Kvinne,,,30 til 40,,,
1977,https://tv.nrk.no/serie/norge-rundt/FREP45003777/26-11-1977#t=23m10s,Sandøy,Harøya: Vevstuekollektiv,Kunst og Håndverk,,,Hatt,,,,Veving,,,,,,,,,8,,,,,Kvinne,Kvinne,,60 til 70,20 til 30,,
1977,https://tv.nrk.no/serie/norge-rundt/FREP45003777/26-11-1977#t=28m22s,Ringerike,Åsbygda: UFO over Åsbygda?,Ukategoriserbart,,Ler,,,,,,,,,,,,,3,1,,,,,Mann,Kvinne,Mann,30 til 40,60 til 70,20 til 30,
1977,https://tv.nrk.no/serie/norge-rundt/FREP45003877/10-12-1977#t=1m2s,Svalbard,Longyearbyen: Svalbardposten,Politikk og media,,,,,,,,,,,,,,,2,1,,,,,Mann,,,30 til 40,,,Avis
1977,https://tv.nrk.no/serie/norge-rundt/FREP45003877/10-12-1977#t=5m22s,Kristiansand,Det gamle kretsfengselet skal rives,Historisk,,Ler,Slips,,Bygninger,,,,,,,,,,2,,,,,,Mann,Mann,,70 til 80,70 til 80,,
1977,https://tv.nrk.no/serie/norge-rundt/FREP45003877/10-12-1977#t=11m53s,Sandnes,Figgjo: Rasjonalisering hos produsent av sportsklær,Bygg og industri,,,,Tekstilproduksjon,,,,,,,,,,,,10,,,,,Kvinne,,,50 til 60,,,
1977,https://tv.nrk.no/serie/norge-rundt/FREP45003877/10-12-1977#t=16m16s,Torsken,Grunnfarnes: Møte med kjøpmann Alfred Pedersen,Kjøp og salg,Personlighet,,"Caps, Hatt",,,,,,,,,,,,7,2,,Butikk,,,Mann,,,40 til 50,,,
1977,https://tv.nrk.no/serie/norge-rundt/FREP45003877/10-12-1977#t=21m26s,Vefsn,Mosjøen: Dårlig drikkevann,Offentlige tjenester og veldedighet,,Ler,"Caps, Hatt, Slips",,,,,,,,,,,,5,3,,,,,Kvinne,Mann,Mann,60 til 70,70 til 80,50 til 60,
1977,https://tv.nrk.no/serie/norge-rundt/FREP45003877/10-12-1977#t=27m15s,Oslokommune,Slakting av gris til jul,Mat,,Wow,,,,,,,,,,,Svin,,10,,,,,,Mann,,,40 til 50,,,
1977,https://tv.nrk.no/serie/norge-rundt/FREP45003977/24-12-1977#t=2m37s,Oslokommune,Juleforberedelser med pakistanske barn,Offentlige tjenester og veldedighet,,,,,,,,,,,,,,,3,7,,,,"Integrering, Veldedighet",Kvinne,,,10 til 15,,,
1977,https://tv.nrk.no/serie/norge-rundt/FREP45003977/24-12-1977#t=5m59s,Mandal,Jente skriver julebrev til faren,Ukategoriserbart,,Elsker,,,,,,,,,Familie,,,,1,3,,,,,Kvinne,,,10 til 15,,,
1977,https://tv.nrk.no/serie/norge-rundt/FREP45003977/24-12-1977#t=10m52s,Levanger,Skogn: Juleforberedelser,Kunst og Håndverk,,Elsker,,,,,Jul,,,,,,,,10,10,,,,,Mann,,,0 til 5,,,
1977,https://tv.nrk.no/serie/norge-rundt/FREP45003977/24-12-1977#t=15m18s,Fredrikstad,Juleball for barn og foreldre,Idrett og fysisk aktivitet,,Elsker,"Paljetter, Slips",,,,,Dans,,,,,,,75,75,,,,,,,,,,,
1977,https://tv.nrk.no/serie/norge-rundt/FREP45003977/24-12-1977#t=18m19s,Bergen,Loddefjord,Offentlige tjenester og veldedighet,,,,,,,,,,,,,,,20,20,,,,"Skole og barnehage, Veldedighet",Mann,,,10 til 15,,,
1977,https://tv.nrk.no/serie/norge-rundt/FREP45003977/24-12-1977#t=21m29s,Oslokommune,Pakking av barnetimeboka,Kunst og Håndverk,,,,,,,Bok,,,,,,,,3,3,,,,,,,,,,,
1977,https://tv.nrk.no/serie/norge-rundt/FREP45003977/24-12-1977#t=23m15s,Tromsø,Eventyrneset: Fra gården til Øyvind Dahl,Ukategoriserbart,Personlighet,Elsker,Hatt,,,,,,,,,,,,2,1,,,,,Mann,Kvinne,Mann,70 til 80,5 til 10,5 til 10,
1977,https://tv.nrk.no/serie/norge-rundt/FREP45003977/24-12-1977#t=28m37s,Stange,Åkershagan: Juleforberedelser,Offentlige tjenester og veldedighet,,Elsker,Busserull,,,,,,,,Terapi,,,,5,10,,,,Skole og barnehage,,,,,,,
1977,https://tv.nrk.no/serie/norge-rundt/FREP45003977/24-12-1977#t=33m29s,Sandøy,Orten: Peggy 7 år,Ukategoriserbart,Personlighet,Elsker,,,,,,,,,Familie,,,,,3,,,,,Kvinne,,,5 til 10,,,
1977,https://tv.nrk.no/serie/norge-rundt/FREP45003977/24-12-1977#t=38m34s,Kongsvinger,Eventyrhus hvor det lages nisser,Kunst og Håndverk,,,,,,,Jul,,,,,,,,,1,,,,,Kvinne,,,50 til 60,,,
1978,https://tv.nrk.no/serie/norge-rundt/FREP41004677/06-01-1978#t=4m26s,Namsos,Nord-Trøndelag husflidsskole,Kunst og Håndverk,Spesielle kombinasjoner,,,,,,"Garn til håndarbeid, Andre materialer",,,,,,,,,6,,,,,Kvinne,,,30 til 40,,,
1978,https://tv.nrk.no/serie/norge-rundt/FREP41004677/06-01-1978#t=9m43s,Lindås,Mongstad: Fra oljeraffineriet,Bygg og industri,,,,Olje,,,,,,,,,,,5,,,,,,Mann,,,30 til 40,,,
1978,https://tv.nrk.no/serie/norge-rundt/FREP41004677/06-01-1978#t=13m51s,Oslokommune,Nonnekloster på Lunden,Ukategoriserbart,Religiøst,,Uniform,,,,,,,,,,,,1,10,,,,,Kvinne,,,30 til 40,,,
1978,https://tv.nrk.no/serie/norge-rundt/FREP41004677/06-01-1978#t=20m43s,Kristiansand,Verksted som lager vekter,Kunst og Håndverk,Religiøst,,,,,,Andre materialer,,,,,,,,1,,,,,,Mann,,,70 til 80,,,
1978,https://tv.nrk.no/serie/norge-rundt/FREP41004677/06-01-1978#t=25m45s,Oslokommune,Radarbriller for blinde,Samlere entusiaster og oppfinnere,,Wow,,,,,,,Oppfinnelser,,,,,,2,,,,,,Mann,,,20 til 30,,,
1978,https://tv.nrk.no/serie/norge-rundt/FREP41004778/20-01-1978#t=2m48s,Tranøy,Ordfører Lyder Johan Nilssen om å bli stortingspolitiker,Politikk og media,,,Skinnlue,,,,,,,,,,,,1,,,,,,Mann,,,60 til 70,,,Møte med politiker
1978,https://tv.nrk.no/serie/norge-rundt/FREP41004778/20-01-1978#t=5m41s,Hol,Geilo: Moderne øksesmie og smie på gården Kleiven i Skurdalen,Kunst og Håndverk,,,Caps,,,,Smed,,,,,,,,3,,,,,,Mann,,,80 til 90,,,
1978,https://tv.nrk.no/serie/norge-rundt/FREP41004778/20-01-1978#t=11m31s,Ukjent sted,Vesterålen: Los på hurtigruta Kong Olav,Ukategoriserbart,"Personlighet, Spesiell jobb",,Uniform,,,,,,,,,,,,4,,,,,,Mann,Mann,,50 til 60,30 til 40,,
1978,https://tv.nrk.no/serie/norge-rundt/FREP41004778/20-01-1978#t=16m58s,Trysil,Valdres/ Trysil: Instrumentstrenger av sauetarmer og gitarfabrikk,Kunst og Håndverk,Spesielle kombinasjoner,,,,,,"Gitarmaker, Instrumentmaking, Andre materialer",,,,,,,,2,1,,,,,Mann,Mann,,50 til 60,70 til 80,,
1978,https://tv.nrk.no/serie/norge-rundt/FREP41004778/20-01-1978#t=23m11s,Bergen,Byttebutikk i Åsane,Kjøp og salg,,,"Hatt, Hjelm, Strikkekofte",,,,,,,,,,,,4,6,,Loppemarked og gjenbruk,,,Kvinne,Mann,,40 til 50,30 til 40,,
1978,https://tv.nrk.no/serie/norge-rundt/FREP41004778/20-01-1978#t=29m20s,Nannestad,Bygdespeilet - kommunal informasjonsavis,Politikk og media,,,"Busserull, Caps, Skinnlue, Strikkekofte",,,,,,,,,,,,7,3,,,,,Mann,,,60 til 70,,,Avis
1978,https://tv.nrk.no/serie/norge-rundt/FREP41004878/03-02-1978#t=1m50s,Drammen,Konnerud: NM på ski,Ukategoriserbart,,,Uniform,,,,,,,,,,,,10,10,,,,,Mann,Mann,Mann,40 til 50,40 til 50,40 til 50,
1978,https://tv.nrk.no/serie/norge-rundt/FREP41004878/03-02-1978#t=7m47s,Frøya,Frøya: Sykehjemsstrid,Politikk og media,,,"Caps, Skinnlue, Slips",,,,,,,,,,,,3,,,,,,Mann,Mann,Mann,40 til 50,60 til 70,40 til 50,Plasseringsstrid
1978,https://tv.nrk.no/serie/norge-rundt/FREP41004878/03-02-1978#t=13m32s,Kristiansund,Merking av staurhval,Natur og friluftsliv,,,Skinnlue,,,,,,,,,,,,3,,Merking av fugler og dyr,,,,Mann,,,60 til 70,,,
1978,https://tv.nrk.no/serie/norge-rundt/FREP41004878/03-02-1978#t=17m55s,Stavanger,"Årdal/Forus, Stavanger: Livdyrauksjon",Ukategoriserbart,,,"Caps, Hatt, Kjeledress, Slips",,,,,,,,,,,,3,,,,,,Mann,,,30 til 40,,,
1978,https://tv.nrk.no/serie/norge-rundt/FREP41004878/03-02-1978#t=23m55s,Songdalen,Birkelid skole for barn med lærevansker,Offentlige tjenester og veldedighet,,,"Busserull, Slips",,,,,,,,,,,,4,7,,,,Skole og barnehage,Mann,Kvinne,,50 til 60,40 til 50,,
1978,https://tv.nrk.no/serie/norge-rundt/FREP41004878/03-02-1978#t=29m18s,Selje,Stadhavet/Ervik/Kråkenes fyr: Værhard og fryktet havstrekning,Natur og friluftsliv,,,"Caps, Skinnlue, Slips, Strikkekofte, Uniform",,,,,,,,,,,,2,,Portrett av område,,,,Mann,Mann,,30 til 40,70 til 80,,
1978,https://tv.nrk.no/serie/norge-rundt/FREP41004978/17-02-1978#t=1m2s,Trondheim,Måker og kråker på søppelfylling i Heimdal,Natur og friluftsliv,,,"Caps, Hatt",,,,,,,,,,,,10,,Merking av fugler og dyr,,,,Mann,,,30 til 40,,,
1978,https://tv.nrk.no/serie/norge-rundt/FREP41004978/17-02-1978#t=6m7s,Porsanger,"Snøscooteren - til hjelp i reindriften, men farlig leketøy",Natur og friluftsliv,,,Skinnlue,,,,,,,,,,,,4,,Snøscooter,,,,Mann,,,60 til 70,,,
1978,https://tv.nrk.no/serie/norge-rundt/FREP41004978/17-02-1978#t=10m2s,Luster,Fanaråken: Værstasjon på vinterstid,Offentlige tjenester og veldedighet,,,Busserull,,,,,,,,,,,,2,,,,,Meteorologi,Mann,Mann,,30 til 40,15 til 20,,
1978,https://tv.nrk.no/serie/norge-rundt/FREP41004978/17-02-1978#t=15m6s,Oslokommune,Skjalg Steiro er maskot på Landbruksuka '78 på Sjølyst i Oslo,Ukategoriserbart,Personlighet,,Bunad,,,,,,,,,,,,1,,,,,,Mann,,,5 til 10,,,
1978,https://tv.nrk.no/serie/norge-rundt/FREP41004978/17-02-1978#t=18m8s,Kvæfjord,Kontordag hos distriktslegen,Offentlige tjenester og veldedighet,,,,,,,,,,,,,,,4,5,,,,Helsetjenester,Mann,Kvinne,,20 til 30,30 til 40,,
1978,https://tv.nrk.no/serie/norge-rundt/FREP41004978/17-02-1978#t=23m43s,Gjerstad,Knivproduksjon,Kunst og Håndverk,,,"Caps, Hatt, Kjeledress, Skinnlue, Strikkekofte",,,,Kniver,,,,,,,,6,,,,,,Mann,Mann,Mann,40 til 50,70 til 80,70 til 80,
1978,https://tv.nrk.no/serie/norge-rundt/FREP41004978/17-02-1978#t=29m31s,Notodden,Heddal: Barnehagebussen,Offentlige tjenester og veldedighet,,,Busserull,,,,,,,,,,,,10,20,,,,Skole og barnehage,Kvinne,Kvinne,Kvinne,30 til 40,20 til 30,0 til 5,
1978,https://tv.nrk.no/serie/norge-rundt/FREP41005078/03-03-1978#t=1m16s,Vadsø,Vinterkulda på Finnmarksvidda,Natur og friluftsliv,,,"Samiske klær, Skinnlue",,,,,,,,,,,,3,1,"Årstider og vakker natur, Vær",,,,,,,,,,
1978,https://tv.nrk.no/serie/norge-rundt/FREP41005078/03-03-1978#t=4m9s,Samnanger,Bygda Solbjørg veiløs,Ukategoriserbart,,,"Caps, Kjeledress, Skinnlue",,,,,,,,,,,,3,,,,,,Mann,Mann,Mann,40 til 50,40 til 50,80 til 90,
1978,https://tv.nrk.no/serie/norge-rundt/FREP41005078/03-03-1978#t=10m2s,Nesna,Nesna/Bardal: Nesnalobben,Kunst og Håndverk,,,,,,,Sko,,,,,,,,4,2,,,,,Mann,Kvinne,,80 til 90,80 til 90,,
1978,https://tv.nrk.no/serie/norge-rundt/FREP41005078/03-03-1978#t=15m11s,Røros,Rørosmartnan og VM i Rørospols,Ukategoriserbart,,,Bunad,,,,,,,,,,,,10,10,,,,,Mann,,,40 til 50,,,
1978,https://tv.nrk.no/serie/norge-rundt/FREP41005078/03-03-1978#t=18m12s,Skjervøy,Skjervøy/sonjatun: Mobilt apotek,Offentlige tjenester og veldedighet,,,,,,,,,,,,,,,1,6,,,,Helsetjenester,Kvinne,,,50 til 60,,,
1978,https://tv.nrk.no/serie/norge-rundt/FREP41005078/03-03-1978#t=24m32s,Stavanger,Jærbanen til Egersund,Ukategoriserbart,,,Uniform,,,,,,,,,,,,10,10,,,,,,,,,,,
1978,https://tv.nrk.no/serie/norge-rundt/FREP41005078/03-03-1978#t=29m36s,Vestnes,Skoleteater - Snøkvit og dei sju dvergane,Kunst og Håndverk,,Wow,Uniform,,,,Teater og forestillinger,,,,,,,,30,30,,,,,,,,,,,
1978,https://tv.nrk.no/serie/norge-rundt/FREP41005178/17-03-1978#t=28s,Oslokommune,Marienlyst: Magne Finslo om NRKs underkontor,Politikk og media,,,Slips,,,,,,,,,,,,2,4,,,,,Mann,,,30 til 40,,,NRK
1978,https://tv.nrk.no/serie/norge-rundt/FREP41005178/17-03-1978#t=2m8s,Oslokommune,Oslomarka: Et sjeldent rekreasjonssted,Natur og friluftsliv,,,Strikkekofte,,,,,,,,,,,,20,10,"Portrett av område, Skitur",,,,Mann,Mann,,30 til 40,30 til 40,,
1978,https://tv.nrk.no/serie/norge-rundt/FREP41005178/17-03-1978#t=10m9s,Gol,Reporter Olav Terje Bergo på NRKs underkontor,Politikk og media,Personlighet,,Skinnlue,,,,,,,,,,,,20,,,,,,Mann,Mann,,30 til 40,50 til 60,,NRK
1978,https://tv.nrk.no/serie/norge-rundt/FREP41005178/17-03-1978#t=16m59s,Hvaler,Ytre Oslofjord: Fiske etter pigghå,Landbruk og fiske,,,,,,,,,,,,,,,2,,,,Fiskere,,Mann,Mann,,20 til 30,50 til 60,,
