year,month,coverage,dataset_location,total_pageviews,json,jsonp,xml,yaml,csv,download,traffic_bytes,traffic_hr,hotel_visible,datanorgeLink,datanorgeTitle,datanorgePublisherName
2024,*,2024-09-04_0020,difi/elma/participants,48709888,41756655,4912451,1839574,3,45854,155351,12250324258397,12.25 TB,yes,https://data.norge.no/datasets/5a5374c3-c6a7-49f8-b9cc-0a9e48c1acd7,Mottakere i ELMA,DIGITALISERINGSDIREKTORATET
2024,*,2024-09-04_0020,brreg/enhetsregisteret,34644997,16773692,614488,12762515,24,4464624,29654,6655767823660,6.66 TB,yes,,,
2024,*,2024-09-04_0020,mattilsynet/husdyrregisteret/storfeindivider,29873797,29868543,871,0,0,1,4382,1236297538959,1.24 TB,yes,https://data.norge.no/datasets/6fcdc384-c853-40a7-b9d9-bb6b3e8f1adf,Husdyrregisteret - data om registrerte storfeindivider,MATTILSYNET
2024,*,2024-09-04_0020,brreg/underenheter,8130738,4944709,18410,156,0,3151871,15592,1519948639297,1.52 TB,yes,,,
2024,*,2024-09-04_0020,npd/field/production-monthly-by-field,1818095,1815880,46,0,0,8,2161,27120247642,27.12 GB,yes,https://data.norge.no/datasets/2054eb97-068c-4235-94eb-564b61d5d984,Felt (Field),SOKKELDIREKTORATET
2024,*,2024-09-04_0020,npd/stratigraphy/wellbores,979353,969110,19,0,0,21,10203,64463415113,64.46 GB,yes,https://data.norge.no/datasets/fafd2d13-6f4b-4d61-8a67-9c8ca6c2b4b0,Stratigrafi (Stratigraphy),SOKKELDIREKTORATET
2024,*,2024-09-04_0020,npd/licence/licensees,775682,774817,13,0,0,1,851,9275157037,9.28 GB,yes,https://data.norge.no/datasets/95795416-7948-433f-8544-1716df29a9b2,Lisens (Licence),SOKKELDIREKTORATET
2024,*,2024-09-04_0020,npd/field/licensees,713917,710885,9,1,0,0,3022,16332018570,16.33 GB,yes,https://data.norge.no/datasets/2054eb97-068c-4235-94eb-564b61d5d984,Felt (Field),SOKKELDIREKTORATET
2024,*,2024-09-04_0020,mattilsynet/smilefjes/tilsyn,558766,383973,1082,32235,4,24,141448,2194765518988,2.19 TB,yes,https://data.norge.no/datasets/288aa74c-e3d3-492e-9ede-e71503b3bfd9,Smilefjestilsyn på serveringssteder,MATTILSYNET
2024,*,2024-09-04_0020,npd/wellbore/with-npdid,326312,325755,6,0,0,15,536,608206918,608.21 MB,yes,https://data.norge.no/datasets/4304aea1-53b1-47ed-beae-52bf4d3642f3,Brønnbane (Wellbore),SOKKELDIREKTORATET
2024,*,2024-09-04_0020,npd/wellbore/development,278609,270783,20,0,0,1,7805,40216924227,40.22 GB,yes,https://data.norge.no/datasets/4304aea1-53b1-47ed-beae-52bf4d3642f3,Brønnbane (Wellbore),SOKKELDIREKTORATET
2024,*,2024-09-04_0020,npd/licence/work-obligations,223500,223301,1,0,0,0,198,3970954941,3.97 GB,yes,https://data.norge.no/datasets/95795416-7948-433f-8544-1716df29a9b2,Lisens (Licence),SOKKELDIREKTORATET
2024,*,2024-09-04_0020,difi/elma/capabilities,212346,191217,16121,481,0,0,4527,60884742117,60.88 GB,yes,https://data.norge.no/datasets/5a5374c3-c6a7-49f8-b9cc-0a9e48c1acd7,Mottakere i ELMA,DIGITALISERINGSDIREKTORATET
2024,*,2024-09-04_0020,npd/wellbore/with-coordinates,195455,194203,6,1,0,0,1245,5963872472,5.96 GB,yes,https://data.norge.no/datasets/4304aea1-53b1-47ed-beae-52bf4d3642f3,Brønnbane (Wellbore),SOKKELDIREKTORATET
2024,*,2024-09-04_0020,npd/tuf/owners,192718,192575,2,0,0,0,141,1568846541,1.57 GB,yes,https://data.norge.no/datasets/54db77e1-8665-40c2-a9be-42613f8d5c83,Transport- og utnyttelsesanlegg (TUF),SOKKELDIREKTORATET
2024,*,2024-09-04_0020,npd/wellbore/with-history,151072,150698,12,0,0,0,362,49577944314,49.58 GB,yes,https://data.norge.no/datasets/4304aea1-53b1-47ed-beae-52bf4d3642f3,Brønnbane (Wellbore),SOKKELDIREKTORATET
2024,*,2024-09-04_0020,npd/investments/yearly-by-field,142750,141762,4,0,0,0,984,1372531342,1.37 GB,yes,https://data.norge.no/datasets/2054eb97-068c-4235-94eb-564b61d5d984,Felt (Field),SOKKELDIREKTORATET
2024,*,2024-09-04_0020,npd/stratigraphy/cores,127013,126813,11,0,0,28,161,2484727662,2.48 GB,yes,https://data.norge.no/datasets/fafd2d13-6f4b-4d61-8a67-9c8ca6c2b4b0,Stratigrafi (Stratigraphy),SOKKELDIREKTORATET
2024,*,2024-09-04_0020,npd/wellbore/with-lithostratigraphy,126180,125640,13,1,0,0,526,1935868823,1.94 GB,yes,https://data.norge.no/datasets/4304aea1-53b1-47ed-beae-52bf4d3642f3,Brønnbane (Wellbore),SOKKELDIREKTORATET
2024,*,2024-09-04_0020,npd/baa/licensees,122071,121931,1,0,0,0,139,959392955,959.39 MB,yes,https://data.norge.no/datasets/31ddc7a1-5abe-4d97-95c6-7fb45d460c27,Avtalebasert område (BAA),SOKKELDIREKTORATET
2024,*,2024-09-04_0020,npd/licence/operators,86784,85995,2,0,0,0,787,811911881,811.91 MB,yes,https://data.norge.no/datasets/95795416-7948-433f-8544-1716df29a9b2,Lisens (Licence),SOKKELDIREKTORATET
2024,*,2024-09-04_0020,npd/company/all,86299,76926,14,0,0,0,9359,1891701757,1.89 GB,yes,https://data.norge.no/datasets/e0343e76-86e9-4b84-af50-e2d9ae97e56d,Selskap (Company),SOKKELDIREKTORATET
2024,*,2024-09-04_0020,npd/survey/overview,85675,85536,5,0,0,0,134,2245007434,2.25 GB,yes,https://data.norge.no/datasets/85dba4d8-9d40-4c3e-9d8f-9e0544bd390f,Undersøkelser (Survey),SOKKELDIREKTORATET
2024,*,2024-09-04_0020,ssb/regioner/landkoder,77247,77048,21,0,0,0,178,166702305,166.70 MB,no,,,
2024,*,2024-09-04_0020,npd/tuf/petroleum-register/overview,74600,74475,3,0,0,0,122,12141403,12.14 MB,yes,https://data.norge.no/datasets/54db77e1-8665-40c2-a9be-42613f8d5c83,Transport- og utnyttelsesanlegg (TUF),SOKKELDIREKTORATET
2024,*,2024-09-04_0020,npd/tuf/petroleum-register/licencees,72213,72071,2,0,0,1,139,167556293,167.56 MB,yes,https://data.norge.no/datasets/54db77e1-8665-40c2-a9be-42613f8d5c83,Transport- og utnyttelsesanlegg (TUF),SOKKELDIREKTORATET
2024,*,2024-09-04_0020,npd/wellbore/exploration,63986,55539,65,0,0,155,8227,18810948739,18.81 GB,yes,https://data.norge.no/datasets/4304aea1-53b1-47ed-beae-52bf4d3642f3,Brønnbane (Wellbore),SOKKELDIREKTORATET
2024,*,2024-09-04_0020,npd/licence/area,63178,62518,10,0,0,0,650,438146604,438.15 MB,yes,https://data.norge.no/datasets/95795416-7948-433f-8544-1716df29a9b2,Lisens (Licence),SOKKELDIREKTORATET
2024,*,2024-09-04_0020,forskningsradet/soknader,61502,54278,282,10,9,11,6912,51822650575,51.82 GB,yes,https://data.norge.no/datasets/d23bbbfa-fdad-4dab-b31b-4daadbfa3299,Søknader til og innvilgede prosjekter fra Forskningsrådet,NORGES FORSKNINGSRÅD
2024,*,2024-09-04_0020,ldir/produksjon-og-avlosertilskudd/2023,58645,44773,12473,38,2,71,1288,14257338136,14.26 GB,yes,https://data.norge.no/datasets/64e9b230-3022-3a80-b453-afcf8c2b309e,Produksjons- og avløsertilskudd til jordbruksforetak – søknadsomgang 2023,LANDBRUKSDIREKTORATET
2024,*,2024-09-04_0020,ldir/produksjon-og-avlosertilskudd/2022,56349,51890,3305,3,1,36,1114,12994208616,12.99 GB,yes,https://data.norge.no/datasets/dbc737ff-57dd-38c4-a857-4e98433cb0d5,Produksjons- og avløsertilskudd til jordbruksforetak – søknadsomgang 2022,LANDBRUKSDIREKTORATET
2024,*,2024-09-04_0020,npd/licence/overview,52318,51480,6,0,0,1,831,895813731,895.81 MB,yes,https://data.norge.no/datasets/95795416-7948-433f-8544-1716df29a9b2,Lisens (Licence),SOKKELDIREKTORATET
2024,*,2024-09-04_0020,npd/facility/fixed,51674,51354,12,0,0,2,306,883527776,883.53 MB,yes,https://data.norge.no/datasets/f5826f5a-911a-4284-8388-b06c2f13f372,Innretning (Facility),SOKKELDIREKTORATET
2024,*,2024-09-04_0020,oed/normpriser,39585,39186,4,0,0,1,394,129132909,129.13 MB,yes,https://data.norge.no/datasets/12651f7b-0c14-4ede-a8d2-291a667bfe8d,Normpriser for råolje,ENERGIDEPARTEMENTET
2024,*,2024-09-04_0020,npd/discovery/overview,36030,35037,10,0,0,1,982,593426592,593.43 MB,yes,https://data.norge.no/datasets/a7c7aee6-4993-42c0-b242-99500471635c,Funn (Discovery),SOKKELDIREKTORATET
2024,*,2024-09-04_0020,npd/wellbore/shallow,32442,32249,3,0,0,0,190,1062814568,1.06 GB,yes,https://data.norge.no/datasets/4304aea1-53b1-47ed-beae-52bf4d3642f3,Brønnbane (Wellbore),SOKKELDIREKTORATET
2024,*,2024-09-04_0020,npd/field/description,29834,29663,16,0,0,1,154,1109339075,1.11 GB,yes,https://data.norge.no/datasets/2054eb97-068c-4235-94eb-564b61d5d984,Felt (Field),SOKKELDIREKTORATET
2024,*,2024-09-04_0020,npd/field/operators,29131,28987,5,0,0,0,139,396402596,396.40 MB,yes,https://data.norge.no/datasets/2054eb97-068c-4235-94eb-564b61d5d984,Felt (Field),SOKKELDIREKTORATET
2024,*,2024-09-04_0020,npd/field/overview,28483,20567,10,0,0,0,7906,911917679,911.92 MB,yes,https://data.norge.no/datasets/2054eb97-068c-4235-94eb-564b61d5d984,Felt (Field),SOKKELDIREKTORATET
2024,*,2024-09-04_0020,npd/wellbore/with-casing-and-leak-off,26411,25971,4,0,0,0,436,340710152,340.71 MB,yes,https://data.norge.no/datasets/4304aea1-53b1-47ed-beae-52bf4d3642f3,Brønnbane (Wellbore),SOKKELDIREKTORATET
2024,*,2024-09-04_0020,brreg/sektorkode,24609,22336,66,0,0,95,2112,24667417,24.67 MB,yes,https://data.norge.no/datasets/68d08f28-a16d-4fab-a953-ed4ab08ce2e2,Enhetsregisteret,REGISTERENHETEN I BRØNNØYSUND
2024,*,2024-09-04_0020,npd/licence/phases,22941,22807,6,0,0,0,128,77748459,77.75 MB,yes,https://data.norge.no/datasets/95795416-7948-433f-8544-1716df29a9b2,Lisens (Licence),SOKKELDIREKTORATET
2024,*,2024-09-04_0020,ldir/produksjon-og-avlosertilskudd/2021,22734,20909,989,7,2,34,793,5594737819,5.59 GB,yes,https://data.norge.no/datasets/b48aff87-1b54-3c80-abb8-704a2764fe63,Produksjons- og avløsertilskudd til jordbruksforetak – søknadsomgang 2021,LANDBRUKSDIREKTORATET
2024,*,2024-09-04_0020,mattilsynet/smilefjes/kravpunkter,22641,16879,42,0,0,5,5715,130295430174,130.30 GB,yes,https://data.norge.no/datasets/1bf96c45-f8ac-4f2d-bca1-4e5ab4e7c6c6,Kravpunkter for smilefjestilsyn på serveringssteder,MATTILSYNET
2024,*,2024-09-04_0020,npd/survey/coordinates,22052,21966,1,0,0,0,85,37791044,37.79 MB,yes,https://data.norge.no/datasets/85dba4d8-9d40-4c3e-9d8f-9e0544bd390f,Undersøkelser (Survey),SOKKELDIREKTORATET
2024,*,2024-09-04_0020,npd/baa/area,21574,21436,1,0,0,0,137,139775984,139.78 MB,yes,https://data.norge.no/datasets/31ddc7a1-5abe-4d97-95c6-7fb45d460c27,Avtalebasert område (BAA),SOKKELDIREKTORATET
2024,*,2024-09-04_0020,npd/wellbore/with-drilling-mud,21445,21007,3,0,0,0,435,1116843257,1.12 GB,yes,https://data.norge.no/datasets/4304aea1-53b1-47ed-beae-52bf4d3642f3,Brønnbane (Wellbore),SOKKELDIREKTORATET
2024,*,2024-09-04_0020,vegvesen/kjoretoyinfo2,21297,15034,4851,25,8,197,1182,1942735757498,1.94 TB,yes,https://data.norge.no/datasets/a8533876-cca7-4417-90be-b368f7d9542c,Teknisk kjøretøyinformasjon,STATENS VEGVESEN
2024,*,2024-09-04_0020,ldir/leveransedata-korn/2022-2023,21075,19829,790,6,1,14,435,454697932,454.70 MB,yes,https://data.norge.no/datasets/7f364b95-4414-36c0-8ba0-404b9e0dbe84,Leveranser til kornkjøper eller såvareforretning i landbruket i kornåret juli 2022 til juni 2023,LANDBRUKSDIREKTORATET
2024,*,2024-09-04_0020,npd/field/reserves,20727,18578,2,0,0,0,2147,290630102,290.63 MB,yes,https://data.norge.no/datasets/2054eb97-068c-4235-94eb-564b61d5d984,Felt (Field),SOKKELDIREKTORATET
2024,*,2024-09-04_0020,npd/field/production-yearly-by-field,20537,20226,14,0,0,0,297,82205498,82.21 MB,yes,https://data.norge.no/datasets/2054eb97-068c-4235-94eb-564b61d5d984,Felt (Field),SOKKELDIREKTORATET
2024,*,2024-09-04_0020,ldir/produksjon-og-avlosertilskudd/2024,17358,11546,5371,3,0,2,436,1806920442,1.81 GB,yes,https://data.norge.no/datasets/20bbc842-9140-32fb-a522-fe716eed1015,Produksjons- og avløsertilskudd til jordbruksforetak – søknadsomgang 2024 del 1,LANDBRUKSDIREKTORATET
2024,*,2024-09-04_0020,npd/company/reserves,15154,14995,7,0,0,0,152,419141252,419.14 MB,yes,https://data.norge.no/datasets/e0343e76-86e9-4b84-af50-e2d9ae97e56d,Selskap (Company),SOKKELDIREKTORATET
2024,*,2024-09-04_0020,npd/field/status,14724,14445,4,0,0,0,275,27822956,27.82 MB,yes,https://data.norge.no/datasets/2054eb97-068c-4235-94eb-564b61d5d984,Felt (Field),SOKKELDIREKTORATET
2024,*,2024-09-04_0020,npd/wellbore/with-core-photos,14325,13896,4,0,0,4,421,889125392,889.13 MB,yes,https://data.norge.no/datasets/4304aea1-53b1-47ed-beae-52bf4d3642f3,Brønnbane (Wellbore),SOKKELDIREKTORATET
2024,*,2024-09-04_0020,npd/survey/last-updates,13972,13879,4,0,0,0,89,86047039,86.05 MB,yes,https://data.norge.no/datasets/85dba4d8-9d40-4c3e-9d8f-9e0544bd390f,Undersøkelser (Survey),SOKKELDIREKTORATET
2024,*,2024-09-04_0020,brreg/frivillighetsregisteret,13647,4934,346,2,0,4,8361,21314391551,21.31 GB,yes,https://data.norge.no/datasets/0bafa187-fee2-4ae3-a498-bc9e80b3c8c7,Frivillighetsregisteret,REGISTERENHETEN I BRØNNØYSUND
2024,*,2024-09-04_0020,npd/field/owners,12623,12469,9,0,0,0,145,189199783,189.20 MB,yes,https://data.norge.no/datasets/2054eb97-068c-4235-94eb-564b61d5d984,Felt (Field),SOKKELDIREKTORATET
2024,*,2024-09-04_0020,ldir/leveransedata-melk/2023,9922,3427,6212,5,1,3,274,139859803,139.86 MB,yes,https://data.norge.no/datasets/0e4d84e5-7a44-3d7c-afb4-2b5cb21b8907,Leveranser til meieri i landbruket 2023,LANDBRUKSDIREKTORATET
2024,*,2024-09-04_0020,npd/licence/transfers,9822,9714,2,0,0,0,106,91163984,91.16 MB,yes,https://data.norge.no/datasets/95795416-7948-433f-8544-1716df29a9b2,Lisens (Licence),SOKKELDIREKTORATET
2024,*,2024-09-04_0020,ldir/leveransedata-slakt/2023,9751,8784,814,3,0,6,144,677328552,677.33 MB,yes,https://data.norge.no/datasets/7682ad39-fbf2-3cfa-9550-92a277dd056c,Leveranser til slakteri i landbruket i 2023,LANDBRUKSDIREKTORATET
2024,*,2024-09-04_0020,ldir/leveransedata-slakt/2021,9256,9095,114,0,0,0,47,457278586,457.28 MB,yes,https://data.norge.no/datasets/b8da2c09-d2ab-3258-9bc7-ec2472a7e9fd,Leveranser til slakteri i landbruket i 2021,LANDBRUKSDIREKTORATET
2024,*,2024-09-04_0020,vegvesen/merkekode,9000,2364,90,0,0,104,6442,28773204,28.77 MB,yes,https://data.norge.no/datasets/a8533876-cca7-4417-90be-b368f7d9542c,Teknisk kjøretøyinformasjon,STATENS VEGVESEN
2024,*,2024-09-04_0020,ldir/leveransedata-slakt/2022,8979,8063,770,6,0,5,135,894437731,894.44 MB,yes,https://data.norge.no/datasets/4e811a54-fd50-3010-8b9a-16c409f6ae0a,Leveranser til slakteri i landbruket i 2022,LANDBRUKSDIREKTORATET
2024,*,2024-09-04_0020,ldir/landbrukseiendommer,8818,138,143,0,0,1,8536,44040719489,44.04 GB,yes,https://data.norge.no/datasets/5bfbbfd9-1b66-4e4b-b198-e7849712c59d,Landbrukseiendommer i Landbruksregisteret,LANDBRUKSDIREKTORATET
2024,*,2024-09-04_0020,npd/facility/movable,8430,8286,4,0,0,0,140,77771560,77.77 MB,yes,https://data.norge.no/datasets/f5826f5a-911a-4284-8388-b06c2f13f372,Innretning (Facility),SOKKELDIREKTORATET
2024,*,2024-09-04_0020,ldir/grunneiendommer,8065,109,147,0,0,4,7805,47228300880,47.23 GB,yes,https://data.norge.no/datasets/0dabd5e4-514c-4667-adfc-aa4fe741142b,Grunneiendommer i Landbruksregisteret,LANDBRUKSDIREKTORATET
2024,*,2024-09-04_0020,ldir/foretak,7906,37,70,452,0,0,7347,4672033602,4.67 GB,yes,https://data.norge.no/datasets/d2379e8a-fc4c-4f8b-be73-dd1a5c580619,Landbruksforetak i Landbruksregisteret,LANDBRUKSDIREKTORATET
2024,*,2024-09-04_0020,npd/tuf/operators,7822,7680,2,0,0,0,140,22359378,22.36 MB,yes,https://data.norge.no/datasets/54db77e1-8665-40c2-a9be-42613f8d5c83,Transport- og utnyttelsesanlegg (TUF),SOKKELDIREKTORATET
2024,*,2024-09-04_0020,ldir/leveransedata-melk/2022,6923,3111,3696,2,0,1,113,86810613,86.81 MB,yes,https://data.norge.no/datasets/11eb14ed-5bb4-3560-95c7-44dc3e277fb9,Leveranser til meieri i landbruket 2022,LANDBRUKSDIREKTORATET
2024,*,2024-09-04_0020,vegvesen/teknisk-kode,6845,124,63,0,3,130,6525,5245369,5.25 MB,yes,https://data.norge.no/datasets/a8533876-cca7-4417-90be-b368f7d9542c,Teknisk kjøretøyinformasjon,STATENS VEGVESEN
2024,*,2024-09-04_0020,vegvesen/kjoretoygruppe,6771,124,43,0,0,142,6462,3786981,3.79 MB,yes,https://data.norge.no/datasets/a8533876-cca7-4417-90be-b368f7d9542c,Teknisk kjøretøyinformasjon,STATENS VEGVESEN
2024,*,2024-09-04_0020,vegvesen/drivstoffkoder,6672,26,26,0,0,165,6455,213243,213.24 kB,yes,https://data.norge.no/datasets/a8533876-cca7-4417-90be-b368f7d9542c,Teknisk kjøretøyinformasjon,STATENS VEGVESEN
2024,*,2024-09-04_0020,vegvesen/fargekode,6607,22,28,0,0,92,6465,473249,473.25 kB,yes,https://data.norge.no/datasets/a8533876-cca7-4417-90be-b368f7d9542c,Teknisk kjøretøyinformasjon,STATENS VEGVESEN
2024,*,2024-09-04_0020,vegvesen/belastningstabell,6475,15,15,1,0,92,6352,1229438,1.23 MB,yes,https://data.norge.no/datasets/a8533876-cca7-4417-90be-b368f7d9542c,Teknisk kjøretøyinformasjon,STATENS VEGVESEN
2024,*,2024-09-04_0020,vegvesen/hastighetstabell,6458,19,17,0,0,118,6304,181922,181.92 kB,yes,https://data.norge.no/datasets/a8533876-cca7-4417-90be-b368f7d9542c,Teknisk kjøretøyinformasjon,STATENS VEGVESEN
2024,*,2024-09-04_0020,vegvesen/euronorm,6434,20,19,0,0,96,6299,311747,311.75 kB,yes,https://data.norge.no/datasets/a8533876-cca7-4417-90be-b368f7d9542c,Teknisk kjøretøyinformasjon,STATENS VEGVESEN
2024,*,2024-09-04_0020,npd/wellbore/with-documents,6394,5989,6,0,0,0,399,559746955,559.75 MB,yes,https://data.norge.no/datasets/4304aea1-53b1-47ed-beae-52bf4d3642f3,Brønnbane (Wellbore),SOKKELDIREKTORATET
2024,*,2024-09-04_0020,brreg/partiregisteret,6005,21,31,1,0,2,5950,800034,800.03 kB,yes,https://data.norge.no/datasets/a04b50eb-4233-4b92-9ef1-71b3aa82f2f6,Partiregisteret,REGISTERENHETEN I BRØNNØYSUND
2024,*,2024-09-04_0020,forskningsradet/bevilgningereu,5879,12,45,1,0,1,5820,110305457,110.31 MB,yes,https://data.norge.no/datasets/38a1528a-00bd-30a6-8374-3aee2cc1d33e,Signerte kontrakter med norsk deltakelse i EUs rammeprogram for forskning og innovasjon Horisont 2020,NORGES FORSKNINGSRÅD
2024,*,2024-09-04_0020,vegvesen/merkekode-old,5778,7,2,0,0,0,5769,251589,251.59 kB,yes,,,
2024,*,2024-09-04_0020,vegvesen/fargekode-old,5778,7,2,0,0,0,5769,8861,8.86 kB,yes,,,
2024,*,2024-09-04_0020,npd/wellbore/with-cores,5711,5300,10,0,0,0,401,253849280,253.85 MB,yes,https://data.norge.no/datasets/4304aea1-53b1-47ed-beae-52bf4d3642f3,Brønnbane (Wellbore),SOKKELDIREKTORATET
2024,*,2024-09-04_0020,ldir/produksjon-og-avlosertilskudd/2020,5362,3927,815,2,0,14,604,3486718621,3.49 GB,yes,https://data.norge.no/datasets/46850f03-98eb-4689-af4d-33594984cf2f,Produksjons- og avløsertilskudd til jordbruksforetak – søknadsomgang 2020,LANDBRUKSDIREKTORATET
2024,*,2024-09-04_0020,difi/elma/documenttypes,4945,42,109,0,0,3,4791,11318438,11.32 MB,yes,https://data.norge.no/datasets/5a5374c3-c6a7-49f8-b9cc-0a9e48c1acd7,Mottakere i ELMA,DIGITALISERINGSDIREKTORATET
2024,*,2024-09-04_0020,ldir/leveransedata-korn/2021-2022,4618,4176,303,5,0,7,127,235419282,235.42 MB,yes,https://data.norge.no/datasets/709d0a9e-abe0-337d-934a-39c41b7c1814,Leveranser til kornkjøper eller såvareforretning i landbruket i kornåret juli 2021 til juni 2022,LANDBRUKSDIREKTORATET
2024,*,2024-09-04_0020,brreg/naeringskode,4435,1566,220,0,1,4,2644,197075758,197.08 MB,yes,https://data.norge.no/datasets/68d08f28-a16d-4fab-a953-ed4ab08ce2e2,Enhetsregisteret,REGISTERENHETEN I BRØNNØYSUND
2024,*,2024-09-04_0020,ldir/produksjon-og-avlosertilskudd/2019,4014,2763,621,1,0,14,615,3158091795,3.16 GB,yes,https://data.norge.no/datasets/e341762d-311b-46f1-be25-078570f63204,Produksjons- og avløsertilskudd til jordbruksforetak  søknadsomgang 2019,LANDBRUKSDIREKTORATET
2024,*,2024-09-04_0020,brreg/organisasjonsform,3641,48,22,1,0,35,3535,7823426,7.82 MB,yes,,,
2024,*,2024-09-04_0020,ldir/produksjon-og-avlosertilskudd/2018,3291,2065,618,0,0,13,595,1632923659,1.63 GB,yes,https://data.norge.no/datasets/031ded28-b3a5-42d2-8229-73337e88f8e9,Produksjons- og avløsertilskudd til jordbruksforetak  søknadsomgang 2018,LANDBRUKSDIREKTORATET
2024,*,2024-09-04_0020,ldir/pristilskudd/jordbruksforetak2023,3287,1880,1346,0,0,2,59,133655505,133.66 MB,yes,,,
2024,*,2024-09-04_0020,npd/baa/operators,3279,3151,3,1,0,0,124,7992538,7.99 MB,yes,https://data.norge.no/datasets/31ddc7a1-5abe-4d97-95c6-7fb45d460c27,Avtalebasert område (BAA),SOKKELDIREKTORATET
2024,*,2024-09-04_0020,ldir/produksjon-og-avlosertilskudd/2017,3200,1630,635,0,0,15,920,2677967105,2.68 GB,yes,https://data.norge.no/datasets/f5bac9c5-efa1-413c-ab94-7ffe8f283538,Produksjons- og avløsertilskudd til jordbruksforetak  søknadsomgang 2017,LANDBRUKSDIREKTORATET
2024,*,2024-09-04_0020,npd/baa/overview,3179,3033,7,0,0,0,139,24169800,24.17 MB,yes,https://data.norge.no/datasets/31ddc7a1-5abe-4d97-95c6-7fb45d460c27,Avtalebasert område (BAA),SOKKELDIREKTORATET
2024,*,2024-09-04_0020,difi/byggentreprise/hoved/poeng,3142,3142,0,0,0,0,0,1253658,1.25 MB,no,,,
2024,*,2024-09-04_0020,difi/byggentreprise/hoved/enterprisetekst,3139,3139,0,0,0,0,0,18771220,18.77 MB,no,,,
2024,*,2024-09-04_0020,ldir/leveransedata-korn/2020-2021,3128,2971,67,1,0,1,88,172690775,172.69 MB,yes,https://data.norge.no/datasets/2eaba140-5c95-3db4-b8f7-d34c1da582dd,Leveranser til kornkjøper eller såvareforretning i landbruket i kornåret juli 2020 til juni 2021,LANDBRUKSDIREKTORATET
2024,*,2024-09-04_0020,ldir/leveransedata-melk/2021,2824,2481,300,1,0,0,42,38696997,38.70 MB,yes,https://data.norge.no/datasets/3e6dea6e-f564-3407-831f-bc22589348e9,Leveranser til meieri i landbruket i 2021,LANDBRUKSDIREKTORATET
2024,*,2024-09-04_0020,ldir/leveransedata-slakt/2020,2699,2582,65,1,0,0,51,202851136,202.85 MB,yes,https://data.norge.no/datasets/9a052d71-d3d9-38a3-85e2-ed4ce3599b0d,Leveranser til slakteri i landbruket i 2020,LANDBRUKSDIREKTORATET
2024,*,2024-09-04_0020,npd/baa/transfers,2451,2317,1,0,0,0,133,16703154,16.70 MB,yes,https://data.norge.no/datasets/31ddc7a1-5abe-4d97-95c6-7fb45d460c27,Avtalebasert område (BAA),SOKKELDIREKTORATET
2024,*,2024-09-04_0020,npd/survey/pause,2234,2151,1,0,0,0,82,154936,154.94 kB,yes,https://data.norge.no/datasets/85dba4d8-9d40-4c3e-9d8f-9e0544bd390f,Undersøkelser (Survey),SOKKELDIREKTORATET
2024,*,2024-09-04_0020,ldir/leveransedata-slakt/2019,1862,1807,15,0,0,0,40,135046040,135.05 MB,yes,https://data.norge.no/datasets/713abd23-2247-4287-a969-cf0079318685,Leveranser til slakteri i landbruket i 2019,LANDBRUKSDIREKTORATET
2024,*,2024-09-04_0020,difi/geo/kommune,1721,254,1075,6,0,0,386,387841,387.84 kB,no,,,
2024,*,2024-09-04_0020,bergen/dokart,1663,77,6,1,0,114,1465,490131,490.13 kB,yes,https://data.norge.no/datasets/a631e5d2-97e4-4768-b2fc-7ef17df63792,Dokart for Bergen sentrum,BERGEN KOMMUNE
2024,*,2024-09-04_0020,fhi/atc-kodenavn-virkestoff-2018,1577,166,737,169,151,145,209,74074203,74.07 MB,yes,,,
2024,*,2024-09-04_0020,ldir/leveransedata-korn/2019-2020,1465,1291,88,0,0,3,83,105189262,105.19 MB,yes,https://data.norge.no/datasets/774f0584-c2f5-39a7-9ed5-6392008a1bf8,Leveranser til kornkjøper eller såvareforretning i landbruket i kornåret juli 2019 til juni 2020,LANDBRUKSDIREKTORATET
2024,*,2024-09-04_0020,ldir/leveransedata-slakt/2018,1439,1194,18,0,0,0,227,205748287,205.75 MB,yes,https://data.norge.no/datasets/4538477a-ee5a-4983-ab45-3b998b489431,Leveranser til slakteri i landbruket i 2018,LANDBRUKSDIREKTORATET
2024,*,2024-09-04_0020,bufdir/rapporteringsenheter,1408,1130,74,0,0,0,204,5316440,5.32 MB,yes,https://data.norge.no/datasets/4e58c464-110e-4a2c-8334-8358000f2a3f,Kommune- og fylkesstruktur,"BARNE-, UNGDOMS- OG FAMILIEDIREKTORATET"
2024,*,2024-09-04_0020,ldir/pristilskudd/jordbruksforetak2022,1382,129,1055,1,0,0,197,313300026,313.30 MB,yes,https://data.norge.no/datasets/e482f5f7-2871-3cc1-9164-6706e16bbdb8,Pristilskudd til jordbruksforetak for 2022,LANDBRUKSDIREKTORATET
2024,*,2024-09-04_0020,ldir/leveransedata-melk/2020,1338,908,385,2,0,0,43,24587667,24.59 MB,yes,https://data.norge.no/datasets/996d9115-6c52-3ff5-b660-3726fcc1ea9e,Leveranser til meieri i landbruket i 2020,LANDBRUKSDIREKTORATET
2024,*,2024-09-04_0020,npd/wellbore/with-oil-samples,1226,665,2,1,1,0,557,37356956,37.36 MB,yes,https://data.norge.no/datasets/4304aea1-53b1-47ed-beae-52bf4d3642f3,Brønnbane (Wellbore),SOKKELDIREKTORATET
2024,*,2024-09-04_0020,kmd/lonnstabell,1155,174,264,192,186,180,159,3487365,3.49 MB,yes,,,
2024,*,2024-09-04_0020,npd/wellbore/with-drill-stem-tests,1140,744,2,0,0,0,394,50965938,50.97 MB,yes,https://data.norge.no/datasets/4304aea1-53b1-47ed-beae-52bf4d3642f3,Brønnbane (Wellbore),SOKKELDIREKTORATET
2024,*,2024-09-04_0020,npd/field/production-monthly-total,1137,862,55,0,1,6,213,8079159,8.08 MB,yes,https://data.norge.no/datasets/2054eb97-068c-4235-94eb-564b61d5d984,Felt (Field),SOKKELDIREKTORATET
2024,*,2024-09-04_0020,ldir/leveransedata-korn/2017-2018,1127,720,90,0,0,0,317,82025344,82.03 MB,yes,https://data.norge.no/datasets/c637f80f-827a-4d66-9eba-337552523c5a,Leveranser til kornkjøper eller såvareforretning i landbruket i kornåret juli 2017 til juni 2018,LANDBRUKSDIREKTORATET
2024,*,2024-09-04_0020,fhi/atc-kodenavn-virkestoff-2016,1121,169,300,145,139,129,239,80457182,80.46 MB,yes,,,
2024,*,2024-09-04_0020,ldir/leveransedata-melk/2019,1107,967,100,0,0,0,40,27661352,27.66 MB,yes,https://data.norge.no/datasets/ce1f1dfc-704f-43c8-b133-51f5a20ee406,Leveranser til meieri i landbruket i 2019,LANDBRUKSDIREKTORATET
2024,*,2024-09-04_0020,fad/lonn/a-tabell,1107,129,203,181,171,171,252,22200399,22.20 MB,yes,https://data.norge.no/datasets/969bf587-3668-4e1c-b30f-1f0e67cb4f42,Lønnstrinn i staten 2011 - Tabell A Hovedlønnstabell 2011,KOMMUNAL- OG DISTRIKTSDEPARTEMENTET
2024,*,2024-09-04_0020,ldir/leveransedata-korn/2018-2019,1063,730,58,0,0,0,275,150461516,150.46 MB,yes,https://data.norge.no/datasets/2cda2089-8629-4098-835c-59b473e4a785,Leveranser til kornkjøper eller såvareforretning i landbruket i kornåret juli 2018 til juni 2019,LANDBRUKSDIREKTORATET
2024,*,2024-09-04_0020,fhi/atc-kodenavn-virkestoff-2015,1046,176,259,151,107,131,222,74212094,74.21 MB,yes,,,
2024,*,2024-09-04_0020,ldir/leveransedata-slakt/2017,1033,913,22,0,0,0,98,221200503,221.20 MB,yes,https://data.norge.no/datasets/7add0f06-63fa-4112-b9f8-d242f1c18d16,Leveranser til slakteri i landbruket i 2017,LANDBRUKSDIREKTORATET
2024,*,2024-09-04_0020,npd/field/production-yearly-total,931,201,5,604,0,0,121,11946147,11.95 MB,yes,https://data.norge.no/datasets/2054eb97-068c-4235-94eb-564b61d5d984,Felt (Field),SOKKELDIREKTORATET
2024,*,2024-09-04_0020,ldir/leveransedata-egg/2023,908,455,174,5,0,4,270,9962339,9.96 MB,yes,https://data.norge.no/datasets/6f901816-30d0-38e3-97ec-41ef3df099a4,Leveranser til eggpakkeri i landbruket i 2023,LANDBRUKSDIREKTORATET
2024,*,2024-09-04_0020,ldir/leveransedata-korn/2016-2017,907,601,15,0,0,0,291,58504408,58.50 MB,yes,https://data.norge.no/datasets/7904a1d7-1bba-48fa-909e-505f34167a68,Leveranser til kornkjøper eller såvareforretning i landbruket i kornåret juli 2016 til juni 2017,LANDBRUKSDIREKTORATET
2024,*,2024-09-04_0020,ldir/leveransedata-korn/2013-2014,879,623,4,0,0,0,252,54129972,54.13 MB,yes,https://data.norge.no/datasets/1e70fbce-c3e0-4981-aee5-c18a96825f9a,Leveranser til kornkjøper eller såvareforretning i landbruket i kornåret juli 2013 til juni 2014,LANDBRUKSDIREKTORATET
2024,*,2024-09-04_0020,ldir/leveransedata-slakt/2016,878,612,8,0,0,0,258,115795204,115.80 MB,yes,https://data.norge.no/datasets/93c93107-2744-4280-81d5-c130f5360e3c,Leveranser til slakteri i landbruket i 2016,LANDBRUKSDIREKTORATET
2024,*,2024-09-04_0020,ldir/leveransedata-slakt/2015,877,615,2,0,0,0,260,114043102,114.04 MB,yes,https://data.norge.no/datasets/7add08ec-c333-491c-bd10-1ca0e3696704,Leveranser til slakteri i landbruket i 2015,LANDBRUKSDIREKTORATET
2024,*,2024-09-04_0020,difi/geo/fylke,866,523,0,0,0,246,97,286670,286.67 kB,no,,,
2024,*,2024-09-04_0020,ldir/leveransedata-slakt/2013,851,599,16,0,0,0,236,114486263,114.49 MB,yes,https://data.norge.no/datasets/9600aa9f-f736-4409-8c2d-c0e2448b132f,Leveranser til slakteri i landbruket i 2013,LANDBRUKSDIREKTORATET
2024,*,2024-09-04_0020,ldir/leveransedata-slakt/2014,846,576,6,0,0,1,263,175355476,175.36 MB,yes,https://data.norge.no/datasets/755e8c27-3602-47a4-bb9d-3a9438d1663b,Leveranser til slakteri i landbruket i 2014,LANDBRUKSDIREKTORATET
2024,*,2024-09-04_0020,ldir/leveransedata-melk/2018,802,490,78,0,0,0,234,19056698,19.06 MB,yes,https://data.norge.no/datasets/afa4effe-c62a-474e-9ec3-3b09a099114d,Leveranser til meieri i landbruket i 2018,LANDBRUKSDIREKTORATET
2024,*,2024-09-04_0020,statens-satser/utland/2019,776,614,46,0,0,0,116,5415180,5.42 MB,yes,https://data.norge.no/datasets/3e91834d-e1d6-40b8-89a4-3afca50a95b8,Statens satser utland 2019,DIGITALISERINGSDIREKTORATET
2024,*,2024-09-04_0020,ldir/leveransedata-korn/2015-2016,759,463,22,0,0,1,273,50886650,50.89 MB,yes,https://data.norge.no/datasets/7a29e553-396e-460c-b1c9-a27816716371,Leveranser til kornkjøper eller såvareforretning i landbruket i kornåret juli 2015 til juni 2016,LANDBRUKSDIREKTORATET
2024,*,2024-09-04_0020,difi/byggentreprise/hoved/spm,754,754,0,0,0,0,0,1489904,1.49 MB,no,,,
2024,*,2024-09-04_0020,ldir/leveransedata-melk/2017,704,470,111,0,0,0,123,20892986,20.89 MB,yes,https://data.norge.no/datasets/0736cbce-a6b4-453e-80bc-20d2625b9940,Leveranser til meieri i landbruket i 2017,LANDBRUKSDIREKTORATET
2024,*,2024-09-04_0020,ldir/leveransedata-melk/2013,697,238,221,0,0,0,238,18068093,18.07 MB,yes,https://data.norge.no/datasets/1bc59f47-1cda-4f68-bf72-8ed42e234de3,Leveranser til meieri i landbruket i 2013,LANDBRUKSDIREKTORATET
2024,*,2024-09-04_0020,ldir/leveransedata-melk/2015,665,333,72,0,2,0,258,19597304,19.60 MB,yes,https://data.norge.no/datasets/96f74cec-a8eb-4a6c-89ae-860185287672,Leveranser til meieri i landbruket i 2015,LANDBRUKSDIREKTORATET
2024,*,2024-09-04_0020,ldir/leveransedata-korn/2014-2015,656,365,17,0,0,0,274,50703060,50.70 MB,yes,https://data.norge.no/datasets/1f738308-4227-4d27-a467-74c214c97730,Leveranser til kornkjøper eller såvareforretning i landbruket i kornåret juli 2014 til juni 2015,LANDBRUKSDIREKTORATET
2024,*,2024-09-04_0020,difi/datahotell/sidevisninger-pr-datasett,650,64,152,1,0,1,432,776820186,776.82 MB,yes,https://data.norge.no/datasets/d0cb26a7-7093-49f9-be1e-c7e9d6b7e473,Besøkstal for datahotellet,DIGITALISERINGSDIREKTORATET
2024,*,2024-09-04_0020,ldir/leveransedata-melk/2014,649,345,36,0,0,0,268,21030759,21.03 MB,yes,https://data.norge.no/datasets/0fce7afa-252d-4f03-82f7-aba317605d0f,Leveranser til meieri i landbruket i 2014,LANDBRUKSDIREKTORATET
2024,*,2024-09-04_0020,ldir/leveransedata-egg/2022,638,385,149,1,0,1,102,5701267,5.70 MB,yes,https://data.norge.no/datasets/66c90992-30c4-3e69-867b-a5d1fd066ae0,Leveranser til eggpakkeri i landbruket i 2022,LANDBRUKSDIREKTORATET
2024,*,2024-09-04_0020,fhi/atc-kodenavn-virkestoff-2021,555,163,338,6,0,17,31,7737412,7.74 MB,yes,https://data.norge.no/datasets/b005b1c1-6bcc-4286-8578-5022c13a9609,ATC indeks for legemidler,FOLKEHELSEINSTITUTTET
2024,*,2024-09-04_0020,ldir/leveransedata-melk/2016,540,324,27,0,0,0,189,17459253,17.46 MB,yes,https://data.norge.no/datasets/44f07b3f-bfb6-4bad-a4e7-77f0eca06cc9,Leveranser til meieri i landbruket i 2016,LANDBRUKSDIREKTORATET
2024,*,2024-09-04_0020,ldir/produksjonstilskudd/2014aug,537,298,32,0,0,0,207,22309744,22.31 MB,yes,https://data.norge.no/datasets/20ce8172-ba02-4744-88f5-cb38afeb4766,Produksjonstilskudd jordbruksforetak - søknadsomgang august 2014,LANDBRUKSDIREKTORATET
2024,*,2024-09-04_0020,stavanger/investeringsbudsjett2016,468,348,1,0,0,8,111,10930335,10.93 MB,yes,https://data.norge.no/datasets/0b5b9744-56c9-4a88-b007-a0b25fd41180,Investeringsbudsjett 2016 Rådmannens forslag,STAVANGER KOMMUNE
2024,*,2024-09-04_0020,ldir/leveransedata-slakt-2005-2012/2005,420,23,177,0,0,0,220,21755497,21.76 MB,yes,https://data.norge.no/datasets/667efab0-0030-4235-bc49-e4af77aa03de,Leveranser til slakteri i landbruket i 2005,LANDBRUKSDIREKTORATET
2024,*,2024-09-04_0020,ldir/leveransedata-egg/2021,393,312,26,0,0,0,55,3609916,3.61 MB,yes,https://data.norge.no/datasets/7dd72335-a7ae-3133-abec-7eb5c331adc1,Leveranser til eggpakkeri i landbruket i 2021,LANDBRUKSDIREKTORATET
2024,*,2024-09-04_0020,ldir/leveransedata-egg/2016,390,42,2,0,0,0,346,1441386,1.44 MB,yes,https://data.norge.no/datasets/9a161ea1-db8b-4f72-b746-768d6a9b7dcc,Leveranser til eggpakkeri i landbruket i 2016,LANDBRUKSDIREKTORATET
2024,*,2024-09-04_0020,ldir/produksjonstilskudd/2017jan,363,25,102,0,0,1,235,27730224,27.73 MB,yes,https://data.norge.no/datasets/8c9c7487-05cf-431b-9fc1-bb9936fee319,Produksjons- og avløsertilskudd jordbruksforetak - søknadsomgang januar 2017,LANDBRUKSDIREKTORATET
2024,*,2024-09-04_0020,ldir/produksjonstilskudd/2015jan,347,20,91,0,0,0,236,26945081,26.95 MB,yes,https://data.norge.no/datasets/ce0d5354-cb52-4d3c-926e-aa751b8c05a0,Produksjons- og avløsertilskudd jordbruksforetak - søknadsomgang januar 2015,LANDBRUKSDIREKTORATET
2024,*,2024-09-04_0020,ldir/produksjonstilskudd/2014jan,347,19,141,0,0,0,187,59512677,59.51 MB,yes,https://data.norge.no/datasets/a9309c4d-f1e6-4bbd-aef8-54adb387b59c,Produksjons- og avløsertilskudd jordbruksforetak - søknadsomgang januar 2014,LANDBRUKSDIREKTORATET
2024,*,2024-09-04_0020,ldir/leveransedata-egg/2014,338,46,2,0,0,0,290,1667888,1.67 MB,yes,https://data.norge.no/datasets/1d7f7340-5f9f-464e-8894-88eff539a3f3,Leveranser til eggpakkeri i landbruket i 2014,LANDBRUKSDIREKTORATET
2024,*,2024-09-04_0020,ldir/produksjonstilskudd/2016aug,336,45,35,0,0,0,256,79427967,79.43 MB,yes,https://data.norge.no/datasets/5c25ef2b-0da2-4cf7-b0af-4862419d26c5,Produksjonstilskudd jordbruksforetak - søknadsomgang august 2016,LANDBRUKSDIREKTORATET
2024,*,2024-09-04_0020,ldir/leveransedata-egg/2015,330,45,2,0,0,0,283,1653735,1.65 MB,yes,https://data.norge.no/datasets/2b8d9022-2ec6-4f8b-a72c-f7cc7485fde9,Leveranser til eggpakkeri i landbruket i 2015,LANDBRUKSDIREKTORATET
2024,*,2024-09-04_0020,ldir/leveransedata-egg/2013,329,38,6,0,0,0,285,2097692,2.10 MB,yes,https://data.norge.no/datasets/426fc630-798c-45de-ae7f-211ab4680b44,Leveranser til eggpakkeri i landbruket i 2013,LANDBRUKSDIREKTORATET
2024,*,2024-09-04_0020,ldir/leveransedata-egg/2018,308,63,3,0,0,0,242,1466729,1.47 MB,yes,https://data.norge.no/datasets/79f5a4c4-1f21-4cbd-ad0c-45702fbbecbd,Leveranser til eggpakkeri i landbruket i 2018,LANDBRUKSDIREKTORATET
2024,*,2024-09-04_0020,npd/survey/cancelled,299,215,1,0,0,0,83,1232683,1.23 MB,yes,https://data.norge.no/datasets/85dba4d8-9d40-4c3e-9d8f-9e0544bd390f,Undersøkelser (Survey),SOKKELDIREKTORATET
2024,*,2024-09-04_0020,ldir/produksjonstilskudd/2013aug,289,41,29,1,0,0,218,72904500,72.90 MB,yes,https://data.norge.no/datasets/0cd04ca0-a7f6-4a16-a563-879e85ea5acd,Produksjonstilskudd jordbruksforetak - søknadsomgang august 2013,LANDBRUKSDIREKTORATET
2024,*,2024-09-04_0020,ldir/pristilskudd/industriforetak2016,282,23,1,0,0,0,258,330743,330.74 kB,yes,https://data.norge.no/datasets/465c157f-40b8-4c37-8f38-b4c56e362be3,Pristilskudd til industriforetak for 2016,LANDBRUKSDIREKTORATET
2024,*,2024-09-04_0020,npd/field/in-place-volumes,279,275,2,0,0,0,2,638236,638.24 kB,yes,,,
2024,*,2024-09-04_0020,ldir/pristilskudd/industriforetak2015,279,24,0,0,0,0,255,342969,342.97 kB,yes,https://data.norge.no/datasets/722d06fb-114c-4b93-9971-250eefba086c,Pristilskudd til industriforetak for 2015,LANDBRUKSDIREKTORATET
2024,*,2024-09-04_0020,ldir/pristilskudd/industriforetak2014,278,21,0,0,0,0,257,316001,316.00 kB,yes,https://data.norge.no/datasets/0d76c91c-6524-4bd8-8d36-fc81ce543f53,Pristilskudd til industriforetak for 2014,LANDBRUKSDIREKTORATET
2024,*,2024-09-04_0020,nav/arbeidssokere-yrke,275,32,4,0,0,1,238,15144496,15.14 MB,yes,https://data.norge.no/datasets/a56d54a2-f57b-35e9-a59d-4d0c87e69664,Statistikk - antall arbeidssøkere etter yrke og år,ARBEIDS- OG VELFERDSETATEN
2024,*,2024-09-04_0020,ldir/leveransedata-korn/2012-13,274,66,9,0,0,0,199,4211717,4.21 MB,yes,https://data.norge.no/datasets/63ddf0f1-8bcc-437f-a6aa-30018b09e0bb,Leveranser til kornkjøper eller såvareforretning i landbruket i kornåret juli 2012 til juni 2013,LANDBRUKSDIREKTORATET
2024,*,2024-09-04_0020,kmd/valglokaler/2015/forhand,265,42,0,0,0,0,223,1562904,1.56 MB,yes,https://data.norge.no/datasets/30f1e042-6335-44da-8f4a-c9ae68b8cfdb,"Valglokaler for å stemme på forhånd, kommunestyre- og fylkestingsvalget 2015",KOMMUNAL- OG DISTRIKTSDEPARTEMENTET
2024,*,2024-09-04_0020,ldir/produksjonstilskudd/2015aug,265,13,21,0,0,1,230,22369900,22.37 MB,yes,https://data.norge.no/datasets/b83077ec-fe37-4a11-bb98-d492bc6fedc8,Produksjonstilskudd jordbruksforetak - søknadsomgang august 2015,LANDBRUKSDIREKTORATET
2024,*,2024-09-04_0020,nrk/norge-rundt,263,24,6,0,0,0,233,19982421,19.98 MB,yes,https://data.norge.no/datasets/08fb719b-d563-44ac-97e1-f630ba92c507,Norge Rundt Statistikkmoro,NORSK RIKSKRINGKASTING AS
2024,*,2024-09-04_0020,ldir/leveransedata-slakt-2005-2012/2006,259,14,20,0,0,0,225,12213380,12.21 MB,yes,https://data.norge.no/datasets/809cb337-6ae7-47b8-83f9-1168965f9d2a,Leveranser til slakteri i landbruket i 2006,LANDBRUKSDIREKTORATET
2024,*,2024-09-04_0020,ldir/leveransedata-slakt-2005-2012/2008,258,22,12,0,0,0,224,4567712,4.57 MB,yes,https://data.norge.no/datasets/9bd91983-7855-408a-8997-3537ad3388e7,Leveranser til slakteri i landbruket i 2008,LANDBRUKSDIREKTORATET
2024,*,2024-09-04_0020,ldir/leveransedata-slakt-2005-2012/2012,256,24,5,0,0,0,227,7040896,7.04 MB,yes,https://data.norge.no/datasets/fa167b1d-97be-447e-bb2a-3f142effd81f,Leveranser til slakteri i landbruket i 2012,LANDBRUKSDIREKTORATET
2024,*,2024-09-04_0020,ldir/pristilskudd/jordbruksforetak2016,255,30,0,0,0,0,225,4825305,4.83 MB,yes,https://data.norge.no/datasets/a7c64112-7813-4f6e-9788-2626d181c922,Pristilskudd til jordbruksforetak for 2016,LANDBRUKSDIREKTORATET
2024,*,2024-09-04_0020,statens-satser/utland/2018,255,20,4,0,0,1,230,220688,220.69 kB,yes,https://data.norge.no/datasets/f69926c6-d9c2-4719-8c91-4a804890ea3b,Statens satser utland 2018,DIGITALISERINGSDIREKTORATET
2024,*,2024-09-04_0020,ldir/leveransedata-slakt-2005-2012/2010,254,18,5,0,0,2,229,16551772,16.55 MB,yes,https://data.norge.no/datasets/50a8040e-3132-4ef5-9ff6-47353a5a8ebc,Leveranser til slakteri i landbruket i 2010,LANDBRUKSDIREKTORATET
2024,*,2024-09-04_0020,difi/oep/innsynskrav-2011,254,14,7,0,0,0,233,332987,332.99 kB,yes,https://data.norge.no/datasets/235bab5b-3f53-41a0-8021-ec52036aceb9,Postjournalstatistikk (OEP) - Innsynskrav 2011,DIGITALISERINGSDIREKTORATET
2024,*,2024-09-04_0020,ldir/leveransedata-slakt-2005-2012/2009,253,20,7,0,0,0,226,10752307,10.75 MB,yes,https://data.norge.no/datasets/f6418599-857d-4728-a368-95ee08e7ee62,Leveranser til slakteri i landbruket i 2009,LANDBRUKSDIREKTORATET
2024,*,2024-09-04_0020,ldir/pristilskudd/industriforetak2018,252,28,0,0,0,0,224,301056,301.06 kB,yes,https://data.norge.no/datasets/5ef7b806-6b47-4c34-a6fc-e027047b3e4e,Pristilskudd til industriforetak for 2018,LANDBRUKSDIREKTORATET
2024,*,2024-09-04_0020,difi/kvalitet/resultat2016,252,23,0,0,0,0,229,2745228,2.75 MB,yes,https://data.norge.no/datasets/bf0a70c7-963c-4cf1-97bd-fd2deaadec63,Kvalitet på nett - detaljresultat 2016,DIGITALISERINGSDIREKTORATET
2024,*,2024-09-04_0020,statens-satser/utland/2016,249,15,2,0,0,0,232,167587,167.59 kB,yes,https://data.norge.no/datasets/d89d844b-f560-4629-be07-928ddbee5f2a,Statens satser utland 2016,DIGITALISERINGSDIREKTORATET
2024,*,2024-09-04_0020,ldir/pristilskudd/jordbruksforetak2015,248,25,0,0,0,0,223,7777512,7.78 MB,yes,https://data.norge.no/datasets/fd6ac345-5f1a-48c6-ba12-46086c8ffbbc,Pristilskudd til jordbruksforetak for 2015,LANDBRUKSDIREKTORATET
2024,*,2024-09-04_0020,kmd/valglokaler/2015/valgdagen,246,22,0,0,0,0,224,673574,673.57 kB,yes,https://data.norge.no/datasets/9aa80a32-b445-4373-887e-918d9eb2592b,"Valglokaler for å stemme på valgdagen, kommunestyre- og fylkestingsvalget 2015",KOMMUNAL- OG DISTRIKTSDEPARTEMENTET
2024,*,2024-09-04_0020,difi/norgeno/tjenesteeier,246,20,0,0,0,0,226,740,740 B,yes,https://data.norge.no/datasets/2a9fb39c-47ca-48b9-85b4-a3747e00a477,"Norge.no - tjenesteeiere. Statlige virksomheter, kommuner og fylkeskommuner.",DIGITALISERINGSDIREKTORATET
2024,*,2024-09-04_0020,ldir/pristilskudd/industriforetak2013,245,23,0,0,0,0,222,312298,312.30 kB,yes,https://data.norge.no/datasets/6521a4b1-a1ce-4879-9bd1-fedea04a5027,Pristilskudd til industriforetak for 2013,LANDBRUKSDIREKTORATET
2024,*,2024-09-04_0020,valg/valglokaler/2017,239,12,1,0,0,0,226,1474604,1.47 MB,yes,https://data.norge.no/datasets/2ca4e679-6029-4000-9f43-86028ee58130,"Valglokaler, Stortings- og sametingsvalget 2017",VALGDIREKTORATET
2024,*,2024-09-04_0020,ldir/organisert-beitebruk,236,13,2,0,0,0,221,1858793,1.86 MB,yes,https://data.norge.no/datasets/93138007-a60f-4420-b62e-96c65f694c9d,Statistikk fra tilskuddsordningen organisert beitebruk (drift av beitelag),LANDBRUKSDIREKTORATET
2024,*,2024-09-04_0020,ldir/produksjonstilskudd/2016jan,235,22,98,0,0,0,115,55760944,55.76 MB,yes,https://data.norge.no/datasets/2cd616e2-4029-466a-a53b-6c7de0422512,Produksjons- og avløsertilskudd jordbruksforetak - søknadsomgang januar 2016,LANDBRUKSDIREKTORATET
2024,*,2024-09-04_0020,fhi/atc-kodenavn-virkestoff,234,12,6,0,0,0,216,33270918,33.27 MB,yes,,,
2024,*,2024-09-04_0020,bodo/energy/measurements,234,7,149,0,0,0,78,249906191,249.91 MB,yes,https://data.norge.no/datasets/4ce66b36-1a28-3c13-9033-0766ec83fc95,Energimålinger kommunale bygg,BODØ KOMMUNE
2024,*,2024-09-04_0020,ldir/pristilskudd/jordbruksforetak2014,227,13,0,0,0,0,214,2138117,2.14 MB,yes,https://data.norge.no/datasets/b444d6f8-a1a3-49e6-8254-6c0824b619d1,Pristilskudd til jordbruksforetak for 2014,LANDBRUKSDIREKTORATET
2024,*,2024-09-04_0020,ldir/pristilskudd/industriforetak2022,224,107,20,1,0,0,96,2176039,2.18 MB,yes,https://data.norge.no/datasets/02da587e-3f5f-3dd4-8b74-ff6cec12de68,Pristilskudd til industriforetak for 2022,LANDBRUKSDIREKTORATET
2024,*,2024-09-04_0020,ldir/rmp-statistikk/2023,221,8,122,1,0,1,89,827926004,827.93 MB,yes,https://data.norge.no/datasets/77412d0e-85a6-34fc-9017-a3b6b8707da6,Regionale miljøtilskudd – søknadsomgang 2023,LANDBRUKSDIREKTORATET
2024,*,2024-09-04_0020,statens-satser/utland/perioder,220,26,2,0,0,0,192,12402,12.40 kB,yes,https://data.norge.no/datasets/ee936dd7-6601-4390-862b-615d91568f89,Statens satser utland - perioder,DIGITALISERINGSDIREKTORATET
2024,*,2024-09-04_0020,ldir/leveransedata-slakt-2005-2012/2007,220,24,8,0,0,0,188,4754624,4.75 MB,yes,https://data.norge.no/datasets/e7886ba1-8536-459f-9c7d-80dbdb2b6bfe,Leveranser til slakteri i landbruket i 2007,LANDBRUKSDIREKTORATET
2024,*,2024-09-04_0020,ldir/leveransedata-slakt-2005-2012/2011,219,16,10,0,0,0,193,6952115,6.95 MB,yes,https://data.norge.no/datasets/f866f9c0-5966-4bbc-8f6c-0da46dc8f3ea,Leveranser til slakteri i landbruket i 2011,LANDBRUKSDIREKTORATET
2024,*,2024-09-04_0020,ldir/pristilskudd/jordbruksforetak2018,216,24,1,0,0,0,191,2659333,2.66 MB,yes,https://data.norge.no/datasets/ceb5957c-3f8b-4d7e-bf90-64e3d4649e23,Pristilskudd til jordbruksforetak for 2018,LANDBRUKSDIREKTORATET
2024,*,2024-09-04_0020,stavanger/skoleruter,210,25,96,0,0,0,89,1947181,1.95 MB,yes,https://data.norge.no/datasets/6c01adfa-4800-46f7-8b47-40f7034e58f4,Skoleruter for barne- og ungdomsskolene i Stavanger kommune,STAVANGER KOMMUNE
2024,*,2024-09-04_0020,ldir/pristilskudd/industriforetak2021,209,79,17,0,0,0,113,1274441,1.27 MB,yes,https://data.norge.no/datasets/6eb2aed4-82b6-32b4-aa18-636c95066b85,Pristilskudd til industriforetak for 2021,LANDBRUKSDIREKTORATET
2024,*,2024-09-04_0020,ldir/leveransedata-egg/2017,190,49,2,0,0,0,139,1521723,1.52 MB,yes,https://data.norge.no/datasets/083d7ef2-a6f9-4152-9959-553070782766,Leveranser til eggpakkeri i landbruket i 2017,LANDBRUKSDIREKTORATET
2024,*,2024-09-04_0020,bufdir/interkommunale-samarbeid,187,10,42,0,0,0,135,722030,722.03 kB,yes,https://data.norge.no/datasets/bb712930-409d-35d4-b6b7-3e70adca2813,Interkommunale samarbeid på barnevernsområdet 2023,"BARNE-, UNGDOMS- OG FAMILIEDIREKTORATET"
2024,*,2024-09-04_0020,ldir/leveransedata-egg/2020,177,116,10,1,0,0,50,1938676,1.94 MB,yes,https://data.norge.no/datasets/d6db799b-c857-3cd8-b514-da0ccd9ade37,Leveranser til eggpakkeri i landbruket i 2020,LANDBRUKSDIREKTORATET
2024,*,2024-09-04_0020,stavanger/kommunalebyggmedpublikumstjenester/aapningstider,167,82,3,0,0,0,82,793021,793.02 kB,yes,https://data.norge.no/datasets/70bb990b-f031-49a5-ad16-b6beebb5c751,Åpningstider kommunale bygg med publikumstjenester,STAVANGER KOMMUNE
2024,*,2024-09-04_0020,npd/survey/pending,163,56,5,0,0,0,102,128364,128.36 kB,yes,https://data.norge.no/datasets/85dba4d8-9d40-4c3e-9d8f-9e0544bd390f,Undersøkelser (Survey),SOKKELDIREKTORATET
2024,*,2024-09-04_0020,difi/etatsbasen/position,161,19,44,0,0,1,97,1221302,1.22 MB,yes,https://data.norge.no/datasets/072e4907-73fe-4ee8-9499-4af89efd68d7,Kartkoordinater til statlige virksomheter og kommuner,DIGITALISERINGSDIREKTORATET
2024,*,2024-09-04_0020,ldir/rmp-statistikk/2022,153,8,92,2,0,7,44,443060684,443.06 MB,yes,https://data.norge.no/datasets/2a3d6243-2f3a-3a53-a98a-ea74c515957a,Regionale miljøtilskudd – søknadsomgang 2022,LANDBRUKSDIREKTORATET
2024,*,2024-09-04_0020,npd/tuf/petroleum-register/notifications,152,18,1,0,0,0,133,29722217,29.72 MB,yes,https://data.norge.no/datasets/54db77e1-8665-40c2-a9be-42613f8d5c83,Transport- og utnyttelsesanlegg (TUF),SOKKELDIREKTORATET
2024,*,2024-09-04_0020,difi/etatsbasen/visitaddress,148,54,0,0,0,0,94,2010498,2.01 MB,yes,https://data.norge.no/datasets/37ab3175-66fb-49ad-9d23-afeabd7f9e6e,Besøksadresse til statlige virksomheter og kommuner,DIGITALISERINGSDIREKTORATET
2024,*,2024-09-04_0020,ldir/pristilskudd/industriforetak2020,145,49,1,0,0,0,95,693986,693.99 kB,yes,https://data.norge.no/datasets/ddb119d6-3ce4-30b7-9253-1424f726dcf4,Pristilskudd til industriforetak for 2020,LANDBRUKSDIREKTORATET
2024,*,2024-09-04_0020,npd/tuf/petroleum-register/operators,144,18,2,0,0,0,124,372846,372.85 kB,yes,https://data.norge.no/datasets/54db77e1-8665-40c2-a9be-42613f8d5c83,Transport- og utnyttelsesanlegg (TUF),SOKKELDIREKTORATET
2024,*,2024-09-04_0020,bergen/lekeplasser,141,24,9,0,0,2,106,549009,549.01 kB,yes,https://data.norge.no/datasets/c6f8592c-154f-4b22-ba3e-64fdb2a22fe2,Lekeplasser i Bergen kommune,BERGEN KOMMUNE
2024,*,2024-09-04_0020,ldir/leveransedata-egg/2019,139,85,6,0,0,0,48,1631896,1.63 MB,yes,https://data.norge.no/datasets/d58a8898-6162-43cd-9df8-5ae0b5fa9ebc,Leveranser til eggpakkeri i landbruket i 2019,LANDBRUKSDIREKTORATET
2024,*,2024-09-04_0020,stavanger/offentligetoalett,138,50,1,0,0,0,87,198512,198.51 kB,yes,https://data.norge.no/datasets/034299ab-51a4-41f2-9301-35c994000ea6,Offentlige toalett,STAVANGER KOMMUNE
2024,*,2024-09-04_0020,difi/norgeno/tjeneste,138,33,4,0,0,0,101,4982124,4.98 MB,yes,https://data.norge.no/datasets/a84cb8f0-8c7a-4cda-b5d0-4b7bef29f6b5,Norge.no - digitale tjenester fra det offentlige,DIGITALISERINGSDIREKTORATET
2024,*,2024-09-04_0020,ldir/pristilskudd/industriforetak2017,129,19,0,0,0,0,110,240739,240.74 kB,yes,https://data.norge.no/datasets/44e517d0-c054-4fab-a9cd-92a83ac9745b,Pristilskudd til industriforetak for 2017,LANDBRUKSDIREKTORATET
2024,*,2024-09-04_0020,difi/etatsbasen/postaddress,126,26,0,0,0,0,100,2347444,2.35 MB,yes,https://data.norge.no/datasets/e82b33e3-0df4-4fde-aef6-ebd1b34dafa9,Postadresser til statlige virksomheter og kommuner,DIGITALISERINGSDIREKTORATET
2024,*,2024-09-04_0020,ldir/pristilskudd/jordbruksforetak2013,125,17,16,0,0,0,92,16516092,16.52 MB,yes,https://data.norge.no/datasets/b02d6e04-7e2a-40f1-a7a9-a769c2073925,Pristilskudd til jordbruksforetak for 2013,LANDBRUKSDIREKTORATET
2024,*,2024-09-04_0020,ldir/pristilskudd/jordbruksforetak2017,123,34,0,0,0,0,89,8623021,8.62 MB,yes,https://data.norge.no/datasets/605647ea-3840-4cf6-9d81-07e8b2e55461,Pristilskudd til jordbruksforetak for 2017,LANDBRUKSDIREKTORATET
2024,*,2024-09-04_0020,fad/lonn/b-tabell,121,26,3,0,0,0,92,904723,904.72 kB,yes,https://data.norge.no/datasets/095f0142-284d-474b-9289-223b750f0e68,Lønnstrinn i staten 2011 - Tabell B Tilleggslønnstabell 2011,KOMMUNAL- OG DISTRIKTSDEPARTEMENTET
2024,*,2024-09-04_0020,ldir/pristilskudd/jordbruksforetak2021,120,47,4,0,0,0,69,11260902,11.26 MB,yes,https://data.norge.no/datasets/a346de6a-b642-38e5-83f1-e184ebf778d6,Pristilskudd til jordbruksforetak for 2021,LANDBRUKSDIREKTORATET
2024,*,2024-09-04_0020,difi/tidstyv/2014,120,19,0,0,0,0,101,17859920,17.86 MB,yes,https://data.norge.no/datasets/42c6389c-9114-438c-97b8-377d045ab352,Tidstyver i forvaltningen,DIGITALISERINGSDIREKTORATET
2024,*,2024-09-04_0020,oed/eiti-2009/overskuddsandel,117,18,2,1,0,0,96,22514,22.51 kB,yes,https://data.norge.no/datasets/1e91cf0f-0bd1-4ee4-b780-585d0f6857de,Rapportert netto overskuddsandel per selskap for 2009,ENERGIDEPARTEMENTET
2024,*,2024-09-04_0020,difi/kvalitet/oversikt2011,116,24,1,0,0,0,91,935553,935.55 kB,yes,https://data.norge.no/datasets/f8000793-891e-49e1-b791-0969d17db8c9,Kvalitet på nett - resultatliste 2011,DIGITALISERINGSDIREKTORATET
2024,*,2024-09-04_0020,difi/kvalitet/resultat2011,115,23,0,0,0,0,92,18124414,18.12 MB,yes,https://data.norge.no/datasets/b2653702-0f08-485e-b754-a616d34ea70e,Kvalitet på nett - detaljresultat 2011,DIGITALISERINGSDIREKTORATET
2024,*,2024-09-04_0020,difi/etatsbasen/phone,115,19,0,0,0,0,96,1510962,1.51 MB,yes,https://data.norge.no/datasets/c05f7bfe-1a14-4617-9455-a16857070021,Telefonnummer til statlige virksomheter og kommuner,DIGITALISERINGSDIREKTORATET
2024,*,2024-09-04_0020,difi/kvalitet/oversikt2013,115,18,3,0,0,0,94,771431,771.43 kB,yes,https://data.norge.no/datasets/08c58a7a-7b3c-4360-a610-e15172dfccd0,Kvalitet på nett - resultatliste 2013,DIGITALISERINGSDIREKTORATET
2024,*,2024-09-04_0020,ldir/pristilskudd/industriforetak2019,114,19,0,0,0,0,95,208468,208.47 kB,yes,https://data.norge.no/datasets/647ed686-a5ec-4db2-8a5d-ebfd96690684,Pristilskudd til industriforetak for 2019,LANDBRUKSDIREKTORATET
2024,*,2024-09-04_0020,bergen/budsjett-2012/driftsbudsjett,113,23,3,0,0,0,87,1401118,1.40 MB,yes,https://data.norge.no/datasets/9abac698-0332-481f-95a1-bd4a88c58d94,Forslag budsjett og økonomiplan 2012-2015 for Bergen kommune,BERGEN KOMMUNE
2024,*,2024-09-04_0020,npd/survey/seismic/planned,113,21,7,0,0,0,85,165528,165.53 kB,yes,https://data.norge.no/datasets/85dba4d8-9d40-4c3e-9d8f-9e0544bd390f,Undersøkelser (Survey),SOKKELDIREKTORATET
2024,*,2024-09-04_0020,difi/etatsbasen/organization,113,16,2,0,0,0,95,2993143,2.99 MB,yes,https://data.norge.no/datasets/1150fba5-7474-4aec-9d59-edd832e6a698,Enhetene i offentlig forvaltning,DIGITALISERINGSDIREKTORATET
2024,*,2024-09-04_0020,stavanger/lekeplasser,112,26,3,0,0,1,82,282388,282.39 kB,yes,https://data.norge.no/datasets/7ff2fbdd-e535-463d-b620-d9fbc7320a54,Lokalisering lekeplasser,STAVANGER KOMMUNE
2024,*,2024-09-04_0020,kmd/partistotte/2013,112,26,0,0,0,0,86,875290,875.29 kB,yes,https://data.norge.no/datasets/56b6ea2f-3d7e-4a82-88f5-148d04248ec0,Partistøtte for 2013,STATSFORVALTAREN I VESTLAND
2024,*,2024-09-04_0020,difi/kvalitet/resultat2010,112,20,0,0,0,0,92,9246732,9.25 MB,yes,https://data.norge.no/datasets/fd861e67-7397-4d85-912b-3da75038cd06,Kvalitet på nett - detaljresultat 2010,DIGITALISERINGSDIREKTORATET
2024,*,2024-09-04_0020,difi/etatsbasen/url,112,14,2,0,0,0,96,2982040,2.98 MB,yes,https://data.norge.no/datasets/31402b0c-28e6-47c7-9570-b4bafd4bd78a,Nettadresser (url) til statlige virksomheter og kommuner,DIGITALISERINGSDIREKTORATET
2024,*,2024-09-04_0020,oed/eiti-2009/nox-avgift,111,21,1,0,0,0,89,37264,37.26 kB,yes,https://data.norge.no/datasets/c53f4b95-7d9f-4206-9c12-c742c52779bf,Extractive Industries Transparency Initiative (EITI) for 2009,ENERGIDEPARTEMENTET
2024,*,2024-09-04_0020,difi/oep/innsynskrav-2010,111,19,1,0,0,0,91,366247,366.25 kB,yes,https://data.norge.no/datasets/a2ae3529-fc60-40c1-9c10-a614cd52b5b9,Postjournalstatistikk (OEP) - Innsynskrav 2010,DIGITALISERINGSDIREKTORATET
