county_id,county_name,municipality_id,municipality_name,borough_id,borough_name,polling_place_id,polling_place_name,address_line,postal_code,area,info_text,gps_coordinates,election_day_voting,opening_hours
1,Østfold,101,Halden,,,1,Konservativen,Øvre Bankegt 5,1771,Halden,"Husk gyldig legitimasjon. Det er fint om du også har med dette valgkortet, men det er ikke legitimasjon.","59.12273755942663, 11.383713253967243",1,"2017-09-10 16:00:00,2017-09-10 20:00:00,2017-09-11 09:00:00,2017-09-11 20:00:00"
1,Østfold,101,Halden,,,1,Halden Rådhus URNE,Storgt 8,1771,Halden,Forhåndsstemmer kan avgis på Servicesenteret på Halden rådhus hverdager mellom klokka 09.00 og 14.30 i denne perioden.,"59.122507,11.386748",0,
1,Østfold,101,Halden,,,2,Tistasenteret,Walkers gt 4,1771,Halden,Det vil bli mulig å avgi forhåndsstemme på Tistasenteret lørdag 26. august og lørdag 2. september.,"59.121393,11.381",0,
1,Østfold,101,Halden,,,2,Hjortsberghallen,BRAvn 67,1784,Halden,"For å få stemt må du ha med gyldig legitimasjon. Det er fint om du også har med dette valgkortet, men det er ikke legitimasjon.","59.141354,11.382329",1,"2017-09-10 16:00:00,2017-09-10 20:00:00,2017-09-11 09:00:00,2017-09-11 20:00:00"
1,Østfold,101,Halden,,,3,Låby skole - gymsalen,Likollvn 29,1781,Halden,"For å få stemt må du ha med gyldig legitimasjon. Det er fint om du også har med dette valgkortet, men det er ikke legitimasjon","59.130709,11.364895",1,"2017-09-10 16:00:00,2017-09-10 20:00:00,2017-09-11 09:00:00,2017-09-11 20:00:00"
1,Østfold,101,Halden,,,4,Berg skole,Sørlivn 111,1788,Berg i Østfold,"For å få stemt må du ha med gyldig legitimasjon. Det er fint om du også har med dette valgkortet, men det er ikke legitimasjon","59.12447545732127, 11.298757093254153",1,"2017-09-10 16:00:00,2017-09-10 20:00:00,2017-09-11 09:00:00,2017-09-11 20:00:00"
1,Østfold,101,Halden,,,5,"Tistedal skole, Hovedinngangen",Stadionveien 8,1791,Tistedal,"For å få stemt må du ha med gyldig legitimasjon. Det er fint om du også har med dette valgkortet, men det er ikke legitimasjon. NB! Nytt valglokale","59.132059740598024, 11.453525757347051",1,"2017-09-10 16:00:00,2017-09-10 20:00:00,2017-09-11 09:00:00,2017-09-11 20:00:00"
1,Østfold,101,Halden,,,6,Risum ungdomsskole - gymsalen,Kommandantvn 37,1769,Halden,"For å få stemt må du ha med gyldig legitimasjon. Det er fint om du også har med dette valgkortet, men det er ikke legitimasjon","59.11481558610834, 11.40607272883608",1,"2017-09-10 16:00:00,2017-09-10 20:00:00,2017-09-11 09:00:00,2017-09-11 20:00:00"
1,Østfold,101,Halden,,,7,Prestebakke samfunnshus,Prestebakkeveien 240,1796,Kornsjø,"For å få stemt må du ha med gyldig legitimasjon. Det er fint om du også har med dette valgkortet, men det er ikke legitimasjon.","58.990735,11.539872",1,"2017-09-10 16:00:00,2017-09-10 20:00:00,2017-09-11 09:00:00,2017-09-11 20:00:00"
1,Østfold,104,Moss,,,0,Rådhuset,Kirkegata 15,1531,Moss,"Mandag til fredag fra kl 08.00 - 15.00, Utvidet åpningstid: Torsdag 31.08.17 fra kl. 08.00 - 18.00 Torsdag 07.09.17 fra kl. 08.00 – 18.00. Lørdag 26.08.17 fra kl. 10.00 - 13.00 Lørdag 02.09.17 fra kl. 10.00 – 13.00. ","59.43403349352976, 10.659646170639007",0,
1,Østfold,104,Moss,,,1,Samfunsshuset,Kirkegata 15,1531,Moss,Nytt av året er at du kan stemme ved det valglokale i Moss som passer deg best. Se mer på moss.kommune.no. Husk valgkort og legitimasjon med bilde!,"59.434052783169285, 10.659651535057037",1,"2017-09-11 08:00:00,2017-09-11 21:00:00"
1,Østfold,104,Moss,,,2,Ramberg skole,Bjerkealleen 34,1512,Moss,Nytt av året er at du kan stemme ved det valglokale i Moss som passer deg best. Se mer på moss.kommune.no. Husk valgkort og legitimasjon med bilde!,"59.44249013938442, 10.628639797622668",1,"2017-09-11 08:00:00,2017-09-11 21:00:00"
1,Østfold,104,Moss,,,3,Reier skole,Brageveien 9,1517,Moss,Nytt av året er at du kan stemme ved det valglokale i Moss som passer deg best. Se mer på moss.kommune.no. Husk valgkort og legitimasjon med bilde!,"59.42978154527309, 10.63030272485355",1,"2017-09-11 08:00:00,2017-09-11 21:00:00"
1,Østfold,104,Moss,,,4,Refsnes skole,Refsnesalleen 36,1518,Moss,Nytt av året er at du kan stemme ved det valglokale i Moss som passer deg best. Se mer på moss.kommune.no. Husk valgkort og legitimasjon med bilde!,"59.44018677379594, 10.619525566795346",1,"2017-09-11 08:00:00,2017-09-11 21:00:00"
1,Østfold,104,Moss,,,5,Krapfoss skole,Anton Krogsvoldsvei 4,1597,Moss,Nytt av året er at du kan stemme ved det valglokale i Moss som passer deg best. Se mer på moss.kommune.no. Husk valgkort og legitimasjon med bilde!,"59.432987,10.681651",1,"2017-09-11 08:00:00,2017-09-11 21:00:00"
1,Østfold,104,Moss,,,6,Åvangen skole,Skredderveien 100,1537,Moss,Nytt av året er at du kan stemme ved det valglokale i Moss som passer deg best. Se mer på moss.kommune.no. Husk valgkort og legitimasjon med bilde!,"59.459013,10.696692",1,"2017-09-11 08:00:00,2017-09-11 21:00:00"
1,Østfold,104,Moss,,,7,Melløs skole,Roald Amundsensgt. 2,1524,Moss,Nytt av året er at du kan stemme ved det valglokale i Moss som passer deg best. Se mer på moss.kommune.no. Husk valgkort og legitimasjon med bilde!,"59.421721341717074, 10.667831425933855",1,"2017-09-11 08:00:00,2017-09-11 21:00:00"
1,Østfold,104,Moss,,,8,Verket skole,Osloveien 25,1534,Moss,Nytt av året er at du kan stemme ved det valglokale i Moss som passer deg best. Se mer på moss.kommune.no. Husk valgkort og legitimasjon med bilde!,"59.44465437487236, 10.678710457672082",1,"2017-09-11 08:00:00,2017-09-11 21:00:00"
1,Østfold,105,Sarpsborg,,,2,Servicetorget,Glengsgata 38,1706,Sarpsborg,Mandag - fredag kl. 8.30 - 15 (fra 1. september kl. 15.30) Torsdag 7. september: kl. 8.30 - 17,"59.281498,11.111609",0,
1,Østfold,105,Sarpsborg,,,2,Sarpsborg rådhus,Glengsgata 38,1706,Sarpsborg,Forhåndsstemming:  10.august - 8.september.  Se www.sarpsborg.com/valg  for steder og åpningstider.,"59.281498,11.111609",1,"2017-09-10 12:00:00,2017-09-10 18:00:00,2017-09-11 10:00:00,2017-09-11 21:00:00"
1,Østfold,105,Sarpsborg,,,3,Skjeberg bibliotek,Rådhusveien 17,1739,Borgenhaugen,"Mandag - tirsdag kl. 13 - 19 onsdag, torsdag og fredag kl. 10 - 15 (fra 1. september kl.16)","59.266915, 11.169523",0,
1,Østfold,105,Sarpsborg,,,3,Kurland skole - gymsalen,Per Gyntveien 7,1709,Sarpsborg,Forhåndsstemming:  10.august - 8.september.  Se www.sarpsborg.com/valg  for steder og åpningstider.,"59.294912,11.110557",1,"2017-09-10 12:00:00,2017-09-10 18:00:00,2017-09-11 10:00:00,2017-09-11 21:00:00"
1,Østfold,105,Sarpsborg,,,4,Alvimhaugen skole - biblioteket,Utsiktsveien 35,1725,Sarpsborg,Forhåndsstemming:  10.august - 8.september.  Se www.sarpsborg.com/valg  for steder og åpningstider.,"59.271517,11.088177",1,"2017-09-10 12:00:00,2017-09-10 18:00:00,2017-09-11 10:00:00,2017-09-11 21:00:00"
1,Østfold,105,Sarpsborg,,,4,Tune bibliotek,Vesterheimveien 2,1712,Grålum,"Mandag og torsdag kl. 13 - 19 tirsdag, onsdag, fredag kl. 10 - 15 (fra 1. september kl. 16)","59.294468,11.064606",0,
1,Østfold,105,Sarpsborg,,,6,Sandbakken skole - gymsalen,Skjebergveien 165,1743,Klavestadhaugen,Forhåndsstemming:  10.august - 8.september.  Se www.sarpsborg.com/valg  for steder og åpningstider.,"59.248075,11.180145",1,"2017-09-10 12:00:00,2017-09-10 18:00:00,2017-09-11 10:00:00,2017-09-11 21:00:00"
1,Østfold,105,Sarpsborg,,,8,Skjeberg administrasjonsbygg,Rådhusveien 17,1739,Borgenhaugen,Forhåndsstemming:  10.august - 8.september.  Se www.sarpsborg.com/valg  for steder og åpningstider.,"59.266915, 11.169523",1,"2017-09-10 12:00:00,2017-09-10 18:00:00,2017-09-11 10:00:00,2017-09-11 21:00:00"
1,Østfold,105,Sarpsborg,,,9,Hafslund barneskole - gymsalen,Ryesvei 3,1738,Borgenhaugen,Forhåndsstemming:  10.august - 8.september.  Se www.sarpsborg.com/valg  for steder og åpningstider.,"59.271681,11.142282",1,"2017-09-10 12:00:00,2017-09-10 18:00:00,2017-09-11 10:00:00,2017-09-11 21:00:00"
1,Østfold,105,Sarpsborg,,,11,Hornnes skole - gymsalen,Skolebakken 5,1746,Skjeberg,Forhåndsstemming:  10.august - 8.september.  Se www.sarpsborg.com/valg  for steder og åpningstider.,"59.208645,11.192837",1,"2017-09-10 12:00:00,2017-09-10 18:00:00,2017-09-11 10:00:00,2017-09-11 21:00:00"
1,Østfold,105,Sarpsborg,,,14,Ullerøy skole,Røaveien 461,1747,Skjeberg,Forhåndsstemming:  10.august - 8.september.  Se www.sarpsborg.com/valg  for steder og åpningstider.,"59.166192,11.14497",1,"2017-09-10 12:00:00,2017-09-10 18:00:00,2017-09-11 10:00:00,2017-09-11 21:00:00"
1,Østfold,105,Sarpsborg,,,18,Tindlundhallen,Myrstadveien 2,1718,Greåker,Forhåndsstemming:  10.august - 8.september.  Se www.sarpsborg.com/valg  for steder og åpningstider.,"59.268266,11.04597",1,"2017-09-10 12:00:00,2017-09-10 18:00:00,2017-09-11 10:00:00,2017-09-11 21:00:00"
1,Østfold,105,Sarpsborg,,,21,Grålum barneskole - Grålumhallen,Grålumveien 203,1712,Grålum,Forhåndsstemming:  10.august - 8.september.  Se www.sarpsborg.com/valg  for steder og åpningstider.,"59.291101,11.05885",1,"2017-09-10 12:00:00,2017-09-10 18:00:00,2017-09-11 10:00:00,2017-09-11 21:00:00"
1,Østfold,105,Sarpsborg,,,24,Lande bosenter,Råkilveien 35,1710,Sarpsborg,Forhåndsstemming:  10.august - 8.september.  Se www.sarpsborg.com/valg  for steder og åpningstider.,"59.294802,11.102157",1,"2017-09-10 12:00:00,2017-09-10 18:00:00,2017-09-11 10:00:00,2017-09-11 21:00:00"
1,Østfold,105,Sarpsborg,,,25,Hafslundsøy skole - gymsalen,Hagastuveien 60,1734,Hafslundsøy,Forhåndsstemming:  10.august - 8.september.  Se www.sarpsborg.com/valg  for steder og åpningstider.,"59.285795,11.146252",1,"2017-09-10 12:00:00,2017-09-10 18:00:00,2017-09-11 10:00:00,2017-09-11 21:00:00"
1,Østfold,105,Sarpsborg,,,27,Jelsnes skole - gymsalen,Jelsnesveien 820,1708,Sarpsborg,Forhåndsstemming:  10.august - 8.september.  Se www.sarpsborg.com/valg  for steder og åpningstider.,"59.375212,11.165199",1,"2017-09-10 12:00:00,2017-09-10 18:00:00,2017-09-11 10:00:00,2017-09-11 21:00:00"
1,Østfold,105,Sarpsborg,,,34,Bygdehallen,Ingaveien 31,1735,Varteig,Forhåndsstemming:  10.august - 8.september.  Se www.sarpsborg.com/valg  for steder og åpningstider.,"59.350844,11.182966",1,"2017-09-10 12:00:00,2017-09-10 18:00:00,2017-09-11 10:00:00,2017-09-11 21:00:00"
1,Østfold,106,Fredrikstad,,,1,Årum skole,Kilevoldveien 22B,1659,Torp,I Fredrikstad kommune har vi 18 stemmekretser. Du kan stemme i hvilken krets du måtte ønske. Husk å ta med legitimasjon. Ta også gjerne med valgkort.,"59.261680,11.092718",1,"2017-09-10 16:00:00,2017-09-10 20:00:00,2017-09-11 09:00:00,2017-09-11 20:00:00"
1,Østfold,106,Fredrikstad,,,1,Servicetorget,Nygaardsgata 14,1606,Fredrikstad,"Hvis du ikke kan stemme på valgdagene, kan du forhåndsstemme. I Fredrikstad kommune kan du forhåndsstemme på ordinær måte på Servicetorget i rådhuset fra 10. august til 8. september. Husk legitimasjon og ta gjerne med valgkort. I Servicetorget- Åpningstider Sevicetorget:Uke 32 (torsdag 10.08 – 11.08):Kl. 08:00 – 18:00 torsdag Kl. 08:00 – 15:30 fredagUke 33 (14.08 - 19.08):Kl. 08:00 – 15:30 mandag, tirsdag, onsdag, fredag Kl. 08:00 – 18:00 torsdag Kl. 12:00 – 16:00 lørdagUke 34 (21.08 - 26.08): Kl. 08:00 – 15:30 mandag, tirsdag, onsdag, fredag Kl. 08:00 – 18:00 torsdag Kl. 12:00 – 16:00 lørdagUke 35 (28.08 - 02.09): Kl. 08:00 – 18:00 mandag, tirsdag, onsdag Kl. 08:00 – 20:00 torsdag Kl. 08:00 – 15:30 fredag Kl. 12:00 – 16:00 lørdagUke 36 (04.09 – fredag 08.09):Kl. 08:00 – 18:00 mandag, tirsdag, onsdag Kl. 08:00 – 20:00 torsdag Kl. 08:00 – 15:30 fredag","59.2102293, 10.940182199999981",0,
1,Østfold,106,Fredrikstad,,,2,Borge skole,Grimstadveien 3,1655,Sellebakk,I Fredrikstad kommune har vi 18 stemmekretser. Du kan stemme i hvilken krets du måtte ønske. Husk å ta med legitimasjon. Ta også gjerne med valgkort.,"59.225072, 11.046642",1,"2017-09-10 16:00:00,2017-09-10 20:00:00,2017-09-11 09:00:00,2017-09-11 20:00:00"
1,Østfold,106,Fredrikstad,,,3,Borgehallen,Borgeveien 48,1653,Sellebakk,I Fredrikstad kommune har vi 18 stemmekretser. Du kan stemme i hvilken krets du måtte ønske. Husk å ta med legitimasjon. Ta også gjerne med valgkort.,"59.230747, 11.001963",1,"2017-09-10 16:00:00,2017-09-10 20:00:00,2017-09-11 09:00:00,2017-09-11 20:00:00"
1,Østfold,106,Fredrikstad,,,4,Begby skole,Smaragdveien 4,1639,Gamle Fredrikstad,I Fredrikstad kommune har vi 18 stemmekretser. Du kan stemme i hvilken krets du måtte ønske. Husk å ta med legitimasjon. Ta også gjerne med valgkort.,"59.215655, 11.010151",1,"2017-09-10 16:00:00,2017-09-10 20:00:00,2017-09-11 09:00:00,2017-09-11 20:00:00"
1,Østfold,106,Fredrikstad,,,5,Torsnes skole,Toresvei 2,1634,Gamle Fredrikstad,I Fredrikstad kommune har vi 18 stemmekretser. Du kan stemme i hvilken krets du måtte ønske. Husk å ta med legitimasjon. Ta også gjerne med valgkort.,"59.186261, 11.049573",1,"2017-09-10 16:00:00,2017-09-10 20:00:00,2017-09-11 09:00:00,2017-09-11 20:00:00"
1,Østfold,106,Fredrikstad,,,6,Sagabakken skole,Lundheim Alle 1,1636,Gamle Fredrikstad,I Fredrikstad kommune har vi 18 stemmekretser. Du kan stemme i hvilken krets du måtte ønske. Husk å ta med legitimasjon. Ta også gjerne med valgkort.,"59.218214, 10.984319",1,"2017-09-10 16:00:00,2017-09-10 20:00:00,2017-09-11 09:00:00,2017-09-11 20:00:00"
1,Østfold,106,Fredrikstad,,,7,Rød skole,Aaserudveien 17,1621,Gressvik,I Fredrikstad kommune har vi 18 stemmekretser. Du kan stemme i hvilken krets du måtte ønske. Husk å ta med legitimasjon. Ta også gjerne med valgkort.,"59.207286, 10.884302",1,"2017-09-10 16:00:00,2017-09-10 20:00:00,2017-09-11 09:00:00,2017-09-11 20:00:00"
1,Østfold,106,Fredrikstad,,,8,Gressvikhallen,Granliveien 18 B,1621,Gressvik,I Fredrikstad kommune har vi 18 stemmekretser. Du kan stemme i hvilken krets du måtte ønske. Husk å ta med legitimasjon. Ta også gjerne med valgkort.,"59.226310, 10.900697",1,"2017-09-10 16:00:00,2017-09-10 20:00:00,2017-09-11 09:00:00,2017-09-11 20:00:00"
1,Østfold,106,Fredrikstad,,,9,Vestbygda skole,Lervikveien 9,1626,Manstad,I Fredrikstad kommune har vi 18 stemmekretser. Du kan stemme i hvilken krets du måtte ønske. Husk å ta med legitimasjon. Ta også gjerne med valgkort.,"59.266271, 10.773128",1,"2017-09-10 16:00:00,2017-09-10 20:00:00,2017-09-11 09:00:00,2017-09-11 20:00:00"
1,Østfold,106,Fredrikstad,,,10,Bøndernes hus,Kolbergveien 5,1621,Gressvik,I Fredrikstad kommune har vi 18 stemmekretser. Du kan stemme i hvilken krets du måtte ønske. Husk å ta med legitimasjon. Ta også gjerne med valgkort.,"59.256384, 10.853758",1,"2017-09-10 16:00:00,2017-09-10 20:00:00,2017-09-11 09:00:00,2017-09-11 20:00:00"
1,Østfold,106,Fredrikstad,,,11,Tidl.rådhuset i Rolvsøy,Råkollveien 103,1664,Rolvsøy,I Fredrikstad kommune har vi 18 stemmekretser. Du kan stemme i hvilken krets du måtte ønske. Husk å ta med legitimasjon. Ta også gjerne med valgkort.,"59.266010428671144, 11.0048156699753",1,"2017-09-10 16:00:00,2017-09-10 20:00:00,2017-09-11 09:00:00,2017-09-11 20:00:00"
1,Østfold,106,Fredrikstad,,,12,Nylende skole,Ringstadbakken 15,1667,Rolvsøy,I Fredrikstad kommune har vi 18 stemmekretser. Du kan stemme i hvilken krets du måtte ønske. Husk å ta med legitimasjon. Ta også gjerne med valgkort.,"59.303570, 10.974974",1,"2017-09-10 16:00:00,2017-09-10 20:00:00,2017-09-11 09:00:00,2017-09-11 20:00:00"
1,Østfold,106,Fredrikstad,,,13,Lisleby Samfunnshus,Ole Hansensvei 9,1619,Fredrikstad,I Fredrikstad kommune har vi 18 stemmekretser. Du kan stemme i hvilken krets du måtte ønske. Husk å ta med legitimasjon. Ta også gjerne med valgkort.,"59.231779500159135, 10.973009832016032",1,"2017-09-10 16:00:00,2017-09-10 20:00:00,2017-09-11 09:00:00,2017-09-11 20:00:00"
1,Østfold,106,Fredrikstad,,,14,Rød skole,Dueveien 2,1679,Kråkerøy,I Fredrikstad kommune har vi 18 stemmekretser. Du kan stemme i hvilken krets du måtte ønske. Husk å ta med legitimasjon. Ta også gjerne med valgkort.,"59.195190, 10.910460",1,"2017-09-10 16:00:00,2017-09-10 20:00:00,2017-09-11 09:00:00,2017-09-11 20:00:00"
1,Østfold,106,Fredrikstad,,,15,Lunde skole,Lundebuen 14,1676,Kråkerøy,I Fredrikstad kommune har vi 18 stemmekretser. Du kan stemme i hvilken krets du måtte ønske. Husk å ta med legitimasjon. Ta også gjerne med valgkort.,"59.161825, 10.932277",1,"2017-09-10 16:00:00,2017-09-10 20:00:00,2017-09-11 09:00:00,2017-09-11 20:00:00"
1,Østfold,106,Fredrikstad,,,16,Trara skole,Glemmengt. 70,1605,Fredrikstad,I Fredrikstad kommune har vi 18 stemmekretser. Du kan stemme i hvilken krets du måtte ønske. Husk å ta med legitimasjon. Ta også gjerne med valgkort.,"59.219454, 10.938978",1,"2017-09-10 16:00:00,2017-09-10 20:00:00,2017-09-11 09:00:00,2017-09-11 20:00:00"
1,Østfold,106,Fredrikstad,,,17,Trosvik skole,Unnebergveien 19,1613,Fredrikstad,I Fredrikstad kommune har vi 18 stemmekretser. Du kan stemme i hvilken krets du måtte ønske. Husk å ta med legitimasjon. Ta også gjerne med valgkort.,"59.226084, 10.926395",1,"2017-09-10 16:00:00,2017-09-10 20:00:00,2017-09-11 09:00:00,2017-09-11 20:00:00"
1,Østfold,106,Fredrikstad,,,18,Cicignon skole,Skolegt. 2,1606,Fredrikstad,I Fredrikstad kommune har vi 18 stemmekretser. Du kan stemme i hvilken krets du måtte ønske. Husk å ta med legitimasjon. Ta også gjerne med valgkort.,"59.207175, 10.951024",1,"2017-09-10 16:00:00,2017-09-10 20:00:00,2017-09-11 09:00:00,2017-09-11 20:00:00"
1,Østfold,111,Hvaler,,,1,Floren skole,Floren 10,1680,Skjærhalden,Husk legitimasjon og valgkort.,"59.0291028, 11.031732899999951",1,"2017-09-10 15:00:00,2017-09-10 20:00:00,2017-09-11 15:00:00,2017-09-11 20:00:00"
1,Østfold,111,Hvaler,,,1,Rådhuset,Storveien 32,1680,Skjærhalden,"Forhåndsstemming: Velgere som ønsker det, kan forhåndsstemme fra torsdag 10. august og fram til fredag 8. september. Forhåndsstemming foregår i rådhuset kl 08:00 – 15:30 (langåpent til 20:00 onsdag 30.08 og tirsdag 05.09). Husk legitimasjon og valgkort! ","59.028148, 11.031203",0,
1,Østfold,111,Hvaler,,,2,Åttekanten skole,Stormmusbrinken 11,1684,Vesterøy,Husk legitimasjon og valgkort.,"59.103524,10.873855",1,"2017-09-10 15:00:00,2017-09-10 20:00:00,2017-09-11 15:00:00,2017-09-11 20:00:00"
1,Østfold,118,Aremark,,,1,Furulund,Furulund,1798,Aremark,,"59.246208,11.682766",1,"2017-09-10 14:00:00,2017-09-10 19:00:00,2017-09-11 09:00:00,2017-09-11 19:00:00"
1,Østfold,118,Aremark,,,1,Aremark Rådhus,Fosby,1798,Aremark,"Alminnelig forhåndsstemmegivning for Stortings- og sametingsvalget 2017 avholdes fra torsdag 10. august til og med fredag 8. september 2017. Du kan avlegge din forhåndstemme på rådhuset i resepsjonen i 1.etasje på hverdager mandag til fredag fra kl. 08:00 til 15:00. Husk å ta med legitimasjon og valgkort! Du må ikke ha valgkort for å stemme, men gjennomføringen blir enklere. ","59.222181,11.695783",0,
1,Østfold,119,Marker,,,1,Marker Rådhus,Storgata 60,1870,Ørje,Husk legitimasjon!,"59.47959871156502, 11.659392771827697",1,"2017-09-10 14:00:00,2017-09-10 18:00:00,2017-09-11 10:00:00,2017-09-11 20:00:00"
1,Østfold,119,Marker,,,2,Servicetorg urne,Storgata 60,1870,Ørje,"For åpningdstider i forhåndsstemmeperioden, ta kontakt med kommunen.","59.479544225649555, 11.659108457672118",0,
1,Østfold,119,Marker,,,3,MBSS urne,Braarudveien 25,1870,Ørje,"For åpningdstider i forhåndsstemmeperioden, ta kontakt med kommunen.","59.479318108161195, 11.663941798316955",0,
1,Østfold,121,Rømskog,,,1,Rømskog kommunehus,Engehaget 1,1950,RØMSKOG,Husk å ta med Valgkortet og legitimasjon når du skal avlegge stemme,"59.749588, 11.810756",1,"2017-09-10 13:00:00,2017-09-10 16:00:00,2017-09-11 08:00:00,2017-09-11 16:00:00"
1,Østfold,121,Rømskog,,,1,Rømskog Forhånd-Urne,Engehaget 1,1950,RØMSKOG,"Forhåndsstemmegivning finner sted på kommunehuset  fra 10. august – 8. september 2017, mandag – fredag kl. 08.00 – 15.30 og  eldresenteret: Onsdag 6. september kl. 10.00 - 11.00","59.749588, 11.810756",0,
1,Østfold,122,Trøgstad,,,1,Kommunehuset,Kirkeveien 17,1860,Trøgstad,,"59.641387,11.315253",1,"2017-09-10 14:00:00,2017-09-10 18:00:00,2017-09-11 10:00:00,2017-09-11 20:00:00"
1,Østfold,122,Trøgstad,,,1000,Servicetorget- urne,Kirkeveien 17,1860,Trøgstad,"Forhåndsstemmingen starter 10. august og varer til og med 08.september. Husk legitimasjon med bilde. I Trøgstad kan du forhåndsstemme på kommunehuset. Åpningstider: 10.08.-01.09 Mandag - fredag: kl. 08.00-15.00 Lørdag 26.08: kl. 10.00-14.00 Lørdag 02.09: kl. 10.00-14.00, 04.09. - 07.09: Mandag - fredag: kl. 08.00-18.00 Fredag 08.09: kl. 08.00- 15.00. Er du registrert i Samemanntallet i Trøgstad kan du kun forhåndsstemme.","59.641387, 11.315253",0,
1,Østfold,123,Spydeberg,,,1,Kommunehuset  - urne,Stasjonsgata 35,1820,Spydeberg,"Forhåndsstemme kan du gjøre fra 10. august til og med 8. september i hvilken som helst kommune. For de som er bortreist eller av andre grunner ikke har anledning til å avgi stemme i forhåndsstemmeperioden eller på valgdagen, er det mulig å avgi tidligstemme ved servicetorget i perioden 1. juli til 7. august mellom klokken 09:00 og 14:30. Tidligstemming må avtales på forhånd. Stemmer du utenfor egen kommune, skal du få en valgfunksjonær til å stemple stemmesedlene før du legger dem ned i en stemmeseddelkonvolutt. Denne konvolutten og valgkortet blir så lagt ned i en omslagskonvolutt, som deretter legges i valgurnen. Stemmen blir sendt til din hjemkommune for opptelling. Er du syk eller ufør, kan du søke kommunen om å få forhåndsstemme hjemme. Ta kontakt med Servicetorget på telefon 69 68 20 00 innen 1. september.","59.620266, 11.080825",0,
1,Østfold,123,Spydeberg,,,1,Fjellheim,Stasjonsgata 35,1820,Spydeberg,"Forhåndsstemming:10.08-08.09 Sted: Kommunehuset kl. 12:00-14:45 Ta med valgkort og legitimasjon. Endringer kan forekomme, se kommunens hjemmeside.","59.61995029748675, 11.081423603843632",1,"2017-09-11 09:00:00,2017-09-11 21:00:00"
1,Østfold,124,Askim,,,1,Servicetorget,Askim rådhus,1830,Askim,Servicetorget - alle hverdager mellom kl. 08.00 - 15.30 i perioden 10. august til 8. september. Servicetorget - mandager og torsdager kl. 15.30 - 19.00 i perioden 21. august til 7. september.,"59.584476, 11.1609456",0,
1,Østfold,124,Askim,,,1,Askim rådhus,Skolegata 12,1830,Askim,HUSK LEGITIMASJON MED BILDE!,"59.584476, 11.1609456",1,"2017-09-10 13:00:00,2017-09-10 18:00:00,2017-09-11 09:00:00,2017-09-11 21:00:00"
1,Østfold,124,Askim,,,2,Kirkegata omsorgsboliger,Kirkegata 14,1807,Askim,Kirkegata omsorgsboliger - tirsdag 5. september kl. 12.30 - 13.30.,"59.585941, 11.161168",0,
1,Østfold,124,Askim,,,3,Løkentunet,Løkenveien 16,1813,Askim,Løkentunet - tirsdag 5. september kl. 09.00 - 11.30.,"59.578806, 11.171415",0,
1,Østfold,124,Askim,,,4,Helsehuset,Eventyrveien 2,1807,Askim,Helsehuset IKS - onsdag 6. september kl. 09.30 - 10.00.,"59.5872857, 11.161422600000037",0,
1,Østfold,124,Askim,,,5,Askimtorget kjøpesenter,Eidsbergveien 5,1830,Askim,Askimtorget kjøpesenter - torsdag 7. september kl. 11.00 - 14.00.,"59.5833418, 11.165635800000018",0,
1,Østfold,125,Eidsberg,,,1,Eidsberghallen,Smedgata 19,1850,Mysen,Du kan forhåndsstemme på Biblioteket   Husk legitimasjon!,"59.554243,11.333685",1,"2017-09-10 14:00:00,2017-09-10 18:00:00,2017-09-11 10:00:00,2017-09-11 21:00:00"
1,Østfold,125,Eidsberg,,,2,Eidsberg bibliotek,Storgata 15,1850,Mysen,"Stortingsvalget nærmer seg og i perioden 10.08.17 til og med 08.09.17 kan du forhåndsstemme på Eidsberg bibliotek i bibliotekets åpningstid. Valgkortene er sendt ut og vedlagt valgkortene følger et informasjonsskriv. Ta med valgkort og legitimasjon når du skal avgi din stemme. Biblioteket har følgende åpningstider i perioden 10.08 - 12.08: Torsdag kl. 12.00 - 19.00, Fredag kl. 10.00 - 15.00 Lørdag - stengt. Biblioteket har følgende åpningstider i perioden 13.08 - 08.09: Mandag kl. 12.00 - 15.00 Tirsdag kl. 10.00 - 19.00 Onsdag kl. 10.00 - 19.00 Torsdag kl. 10.00 - 19.00 Fredag kl. 10.00 - 15.00 Lørdag kl. 10.00 - 14.00   ","59.553323,11.330694",0,
1,Østfold,127,Skiptvet,,,1,Servicekontoret,Storveien 28,1816,Skiptvet,"For åpningdstider i forhåndsstemmeperioden, ta kontakt med kommunen.","59.477043,11.161895",0,
1,Østfold,127,Skiptvet,,,1,Skiptvet Kommunehus,Storveien 28,1816,Skiptvet,Husk å ta med legitimasjon og valgkort. Mer informasjon om valget finner du på www.skiptvet.kommune.no eller kontakte oss på tlf. 69806000,"59.477752,11.161809",1,"2017-09-10 14:00:00,2017-09-10 18:00:00,2017-09-11 10:00:00,2017-09-11 21:00:00"
1,Østfold,127,Skiptvet,,,2,Sollia bo- og servicesenter,Sollia 1,1816,Skiptvet,"For åpningdstider i forhåndsstemmeperioden, ta kontakt med kommunen.","59.470853,11.169319",0,
1,Østfold,128,Rakkestad,,,1,Rakkestad kulturhus - Festsalen,Rådhusveien 8,1890,Rakkestad,På valgdagene er stemmestedet i festsalen i Rakkestad kulturhus.,"59.428166,11.342719",1,"2017-09-10 16:00:00,2017-09-10 20:00:00,2017-09-11 10:00:00,2017-09-11 21:00:00"
1,Østfold,128,Rakkestad,,,2,Degerneshallen,Idrettsveien 8,1892,Degernes,På valgdagene er stemmestedet i kantina i Degerneshallen.,"59.35666,11.42305",1,"2017-09-10 16:00:00,2017-09-10 20:00:00,2017-09-11 10:00:00,2017-09-11 21:00:00"
1,Østfold,128,Rakkestad,,,10,Rakkestad Servicekontor - urne,Rådhusveien 8,1890,Rakkestad,"Den ordinære forhåndsstemmingen foregår på Servicekontoret, Rakkestad Rådhus, fra kl 08.30 til kl 15.00. Det avholdes i tillegg forhåndsstemmegivning på Servicekontoret lørdag 2. september 2017 kl 10.00-15.00.","59.428166,11.342719",0,
1,Østfold,128,Rakkestad,,,11,Rakkestad bibliotek - urne,Rådhusveien 8,1890,Rakkestad,"Det avholdes forhåndsstemmegivning på ettermiddager fra kl 15.00 -18.00 ved Biblioteket i Kulturhuset , Rådhusveien 8 tirsdag 5, onsdag 6. og torsdag 7. september 2017.","59.428166,11.342719",0,
1,Østfold,128,Rakkestad,,,12,"Skautun, Institusjon - urne",Granveien 11,1890,Rakkestad,Det avholdes forhåndsstemmegivning på Skautun sykehjem tirsdag 5. september 2017. Det vil bli hengt opp oppslag om hvor i sykehjemmet dette vil foregå.,"59.42684,11.34879",0,
1,Østfold,135,Råde,,,1,Bøndernes Hus,Mosseveien 6,1640,Råde,,"59.352461,10.87241",1,"2017-09-10 15:00:00,2017-09-10 18:00:00,2017-09-11 09:00:00,2017-09-11 21:00:00"
1,Østfold,135,Råde,,,1,Rådhuset,Skråtorpveien 2 A,1640,Råde,"Servicetorget, rådhuset: Her vil det være anledning til å forhåndsstemme ordinært fra onsdag 10 august til 8 september 2017 i Rådhusets åpningstid (kl. 08.00 - 15.00).","59.351748, 10.871532",0,
1,Østfold,135,Råde,,,2,Råde sykehjem,Skoleveien 3,1640,Råde,"For åpningdstider i forhåndsstemmeperioden, ta kontakt med kommunen.","59.348836, 10.869942",0,
1,Østfold,135,Råde,,,2,Effata bedehus,Andersrødveien 15,1642,Saltnes,,"59.2985011, 10.775445300000001",1,"2017-09-10 15:00:00,2017-09-10 18:00:00,2017-09-11 09:00:00,2017-09-11 21:00:00"
1,Østfold,135,Råde,,,3,TOMB- videregående skole og landbruksstudier,Tomballéen 7,1640,Råde,"For åpningdstider i forhåndsstemmeperioden, ta kontakt med kommunen.","59.321107, 10.812277",0,
1,Østfold,136,Rygge,,,1,Servicetorget,Larkollveien 9,1570,Dilling,"Fra torsdag 10. august til og med fredag 8. september kan du forhåndsstemme på rygge rådhus, Servicetorget, innenfor følgende åpningstider: 10. august – 25. august kl. 08.00 – 15.00, 28. august – 8. september kl. 08.00 – 17.00, lørdag 26. august og lørdag 2. september kl. 09.00 – 13.00. Du kan forhåndsstemme i hvilken som helst av landets kommuner, men på valgdagen kan du kun avgi stemme i den kommunen du er manntallsført i. Hvis du forhåndsstemmer i en annen kommune enn den du er manntallsført i, må du stemme så tidlig at stemmen din når fram til hjemkommunen din innen kl. 17 dagen etter valgdagen. Husk å ta med legitimasjon når du skal stemme og valgkort om du har mottatt det.","59.40635, 10.692873",0,
1,Østfold,136,Rygge,,,1,Ryggehallen,Skoleveien 4B,1580,Rygge,"Nytt valglokale Halmstad krets: Ryggehallen Forhåndsstemming Servicetorget, Rygge kommune i perioden 10.8-8.9. Husk legitimasjon!","59.38067015289074, 10.745037044180321",1,"2017-09-10 13:00:00,2017-09-10 18:00:00,2017-09-11 09:00:00,2017-09-11 21:00:00"
1,Østfold,136,Rygge,,,3,Larkollen skole,Støtvigveien 59,1560,Larkollen,"Forhåndsstemming Servicetorget, Rygge kommune i perioden 10.8-8.9. Husk legitimasjon!","59.33325242669597, 10.671979025795053",1,"2017-09-10 13:00:00,2017-09-10 18:00:00,2017-09-11 09:00:00,2017-09-11 21:00:00"
1,Østfold,136,Rygge,,,4,Vang skole,Vesteråsveien 45,1570,Dilling,"Forhåndsstemming Servicetorget, Rygge kommune i perioden 10.8-8.9. Husk legitimasjon!","59.383073369985105, 10.690185873680093",1,"2017-09-10 13:00:00,2017-09-10 18:00:00,2017-09-11 09:00:00,2017-09-11 21:00:00"
1,Østfold,136,Rygge,,,5,Ekholt barneskole,Ekholtveien 69,1526,Moss,"Forhåndsstemming Servicetorget, Rygge kommune i perioden 10.8-8.9. Husk legitimasjon!","59.411078418364625, 10.679917671302746",1,"2017-09-10 13:00:00,2017-09-10 18:00:00,2017-09-11 09:00:00,2017-09-11 21:00:00"
1,Østfold,136,Rygge,,,6,Øreåshallen,Øreåsveien 8,1528,Moss,"Forhåndsstemming Servicetorget, Rygge kommune i perioden 10.8-8.9. Husk legitimasjon!","59.41997236789844, 10.692709842922227",1,"2017-09-10 13:00:00,2017-09-10 18:00:00,2017-09-11 09:00:00,2017-09-11 21:00:00"
1,Østfold,137,Våler,,,1,URNE- Våler Herredshus,Kjosveien 1,1592,Våler,Fra 10.august starter den ordinære forhåndsstemmingen. Forhåndsstemmingen avsluttes fredag 8.september. Forhåndstemmingen foregår på NAV-Våler Herredshus. ,"59.48866, 10.86541",0,
1,Østfold,137,Våler,,,1,Fredheim,Svinndveien 3,1593,Svinndal,,"59.42589, 11.00893",1,"2017-09-11 10:00:00,2017-09-11 21:00:00"
1,Østfold,137,Våler,,,2,Våler Herredshus,Kjosveien 1,1592,Våler,,"59.488656,10.865408",1,"2017-09-11 10:00:00,2017-09-11 21:00:00"
1,Østfold,137,Våler,,,3,Våk skole,Karl Toverudsvei 10,1591,Sperrebotn,,"59.461402,10.79923",1,"2017-09-11 10:00:00,2017-09-11 21:00:00"
1,Østfold,138,Hobøl,,,1,Tomter skole,Engen 4,1825,Tomter,Husk legitimasjon! Du kan også forhåndsstemme fra 10.august på servicetorget og på biblioteket.,"59.658081,11.003362",1,"2017-09-11 09:00:00,2017-09-11 21:00:00"
1,Østfold,138,Hobøl,,,2,Knapstad skole,Skoleveien 17,1823,Knapstad,Husk legitimasjon! Du kan også forhåndsstemme fra 10.august på servicetorget og på biblioteket.,"59.625479,11.023945",1,"2017-09-11 09:00:00,2017-09-11 21:00:00"
1,Østfold,138,Hobøl,,,3,Ringvoll skole,Trollveien 16,1827,Hobøl,Husk legitimasjon! Du kan også forhåndsstemme fra 10.august på servicetorget og på biblioteket.,"59.556701,10.844691",1,"2017-09-11 09:00:00,2017-09-11 21:00:00"
1,Østfold,138,Hobøl,,,10,Servicetorget,Elvestadveien 1000,1827,Hobøl,"Forhåndsstemmegivningen starter 10. august og du kan frem til 8. september avlevere din stemme på servicetorget eller på Hobøl bibliotek innenfor ordinære åpningstider. Informasjon om valggjennomføringen oppdateres og annonseres fortløpende i aviser, på sosiale medier og her på våre nettsider.","59.5901854,10.89014080000004",0,
1,Østfold,138,Hobøl,,,11,Biblioteket,Engen 2,1825,Tomter,"Forhåndsstemmegivningen starter 10. august og du kan frem til 8. september avlevere din stemme på servicetorget eller på Hobøl bibliotek innenfor ordinære åpningstider. Informasjon om valggjennomføringen oppdateres og annonseres fortløpende i aviser, på sosiale medier og her på våre nettsider.","59.65888039999999,11.002165300000001",0,
2,Akershus,211,Vestby,,,1,Pepperstad Grendesenter,Risilveien 71,1540,Vestby,På valgdagen er lokalet åpent: Husk legitimasjon,"59.601573,10.714588",1,"2017-09-10 16:00:00,2017-09-10 20:00:00,2017-09-11 09:00:00,2017-09-11 21:00:00"
2,Akershus,211,Vestby,,,2,Vestby rådhus,Rådhusgaten 1,1540,Vestby,På valgdagen er lokalet åpent: Husk legitimasjon,"59.601693,10.748089",1,"2017-09-10 16:00:00,2017-09-10 20:00:00,2017-09-11 09:00:00,2017-09-11 21:00:00"
2,Akershus,211,Vestby,,,5,Grevlingen Flerbrukshall,Sonsveien 55,1555,Son,På valgdagen er lokalet åpent: Husk legitimasjon,"59.518691,10.701284",1,"2017-09-10 16:00:00,2017-09-10 20:00:00,2017-09-11 09:00:00,2017-09-11 21:00:00"
2,Akershus,211,Vestby,,,6,Brevik skole og Grendesenter,Falkeveien 24,1555,Son,På valgdagen er lokalet åpent: Husk legitimasjon,"59.505932,10.691071",1,"2017-09-10 16:00:00,2017-09-10 20:00:00,2017-09-11 09:00:00,2017-09-11 21:00:00"
2,Akershus,211,Vestby,,,1000,Servicekontoret Urne,Rådhusgata,1540,Vestby,"Den 10. august starter den ordinære forhåndsstemmegivningen. Du kan forhåndsstemme fram til og med 8. september, kl. 15.00. Kommunen tar også imot forhåndsstemmer på helse- og sosialinstitusjoner. Tidspunkt for steder og dato blir annonsert senere. Du kan forhåndsstemme i hvilken som helst kommune. I Vestby er det mulig å avgi forhåndsstemme i følgende tidsrom og klokkeslett: Forhåndsstemmemottak, fra torsdag 10. august og til og med fredag 8. september holdes i Vestby rådhus: Stemmemottaket holdes åpent mandag – fredag kl. 08.00-15.00 og torsdag kl. 08.00 – 17.00 med unntak av fredag 8. september hvor det stenges kl. 15.00 grunnet frist for forhåndsstemming. I tillegg holdes det åpent lørdag 2. september kl. 10.00 – 14.00 og utvidet åpningstid mandag 4. september – onsdag 6. september til kl. 19.00 og torsdag 7. september til kl. 20.00.","59.601736, 10.748173500000007",0,
2,Akershus,213,Ski,,,1,Rådhusteatret,Idrettsveien 8,1400,Ski,Forhåndsstemmemottak: Ski Rådhus Man.-Fred. kl. 08.00-15.00. Husk: Du må ha med legitimasjon med bilde for å stemme. Se mer info på www.ski.no/Valg,"59.72028705627359, 10.837957725521619",1,"2017-09-10 14:00:00,2017-09-10 20:00:00,2017-09-11 09:00:00,2017-09-11 21:00:00"
2,Akershus,213,Ski,,,1,Rådhuset URNE,Idrettsveien 8,1400,Ski,Det vil være anledning til å forhåndsstemme ordinært fra onsdag 10.august til 8.september 2017 i Rådhusets åpningstid (08.00 - 15.00). I tillegg vil det være mulig å forhåndsstemme disse tidspunktene: Lørdag 26. august kl. 10.00 - 14.00 Lørdag 2. september kl. 10.00 - 14.00 Torsdag 31. august kl. 08.00 - 19:00,"59.720416,10.83886",0,
2,Akershus,213,Ski,,,2,Ski skole,Kirkevegen 21,1400,Ski,Forhåndsstemmemottak: Ski Rådhus Man.-Fred. kl. 08.00-15.00. Husk: Du må ha med legitimasjon med bilde for å stemme. Se mer info på www.ski.no/Valg,"59.721254,10.845577",1,"2017-09-10 14:00:00,2017-09-10 20:00:00,2017-09-11 09:00:00,2017-09-11 21:00:00"
2,Akershus,213,Ski,,,4,Siggerudhallen,Gamle Siggerudvei 4,1404,Siggerud,Forhåndsstemmemottak: Ski Rådhus Man.-Fred. kl. 08.00-15.00. Husk: Du må ha med legitimasjon med bilde for å stemme. Se mer info på www.ski.no/Valg,"59.790040, 10.887160",1,"2017-09-10 14:00:00,2017-09-10 20:00:00,2017-09-11 09:00:00,2017-09-11 21:00:00"
2,Akershus,213,Ski,,,5,Langhus skole,Bøhlerveien 4,1405,Langhus,Forhåndsstemmemottak: Ski Rådhus Man.-Fred. kl. 08.00-15.00. Husk: Du må ha med legitimasjon med bilde for å stemme. Se mer info på www.ski.no/Valg,"59.747098,10.839424",1,"2017-09-10 14:00:00,2017-09-10 20:00:00,2017-09-11 09:00:00,2017-09-11 21:00:00"
2,Akershus,213,Ski,,,6,Kråkstadhallen,Kråkstadveien 134,1408,Kråkstad,Forhåndsstemmemottak: Ski Rådhus Man.-Fred. kl. 08.00-15.00. Husk: Du må ha med legitimasjon med bilde for å stemme. Se mer info på www.ski.no/Valg,"59.677677,10.885029",1,"2017-09-10 14:00:00,2017-09-10 20:00:00,2017-09-11 09:00:00,2017-09-11 21:00:00"
2,Akershus,213,Ski,,,10,Finstad skole,Markveien 24,1406,Ski,Forhåndsstemmemottak: Ski Rådhus Man.-Fred. kl. 08.00-15.00. Husk: Du må ha med legitimasjon med bilde for å stemme. Se mer info på www.ski.no/Valg,"59.715628, 10.821759",1,"2017-09-10 14:00:00,2017-09-10 20:00:00,2017-09-11 09:00:00,2017-09-11 21:00:00"
2,Akershus,213,Ski,,,11,Vevelstadåsen skole,Vevelstadåsen 30,1405,Langhus,Forhåndsstemmemottak: Ski Rådhus Man.-Fred. kl. 08.00-15.00. Husk: Du må ha med legitimasjon med bilde for å stemme. Se mer info på www.ski.no/Valg,"59.757249,10.848366",1,"2017-09-10 14:00:00,2017-09-10 20:00:00,2017-09-11 09:00:00,2017-09-11 21:00:00"
2,Akershus,213,Ski,,,12,Bøleråsen skole,Bølerkollen 2,1405,Langhus,Forhåndsstemmemottak: Ski Rådhus Man.-Fred. kl. 08.00-15.00. Husk: Du må ha med legitimasjon med bilde for å stemme. Se mer info på www.ski.no/Valg,"59.764809,10.855576",1,"2017-09-10 14:00:00,2017-09-10 20:00:00,2017-09-11 09:00:00,2017-09-11 21:00:00"
2,Akershus,214,Ås,,,1,"Servicetorget, Ås Rådhus",Skoleveien 1,1430,Ås,"Forhåndsstemmemottak, fra torsdag 10. august til og med fredag 8. september, holdes i Ås rådhus. Stemmemottaket holdes åpent mandag - fredag kl. 08.00 – 15.30 og torsdager kl. 08.00 - 19.00. I tillegg holdes det åpent lørdag 2. september kl. 10.00 - 14.00","59.6636044, 10.791053599999941",0,
2,Akershus,214,Ås,,,1,"Brønnerud skole, gymsal",Drøbakveien 63,1433,Ås,Stemmen kan avlegges i det  valglokalet i kommunen du  selv ønsker. www.as.kommune.no/valg-2017,"59.66414782319413, 10.75176331343107",1,"2017-09-10 16:00:00,2017-09-10 20:00:00,2017-09-11 09:00:00,2017-09-11 21:00:00"
2,Akershus,214,Ås,,,2,"Nordby bibliotek, Vinterbro Senter",Sjøskogenveien 7,1407,Ås,Det vil være forhåndsstemmemottak på Nordby bibliotek Vinterbrosenteret torsdag 31. august og torsdag 7. september kl. 14.00 – 19.00.,"59.73959194137438, 10.770711390067845",0,
2,Akershus,214,Ås,,,2,"Ås kulturhus, kinofoaje",Moerveien 1,1430,Ås,Stemmen kan avlegges i det  valglokalet i kommunen du  selv ønsker. www.as.kommune.no/valg-2017,"59.664143367057356, 10.79091529134871",1,"2017-09-10 16:00:00,2017-09-10 20:00:00,2017-09-11 09:00:00,2017-09-11 21:00:00"
2,Akershus,214,Ås,,,3,"Ås ungdomsskole, 1. etasje",Mellomveien 4,1434,Ås,Stemmen kan avlegges i det  valglokalet i kommunen du  selv ønsker. www.as.kommune.no/valg-2017,"59.67037586836795, 10.80021852490745",1,"2017-09-10 16:00:00,2017-09-10 20:00:00,2017-09-11 09:00:00,2017-09-11 21:00:00"
2,Akershus,214,Ås,,,3,"NMBU, Bioteknologibygningen",Christian Magnus Falsens vei 1,1430,Ås,"Stemmegivning på NMBU holdes fredag 1., mandag 4. og tirsdag 5. september kl. 09.00 – 14.00.","59.666168245075724, 10.770079912353367",0,
2,Akershus,214,Ås,,,4,Helseinstitusjoner og omsorgsboliger,Skoleveien 1,1430,Ås,"Stemmegivning på helse- og omsorgsinstitusjoner holdes ved Moer sykehjem, Ås demenssenter og Ås avlastningshjem. I tillegg holdes det stemmegivning ved omsorgsboligene i Dr.Sødrings vei. Stemmemottaker fastsetter tidspunkt for stemmegivningen.","59.6636044, 10.791053599999941",0,
2,Akershus,214,Ås,,,5,"Kroer skole, gymsal",Vollholen 39,1435,Ås,Stemmen kan avlegges i det  valglokalet i kommunen du  selv ønsker. www.as.kommune.no/valg-2017,"59.63299751118997, 10.848278522285454",1,"2017-09-10 16:00:00,2017-09-10 20:00:00,2017-09-11 09:00:00,2017-09-11 21:00:00"
2,Akershus,214,Ås,,,6,"Nordbytun ungdomsskole, aula",Emily Kirkeruds vei 6,1407,Vinterbro,Stemmen kan avlegges i det  valglokalet i kommunen du  selv ønsker. www.as.kommune.no/valg-2017,"59.72512580000001, 10.763995300000033",1,"2017-09-10 16:00:00,2017-09-10 20:00:00,2017-09-11 09:00:00,2017-09-11 21:00:00"
2,Akershus,214,Ås,,,7,"Granheimtunet, Nordby eldresenter",Granheimtunet 3,1406,Ski,Stemmen kan avlegges i det  valglokalet i kommunen du  selv ønsker. www.as.kommune.no/valg-2017,"59.719162563745115, 10.80098008696973",1,"2017-09-10 16:00:00,2017-09-10 20:00:00,2017-09-11 09:00:00,2017-09-11 21:00:00"
2,Akershus,215,Frogn,,,1,Rådhuset,Rådhusveien 6,1443,Drøbak,"Ordinært mottak av forhåndstemmer vil bli etablert på Frogn rådhus, Rådhusveien 6, 1443 Drøbak. Åpningstider: 10. august - 1. september kl. 10.00 - 15.00 (mandag - fredag), Lørdag 2. september kl. 11.00 - 16.00, Søndag 3. september kl. 13.00 - 16.00, Mandag 4. september kl. 10.00 - 19.00, Tirsdag 5. september kl. 10.00 - 19.00, Onsdag 6. september kl. 10.00 - 19.00, Torsdag 7. september kl. 10.00 - 19.00, Fredag 8. september kl. 10.00 - 15.00","59.66677830493381, 10.635541406232732",0,
2,Akershus,215,Frogn,,,1,Seiersten ungdomsskole - aulaen,Belsjøveien 1,1443,Drøbak,OBS! Nytt valglokale er Seiersten skoles aula. Forhåndsstemming på Rådhuset 10.8 - 8.9. Åpningstider se kommunenes hjemmeside www.frogn.kommune.no.,"59.66877288811454, 10.637202989882553",1,"2017-09-11 09:00:00,2017-09-11 21:00:00"
2,Akershus,215,Frogn,,,2,Sogsti skole - gymsalen,Ekesvingen 30,1446,Drøbak,Forhåndsstemming på Rådhuset 10.8 - 8.9. Åpningstider se kommunenes hjemmeside www.frogn.kommune.no.,"59.65492907303483, 10.646259322904484",1,"2017-09-11 09:00:00,2017-09-11 21:00:00"
2,Akershus,215,Frogn,,,3,Heer skole - gymsalen,Skanseveien 26,1445,Drøbak,Forhåndsstemming på Rådhuset 10.8 - 8.9. Åpningstider se kommunenes hjemmeside www.frogn.kommune.no.,"59.683103,10.662961",1,"2017-09-11 09:00:00,2017-09-11 21:00:00"
2,Akershus,215,Frogn,,,6,Dyrløkkeåsen skole - hallen,Hegreveien 12,1448,Drøbak,Forhåndsstemming på Rådhuset 10.8 - 8.9. Åpningstider se kommunenes hjemmeside www.frogn.kommune.no.,"59.667762,10.655365",1,"2017-09-11 09:00:00,2017-09-11 21:00:00"
2,Akershus,215,Frogn,,,7,Dal skole - gymsalen,Nesoddveien 207,1455,Nordre Frogn,Forhåndsstemming på Rådhuset 10.8 - 8.9. Åpningstider se kommunenes hjemmeside www.frogn.kommune.no.,"59.745000176808055, 10.697658457672105",1,"2017-09-11 09:00:00,2017-09-11 21:00:00"
2,Akershus,216,Nesodden,,,0,Tangenten,Kongleveien 2,1452,Nesodden,Du kan forhåndsstemme i Tangenten i kommunens åpningstid som er fra kl. 08.00-15.00. I tillegg blir det langåpent på torsdager de siste 3 ukene frem til kl. 19.00. Du kan også forhåndsstemme lørdag 26. august og lørdag 2. september fra kl. 10.00-14.00.,"59.85562843550863, 10.662175411966814",0,
2,Akershus,216,Nesodden,,,1,Berger skole,Kjartan Veldes vei 43,1459,Nesodden,Forhåndsstemming foregår på Tangenten fra 10.08.2017 - 08.09.2017. Husk å ta med legitimasjon med bilde når du skal stemme.,"59.83763482951265, 10.677857440496154",1,"2017-09-11 09:00:00,2017-09-11 21:00:00"
2,Akershus,216,Nesodden,,,2,Tangen,Kongleveien 2,1452,Nesoddtangen,Forhåndsstemming foregår på Tangenten fra 10.08.2017 - 08.09.2017. Husk å ta med legitimasjon med bilde når du skal stemme.,"59.85577659999999, 10.662282699999991",1,"2017-09-11 09:00:00,2017-09-11 21:00:00"
2,Akershus,216,Nesodden,,,3,Fjellstrand skole,Persilengveien 5,1458,Nesodden,Forhåndsstemming foregår på Tangenten fra 10.08.2017 - 08.09.2017. Husk å ta med legitimasjon med bilde når du skal stemme.,"59.79650812756829, 10.623083021473348",1,"2017-09-11 09:00:00,2017-09-11 21:00:00"
2,Akershus,216,Nesodden,,,4,Jaer skole,Glenneveien 11,1459,Nesodden,Forhåndsstemming foregår på Tangenten fra 10.08.2017 - 08.09.2017. Husk å ta med legitimasjon med bilde når du skal stemme.,"59.7909264, 10.689649199999962",1,"2017-09-11 09:00:00,2017-09-11 21:00:00"
2,Akershus,216,Nesodden,,,5,Myklerud skole,Myklerudveien 140,1454,Fagerstrand,Forhåndsstemming foregår på Tangenten fra 10.08.2017 - 08.09.2017. Husk å ta med legitimasjon med bilde når du skal stemme.,"59.74644312193489, 10.612465032845875",1,"2017-09-11 09:00:00,2017-09-11 21:00:00"
2,Akershus,216,Nesodden,,,6,Alværn ungdomsskole,Bleksliveien 1,1453,Bjørnemyr,Forhåndsstemming foregår på Tangenten fra 10.08.2017 - 08.09.2017. Husk å ta med legitimasjon med bilde når du skal stemme.,"59.82143153025477, 10.633453195210222",1,"2017-09-11 09:00:00,2017-09-11 21:00:00"
2,Akershus,217,Oppegård,,,1,Kolben,Strandliveien 1,1410,Kolbotn,Forhåndsstem på Rådhuset kl. 8-15.30. Utvidet åpningstid fra 4.9-7.9 kl. 8-18.  Mer info på www.oppegard.kommune.no Husk legitimasjon og valgkort!,"59.810111161473586, 10.800641497097785",1,"2017-09-10 14:00:00,2017-09-10 20:00:00,2017-09-11 10:00:00,2017-09-11 21:00:00"
2,Akershus,217,Oppegård,,,1,Oppegård rådhus,Kolbotnveien 30,1410,Kolbotn,"Det er forhåndsstemming i rådhuset fra mandag 3. juli til 8. september (Kolbotnveien 30). Du kan stemme i ordinær åpningstid, kl. 08.00 - 15.30. Rådhuset vil ha utvidet åpningstid følgende dager: Lørdag 2. september kl. 10.00 – 16.00, Mandag 4. september – torsdag 7. september, kl. 08.00 - 18.00","59.811739,10.797071",0,
2,Akershus,217,Oppegård,,,2,Hellerasten skole,Hareveien 42,1413,Tårnåsen,Forhåndsstem på Rådhuset kl. 8-15.30. Utvidet åpningstid fra 4.9-7.9 kl. 8-18.  Mer info på www.oppegard.kommune.no Husk legitimasjon og valgkort!,"59.81331495263029, 10.814801279762264",1,"2017-09-10 14:00:00,2017-09-10 20:00:00,2017-09-11 10:00:00,2017-09-11 21:00:00"
2,Akershus,217,Oppegård,,,3,Institusjoner,Kolbotnveien 30,1410,Kolbotn,Kommunen tar også imot forhåndsstemmer på kommunens helse- og sosialinstitusjoner.  Det kommer oppslag på institusjonene og på kommunens hjemmeside.,"59.811739,10.797071",0,
2,Akershus,217,Oppegård,,,3,Sofiemyr skole,Holbergs vei 37,1412,Sofiemyr,Forhåndsstem på Rådhuset kl. 8-15.30. Utvidet åpningstid fra 4.9-7.9 kl. 8-18.  Mer info på www.oppegard.kommune.no Husk legitimasjon og valgkort!,"59.79773143277409, 10.8142472814759",1,"2017-09-10 14:00:00,2017-09-10 20:00:00,2017-09-11 10:00:00,2017-09-11 21:00:00"
2,Akershus,217,Oppegård,,,4,Østre Greverud idrettshall,Kongeveien 291,1415,Oppegård,Forhåndsstem på Rådhuset kl. 8-15.30. Utvidet åpningstid fra 4.9-7.9 kl. 8-18.  Mer info på www.oppegard.kommune.no Husk legitimasjon og valgkort!,"59.77367869999998, 10.815499300000055",1,"2017-09-10 14:00:00,2017-09-10 20:00:00,2017-09-11 10:00:00,2017-09-11 21:00:00"
2,Akershus,219,Bærum,,,1,Kommunegården i Sandvika,Arnold Haukelands plass 10,1338,Sandvika,"Den ordinære forhåndsstemmeperioden starter torsdag 10. august og avsluttes fredag 8. september. Åpningstider: mandag - fredag 10-25 august kl. 10:00-18:00, lørdag 26. august kl. 10:00-18:00, mandag - fredag 28. august til 8. september kl. 10:00-20:00, lørdag 2. september kl. 10:00-18:00","59.889042, 10.523381",0,
2,Akershus,219,Bærum,,,1,"Hundsund Idrettshall, flerbrukshallen",Snarøyveien 81,1364,Fornebu,"NB: Nytt valglokale! Forhåndsstemming fra 10.08- 08.09 i komm.gården Sandvika, på Bekkestua bibliotek og  på Rykkinn og Fornebu senter.","59.88990312170816, 10.621136506082166",1,"2017-09-11 09:00:00,2017-09-11 21:00:00"
2,Akershus,219,Bærum,,,2,Rykkinn Senter,Munins vei 1,1348,Rykkinn,"Den ordinære forhåndsstemmeperioden starter torsdag 10. august og avsluttes fredag 8. september. Åpningstider: mandag - fredag 10-25 august kl. 10:00-18:00, lørdag 26. august kl. 10:00-18:00, mandag - fredag 28. august til 8. september kl. 10:00-20:00, lørdag 2. september kl. 10:00-18:00","59.9236631684893, 10.485415832540866",0,
2,Akershus,219,Bærum,,,2,"Stabekk videregående skole, gymsalen",Gamle Drammensvei 15,1369,Stabekk,"Forhåndsstemming fra 10.08 til og med 08.09  i kommunegården i Sandvika,  på Bekkestua bibliotek og på  Rykkinn og Fornebu senter.","59.910196, 10.617239",1,"2017-09-11 09:00:00,2017-09-11 21:00:00"
2,Akershus,219,Bærum,,,3,"Grav skole, lille gymsal",Hosleveien 24,1358,Jar,"Forhåndsstemming fra 10.08 til og med 08.09  i kommunegården i Sandvika,  på Bekkestua bibliotek og på  Rykkinn og Fornebu senter.","59.92843691776423, 10.608683257239363",1,"2017-09-11 09:00:00,2017-09-11 21:00:00"
2,Akershus,219,Bærum,,,3,Bekkestua bibliotek,Gamle Ringeriksvei 44,1357,Bekkestua,"Den ordinære forhåndsstemmeperioden starter torsdag 10. august og avsluttes fredag 8. september. Åpningstider: mandag - fredag 10-25 august kl. 10:00-18:00, lørdag 26. august kl. 10:00-18:00, mandag - fredag 28. august til 8. september kl. 10:00-20:00, lørdag 2. september kl. 10:00-18:00","59.917920748626095, 10.584721936245728",0,
2,Akershus,219,Bærum,,,4,Fornebu Senter,Snarøyveien 55,1364,Fornebu,"Den ordinære forhåndsstemmeperioden starter torsdag 10. august og avsluttes fredag 8. september. Åpningstider: mandag - fredag 10-25 august kl. 10:00-18:00, lørdag 26. august kl. 10:00-18:00, mandag - fredag 28. august til 8. september kl. 10:00-20:00, lørdag 2. september kl. 10:00-18:00","59.8935286430392, 10.62109707871241",0,
2,Akershus,219,Bærum,,,4,"Jar skole, gymsalen",Storengveien 2,1358,Jar,"NB: Nytt valglokale! Forhåndsstemming fra 10.08- 08.09 i komm.gården Sandvika, på Bekkestua bibliotek og  på Rykkinn og Fornebu senter.","59.92030535774917, 10.627324074834064",1,"2017-09-11 09:00:00,2017-09-11 21:00:00"
2,Akershus,219,Bærum,,,5,"Eiksmarka skole, gymsalen",Niels Leuchs vei 56,1359,Eiksmarka,"Forhåndsstemming fra 10.08 til og med 08.09  i kommunegården i Sandvika,  på Bekkestua bibliotek og på  Rykkinn og Fornebu senter.","59.948159842704186, 10.623576816600234",1,"2017-09-11 09:00:00,2017-09-11 21:00:00"
2,Akershus,219,Bærum,,,6,"Hosle skole, gymsalen",Bispeveien 73,1362,Hosle,"Forhåndsstemming fra 10.08 til og med 08.09  i kommunegården i Sandvika,  på Bekkestua bibliotek og på  Rykkinn og Fornebu senter.","59.93431968268033, 10.584615477977081",1,"2017-09-11 09:00:00,2017-09-11 21:00:00"
2,Akershus,219,Bærum,,,7,"Bekkestua bibliotek, Storsalen",Gamle Ringeriksvei 44,1357,Bekkestua,"Forhåndsstemming fra 10.08 til og med 08.09  i kommunegården i Sandvika,  på Bekkestua bibliotek og på  Rykkinn og Fornebu senter.","59.917912, 10.584714",1,"2017-09-11 09:00:00,2017-09-11 21:00:00"
2,Akershus,219,Bærum,,,8,"Høvik skole, gymsalen",Gamle Drammens vei 119,1363,Høvik,"Forhåndsstemming fra 10.08 til og med 08.09  i kommunegården i Sandvika,  på Bekkestua bibliotek og på  Rykkinn og Fornebu senter.","59.90268092565141, 10.57200349570087",1,"2017-09-11 09:00:00,2017-09-11 21:00:00"
2,Akershus,219,Bærum,,,9,"Høvik Verk skole, gymsalen",Fjordveien 76,1363,Høvik,"NB: Nytt valglokale! Forhåndsstemming fra 10.08- 08.09 i komm.gården Sandvika, på Bekkestua bibliotek og  på Rykkinn og Fornebu senter.","59.8938594, 10.570544499999982",1,"2017-09-11 09:00:00,2017-09-11 21:00:00"
2,Akershus,219,Bærum,,,10,"Løkeberg skole, stor gymsal",Bærumsveien 324,1344,Haslum,"Forhåndsstemming fra 10.08 til og med 08.09  i kommunegården i Sandvika,  på Bekkestua bibliotek og på  Rykkinn og Fornebu senter.","59.91007860000001, 10.549112499999978",1,"2017-09-11 09:00:00,2017-09-11 21:00:00"
2,Akershus,219,Bærum,,,11,"Sandvika videregående skole, gymsalen",Elias Smiths vei 15,1337,Sandvika,"Forhåndsstemming fra 10.08 til og med 08.09  i kommunegården i Sandvika,  på Bekkestua bibliotek og på  Rykkinn og Fornebu senter.","59.89330422600022, 10.51758995700834",1,"2017-09-11 09:00:00,2017-09-11 21:00:00"
2,Akershus,219,Bærum,,,12,"Jong skole, gymsalen",Jongssvingen 5,1337,Sandvika,"Forhåndsstemming fra 10.08 til og med 08.09  i kommunegården i Sandvika,  på Bekkestua bibliotek og på  Rykkinn og Fornebu senter.","59.88757585208663, 10.510023982803318",1,"2017-09-11 09:00:00,2017-09-11 21:00:00"
2,Akershus,219,Bærum,,,13,Tanum skole,Tanumveien 69,1341,Slependen,"Forhåndsstemming fra 10.08 til og med 08.09  i kommunegården i Sandvika,  på Bekkestua bibliotek og på  Rykkinn og Fornebu senter.","59.885500, 10.476921",1,"2017-09-11 09:00:00,2017-09-11 21:00:00"
