partinamn,fylkesnr,kommunenr,partitype,valar,stemmer,relativdel,mandat,utbetalingsar,grunnstonad,stemmestotte,totalt
Østfold Arbeiderparti,1,100,Fylke,2011,47298,"40,1",15,2012,"46570,00","1286505,60","1333075,60"
Østfold AUF,1,100,FylkesUngdom,2011,0,0,0,2012,"0,00","406289,82","406289,82"
Demokratene,1,100,Fylke,2011,244,"0,2",0,2012,"0,00","6636,80","6636,80"
Østfold Fremskrittsparti,1,100,Fylke,2011,15246,"12,9",5,2012,"46570,00","414691,20","461261,20"
Østfold Fremskrittpartis Ungdom,1,100,FylkesUngdom,2011,0,0,0,2012,"0,00","130963,14","130963,14"
Østfold Høyre,1,100,Fylke,2011,29591,"25,1",9,2012,"46570,00","804875,20","851445,20"
Østfold Unge Høyre,1,100,FylkesUngdom,2011,0,0,0,2012,"0,00","254186,69","254186,69"
Østfold Kristelig Folkeparti,1,100,Fylke,2011,6880,"5,8",2,2012,"46570,00","187136,00","233706,00"
Østfold Kristelig Folkepartis Ungdom,1,100,FylkesUngdom,2011,0,0,0,2012,"0,00","59099,20","59099,20"
Østfold Kristent Samlingsparti,1,100,Fylke,2011,331,0,0,2012,"0,00","9003,20","9003,20"
Kystpartiet i Østfold,1,100,Fylke,2011,194,"0,2",0,2012,"0,00","5276,80","5276,80"
Østfold Pensjonistparti,1,100,Fylke,2011,1632,"1,4",0,2012,"0,00","44390,40","44390,40"
Østfold Rød Ungdom,1,100,FylkesUngdom,2011,0,0,0,2012,"0,00","11553,55","11553,55"
Østfold Senterparti,1,100,Fylke,2011,6366,"5,4",2,2012,"46570,00","173155,20","219725,20"
Østfold Senterungdom,1,100,FylkesUngdom,2011,0,0,0,2012,"0,00","54683,94","54683,94"
Østfold SV,1,100,Fylke,2011,3496,3,1,2012,"46570,00","95091,20","141661,20"
Østfold SU,1,100,FylkesUngdom,2011,0,0,0,2012,"0,00","30030,64","30030,64"
ØSTFOLD VENSTRE,1,100,Fylke,2011,4348,"3,7",1,2012,"46570,00","118265,60","164835,60"
ØSTFOLD UNGE VENSTRE,1,100,FylkesUngdom,2011,0,0,0,2012,"0,00","37349,32","37349,32"
Halden Arbeiderparti,1,101,Kommune,2011,4479,"31,7",16,2012,"1278,00","52493,88","53771,88"
Halden Fremskrittsparti,1,101,Kommune,2011,1185,"8,4",4,2012,"1278,00","13888,20","15166,20"
Halden Høyre,1,101,Kommune,2011,4859,"34,4",18,2012,"1278,00","56947,48","58225,48"
Halden KrF,1,101,Kommune,2011,660,"4,7",2,2012,"1278,00","7735,20","9013,20"
Miljøpartiet De Grønne Halden,1,101,Kommune,2011,393,"2,8",1,2012,"1278,00","4605,96","5883,96"
Halden Rødt,1,101,Kommune,2011,175,"1,2",0,2012,"0,00","2051,00","2051,00"
Halden Senterparti,1,101,Kommune,2011,634,"4,5",2,2012,"1278,00","7430,48","8708,48"
Halden Sv,1,101,Kommune,2011,535,"3,8",2,2012,"1278,00","6270,20","7548,20"
HALDEN VENSTRE,1,101,Kommune,2011,805,"5,7",3,2012,"1278,00","9434,60","10712,60"
Moss Arbeiderparti,1,104,Kommune,2011,5191,"34,9",14,2012,"1278,00","60838,52","62116,52"
Moss Fremskrittsparti,1,104,Kommune,2011,1784,12,5,2012,"1278,00","20908,48","22186,48"
Moss Høyre,1,104,Kommune,2011,5535,"37,3",15,2012,"1278,00","64870,20","66148,20"
Moss KrF,1,104,Kommune,2011,384,"2,6",1,2012,"1278,00","4500,48","5778,48"
Miljøpartiet De Grønne Moss,1,104,Kommune,2011,90,"0,6",0,2012,"0,00","1054,80","1054,80"
Pensjonistpartiet,1,104,Kommune,2011,204,"1,4",0,2012,"0,00","2390,88","2390,88"
Moss Rødt,1,104,Kommune,2011,496,"3,3",1,2012,"1278,00","5813,12","7091,12"
Moss  Sv,1,104,Kommune,2011,524,"3,5",1,2012,"1278,00","6141,28","7419,28"
MOSS VENSTRE,1,104,Kommune,2011,645,"4,3",2,2012,"1278,00","7559,40","8837,40"
Sarpsborg Arbeiderparti,1,105,Kommune,2011,11121,"48,1",21,2012,"1278,00","130338,12","131616,12"
Sarpsborg Fremskrittsparti,1,105,Kommune,2011,3230,14,6,2012,"1278,00","37855,60","39133,60"
Sarpsborg Høyre,1,105,Kommune,2011,4769,"20,6",9,2012,"1278,00","55892,68","57170,68"
Sarpsborg KrF,1,105,Kommune,2011,1346,"5,8",3,2012,"1278,00","15775,12","17053,12"
Pensjonistpartiet,1,105,Kommune,2011,574,"2,5",1,2012,"1278,00","6727,28","8005,28"
Rødt Sarpsborg,1,105,Kommune,2011,107,"0,5",0,2012,"0,00","1254,04","1254,04"
Sarpsborg Senterparti,1,105,Kommune,2011,748,"3,2",1,2012,"1278,00","8766,56","10044,56"
SARPSBORG VENSTRE,1,105,Kommune,2011,625,"2,7",1,2012,"1278,00","7325,00","8603,00"
Fredrikstad  Arb.Parti,1,106,Kommune,2011,17644,"49,2",26,2012,"1278,00","206787,68","208065,68"
Fredrikstad Fremskrittsparti,1,106,Kommune,2011,4972,"13,9",7,2012,"1278,00","58271,84","59549,84"
Fredrikstad Høyre,1,106,Kommune,2011,7168,20,11,2012,"1278,00","84008,96","85286,96"
Fredrikstad KrF,1,106,Kommune,2011,1526,"4,3",2,2012,"1278,00","17884,72","19162,72"
Kystpartiet,1,106,Kommune,2011,71,"0,2",0,2012,"0,00","832,12","832,12"
Fredrikstad Pensjonistparti,1,106,Kommune,2011,664,"1,9",1,2012,"1278,00","7782,08","9060,08"
Fredrikstad Rødt,1,106,Kommune,2011,236,"0,7",0,2012,"0,00","2765,92","2765,92"
Fredrikstad Senterparti,1,106,Kommune,2011,667,"1,9",1,2012,"1278,00","7817,24","9095,24"
Fredrikstad Sv,1,106,Kommune,2011,1080,3,2,2012,"1278,00","12657,60","13935,60"
FREDRIKSTAD VENSTRE,1,106,Kommune,2011,1051,"2,9",2,2012,"1278,00","12317,72","13595,72"
Hvaler Arbeiderparti,1,111,Kommune,2011,676,"28,2",6,2012,"1278,00","7922,72","9200,72"
Hvaler Fremskrittsparti,1,111,Kommune,2011,770,"32,1",7,2012,"1278,00","9024,40","10302,40"
Hvaler Høyre,1,111,Kommune,2011,592,"24,7",5,2012,"1278,00","6938,24","8216,24"
Hvaler Senterparti,1,111,Kommune,2011,80,"3,3",1,2012,"1278,00","937,60","2215,60"
HVALER VENSTRE,1,111,Kommune,2011,122,"5,1",1,2012,"1278,00","1429,84","2707,84"
Aremark Arbeiderparti,1,118,Kommune,2011,203,"25,9",4,2012,"1278,00","2379,16","3657,16"
Aremark Høyre,1,118,Kommune,2011,109,"13,9",2,2012,"1278,00","1277,48","2555,48"
Aremark KrF,1,118,Kommune,2011,119,"15,2",3,2012,"1278,00","1394,68","2672,68"
Aremark Senterparti,1,118,Kommune,2011,272,"34,7",6,2012,"1278,00","3187,84","4465,84"
Aremark Venstre,1,118,Kommune,2011,80,"10,2",2,2012,"1278,00","937,60","2215,60"
Marker Arbeiderparti,1,119,Kommune,2011,884,47,12,2012,"1278,00","10360,48","11638,48"
Fremskrittspartiet i Marker,1,119,Kommune,2011,79,"4,2",1,2012,"1278,00","925,88","2203,88"
Marker Høyre,1,119,Kommune,2011,254,"13,5",3,2012,"1278,00","2976,88","4254,88"
Marker KrF,1,119,Kommune,2011,243,"12,9",3,2012,"1278,00","2847,96","4125,96"
Marker Senterparti,1,119,Kommune,2011,422,"22,4",6,2012,"1278,00","4945,84","6223,84"
Rømskog  Arbeiderparti,1,121,Kommune,2011,120,"27,8",4,2012,"1278,00","1406,40","2684,40"
Rømskog Fremskrittsparti,1,121,Kommune,2011,38,"8,8",1,2012,"1278,00","445,36","1723,36"
Rømskog KrF,1,121,Kommune,2011,136,"31,5",4,2012,"1278,00","1593,92","2871,92"
Rømskog Senterparti,1,121,Kommune,2011,138,"31,9",4,2012,"1278,00","1617,36","2895,36"
Trøgstad  Arbeiderparti,1,122,Kommune,2011,637,"25,9",6,2012,"1278,00","7465,64","8743,64"
Trøgstad Fremskrittsparti,1,122,Kommune,2011,354,"14,4",3,2012,"1278,00","4148,88","5426,88"
Trøgstad Høyre,1,122,Kommune,2011,384,"15,6",3,2012,"1278,00","4500,48","5778,48"
Trøgstad KrF,1,122,Kommune,2011,142,"5,8",1,2012,"1278,00","1664,24","2942,24"
Trøgstad Senterparti,1,122,Kommune,2011,875,"35,5",8,2012,"1278,00","10255,00","11533,00"
Spydeberg Fremskrittsparti,1,123,Kommune,2011,358,"13,9",3,2012,"1278,00","4195,76","5473,76"
Spydeberg Høyre,1,123,Kommune,2011,581,"22,5",5,2012,"1278,00","6809,32","8087,32"
Spydeberg KrF,1,123,Kommune,2011,289,"11,2",3,2012,"1278,00","3387,08","4665,08"
Spydeberg Senterparti,1,123,Kommune,2011,487,"18,9",4,2012,"1278,00","5707,64","6985,64"
SPYDEBERG VENSTRE,1,123,Kommune,2011,162,"6,3",1,2012,"1278,00","1898,64","3176,64"
Askim  Arbeiderparti,1,124,Kommune,2011,2400,"36,2",13,2012,"1278,00","28128,00","29406,00"
Askim Fremskrittsparti,1,124,Kommune,2011,756,"11,4",4,2012,"1278,00","8860,32","10138,32"
Askim Høyre,1,124,Kommune,2011,2081,"31,4",11,2012,"1278,00","24389,32","25667,32"
Askim KrF,1,124,Kommune,2011,402,"6,1",2,2012,"1278,00","4711,44","5989,44"
Askim Senterparti,1,124,Kommune,2011,276,"4,2",1,2012,"1278,00","3234,72","4512,72"
Askim Og Omegn Sv,1,124,Kommune,2011,203,"3,1",1,2012,"1278,00","2379,16","3657,16"
ASKIM VENSTRE,1,124,Kommune,2011,222,"3,3",1,2012,"1278,00","2601,84","3879,84"
Eidsberg  Arbeiderparti,1,125,Kommune,2011,1016,"20,2",7,2012,"1278,00","11907,52","13185,52"
Eidsberg Fremskrittsparti,1,125,Kommune,2011,383,"7,6",3,2012,"1278,00","4488,76","5766,76"
Eidsberg Høyre,1,125,Kommune,2011,2168,"43,1",15,2012,"1278,00","25408,96","26686,96"
Eidsberg KrF,1,125,Kommune,2011,296,"5,9",2,2012,"1278,00","3469,12","4747,12"
Eidsberg Senterparti,1,125,Kommune,2011,723,"14,4",5,2012,"1278,00","8473,56","9751,56"
Eidsberg Sv,1,125,Kommune,2011,133,"2,6",1,2012,"1278,00","1558,76","2836,76"
EIDSBERG VENSTRE,1,125,Kommune,2011,313,"6,2",2,2012,"1278,00","3668,36","4946,36"
Skiptvet  Arbeiderparti,1,127,Kommune,2011,754,"46,1",9,2012,"1278,00","8836,88","10114,88"
Skiptvet Fremskrittsparti,1,127,Kommune,2011,134,"8,2",2,2012,"1278,00","1570,48","2848,48"
Skiptvet Høyre,1,127,Kommune,2011,280,"17,1",4,2012,"1278,00","3281,60","4559,60"
Skiptvet KrF,1,127,Kommune,2011,142,"8,7",2,2012,"1278,00","1664,24","2942,24"
Skiptvet Senterparti,1,127,Kommune,2011,327,20,4,2012,"1278,00","3832,44","5110,44"
Rakkestad  Arbeiderparti,1,128,Kommune,2011,847,"24,5",6,2012,"1278,00","9926,84","11204,84"
Rakkestad Fremskrittsparti,1,128,Kommune,2011,325,"9,4",2,2012,"1278,00","3809,00","5087,00"
Rakkestad Høyre,1,128,Kommune,2011,299,"8,7",2,2012,"1278,00","3504,28","4782,28"
Rakkestad KrF,1,128,Kommune,2011,481,"13,9",4,2012,"1278,00","5637,32","6915,32"
Rakkestad Senterparti,1,128,Kommune,2011,896,26,7,2012,"1278,00","10501,12","11779,12"
Råde  Arbeiderparti,1,135,Kommune,2011,985,"26,7",7,2012,"1278,00","11544,20","12822,20"
Råde Fremskrittsparti,1,135,Kommune,2011,769,"20,9",6,2012,"1278,00","9012,68","10290,68"
Råde Høyre,1,135,Kommune,2011,821,"22,3",6,2012,"1278,00","9622,12","10900,12"
Råde KrF,1,135,Kommune,2011,308,"8,4",2,2012,"1278,00","3609,76","4887,76"
Råde Senterparti,1,135,Kommune,2011,432,"11,7",3,2012,"1278,00","5063,04","6341,04"
RÅDE VENSTRE,1,135,Kommune,2011,373,"10,1",3,2012,"1278,00","4371,56","5649,56"
Rygge  Arbeiderparti,1,136,Kommune,2011,2194,"31,2",8,2012,"1278,00","25713,68","26991,68"
Rygge Fremskrittsparti,1,136,Kommune,2011,1010,"14,4",4,2012,"1278,00","11837,20","13115,20"
Rygge Høyre,1,136,Kommune,2011,1945,"27,7",8,2012,"1278,00","22795,40","24073,40"
Rygge KrF,1,136,Kommune,2011,368,"5,2",1,2012,"1278,00","4312,96","5590,96"
Rygge Senterparti,1,136,Kommune,2011,200,"2,8",1,2012,"1278,00","2344,00","3622,00"
Rygge Sv,1,136,Kommune,2011,323,"4,6",1,2012,"1278,00","3785,56","5063,56"
Våler Fremskrittsparti,1,137,Kommune,2011,406,"19,2",4,2012,"1278,00","4758,32","6036,32"
Våler Høyre,1,137,Kommune,2011,532,"25,1",5,2012,"1278,00","6235,04","7513,04"
Våler KrF,1,137,Kommune,2011,150,"7,1",2,2012,"1278,00","1758,00","3036,00"
Våler Senterparti,1,137,Kommune,2011,564,"26,6",6,2012,"1278,00","6610,08","7888,08"
Våler Sv,1,137,Kommune,2011,63,3,0,2012,"0,00","738,36","738,36"
Hobøl  Arbeiderparti,1,138,Kommune,2011,701,"30,3",6,2012,"1278,00","8215,72","9493,72"
Hobøl Fremskrittsparti,1,138,Kommune,2011,525,"22,7",5,2012,"1278,00","6153,00","7431,00"
Hobøl Høyre,1,138,Kommune,2011,429,"18,5",4,2012,"1278,00","5027,88","6305,88"
Hobøl KrF,1,138,Kommune,2011,140,6,1,2012,"1278,00","1640,80","2918,80"
Hobøl Senterparti,1,138,Kommune,2011,214,"9,2",2,2012,"1278,00","2508,08","3786,08"
HOBØL VENSTRE,1,138,Kommune,2011,308,"13,3",3,2012,"1278,00","3609,76","4887,76"
Grønn Ungdom i Akershus,2,200,FylkesUngdom,2011,0,0,0,2012,"0,00","29455,11","29455,11"
Akershus Arbeiderparti,2,200,Fylke,2011,78489,31,14,2012,"46570,00","2134900,80","2181470,80"
Akershus AUF,2,200,FylkesUngdom,2011,0,0,0,2012,"0,00","674220,51","674220,51"
Akershus Fremskrittsparti,2,200,Fylke,2011,29922,"11,8",5,2012,"46570,00","813878,40","860448,40"
Akershus Fremskrittpartiets Ungdom,2,200,FylkesUngdom,2011,0,0,0,2012,"0,00","257029,98","257029,98"
Akershus Høyre,2,200,Fylke,2011,92055,"36,4",17,2012,"46570,00","2503896,00","2550466,00"
Akershus Unge Høyre,2,200,FylkesUngdom,2011,0,0,0,2012,"0,00","790752,45","790752,45"
Akershus Kristelig Folkeparti,2,200,Fylke,2011,8250,"3,3",1,2012,"46570,00","224400,00","270970,00"
Akershus Kristelig Folkepartis Ungdom,2,200,FylkesUngdom,2011,0,0,0,2012,"0,00","70867,50","70867,50"
Akershus Kristent Samlingsparti,2,200,Fylke,2011,383,0,0,2012,"0,00","10417,60","10417,60"
Kystpartiet i Akershus,2,200,Fylke,2011,214,"0,1",0,2012,"0,00","5820,80","5820,80"
Kystpartiets Ungdom i Akershus,2,200,FylkesUngdom,2011,0,0,0,2012,"0,00","1838,26","1838,26"
Miljøpartiet De Grønne,2,200,Fylke,2011,3429,"1,4",0,2012,"0,00","93268,80","93268,80"
Akershus Pensjonistparti,2,200,Fylke,2011,3133,"1,2",0,2012,"0,00","85217,60","85217,60"
Rødt Akershus,2,200,Fylke,2011,2779,"1,1",0,2012,"0,00","75588,80","75588,80"
Akershus Rød Ungdom,2,200,FylkesUngdom,2011,0,0,0,2012,"0,00","23871,61","23871,61"
Akershus Senterparti,2,200,Fylke,2011,7629,3,1,2012,"46570,00","207508,80","254078,80"
Akershus Senterungdom,2,200,FylkesUngdom,2011,0,0,0,2012,"0,00","65533,11","65533,11"
Akershus SV,2,200,Fylke,2011,10557,"4,2",2,2012,"46570,00","287150,40","333720,40"
Akershus SU,2,200,FylkesUngdom,2011,0,0,0,2012,"0,00","90684,63","90684,63"
AKERSHUS VENSTRE,2,200,Fylke,2011,15790,"6,2",3,2012,"46570,00","429488,00","476058,00"
AKERSHUS UNGE VENSTRE,2,200,FylkesUngdom,2011,0,0,0,2012,"0,00","135636,10","135636,10"
Vestby  Arbeiderparti,2,211,Kommune,2011,2348,"31,2",11,2012,"1278,00","27518,56","28796,56"
Vestby Fremskrittsparti,2,211,Kommune,2011,687,"9,1",3,2012,"1278,00","8051,64","9329,64"
Vestby Høyre,2,211,Kommune,2011,2876,"38,2",14,2012,"1278,00","33706,72","34984,72"
Vestby KrF,2,211,Kommune,2011,222,3,1,2012,"1278,00","2601,84","3879,84"
Miljøpartiet De Grønne Vestby,2,211,Kommune,2011,69,"0,9",0,2012,"0,00","808,68","808,68"
Vestby Senterparti,2,211,Kommune,2011,445,"5,9",2,2012,"1278,00","5215,40","6493,40"
Vestby SV,2,211,Kommune,2011,360,"4,8",2,2012,"1278,00","4219,20","5497,20"
Ski  Arbeiderparti,2,213,Kommune,2011,4585,"32,2",13,2012,"1278,00","53736,20","55014,20"
Ski Fremskrittsparti,2,213,Kommune,2011,1527,"10,7",5,2012,"1278,00","17896,44","19174,44"
Ski Høyre,2,213,Kommune,2011,5048,"35,5",15,2012,"1278,00","59162,56","60440,56"
Ski KrF,2,213,Kommune,2011,489,"3,4",1,2012,"1278,00","5731,08","7009,08"
"Miljøpartiet De Grønne Ski, Akershus",2,213,Kommune,2011,163,"1,1",0,2012,"0,00","1910,36","1910,36"
Ski Pensjonistparti,2,213,Kommune,2011,318,"2,2",1,2012,"1278,00","3726,96","5004,96"
Ski Rødt,2,213,Kommune,2011,206,"1,4",0,2012,"0,00","2414,32","2414,32"
Ski Senterparti,2,213,Kommune,2011,362,"2,5",1,2012,"1278,00","4242,64","5520,64"
Ski SV,2,213,Kommune,2011,614,"4,3",2,2012,"1278,00","7196,08","8474,08"
SKI VENSTRE,2,213,Kommune,2011,927,"6,5",3,2012,"1278,00","10864,44","12142,44"
Ås  Arbeiderparti,2,214,Kommune,2011,2456,"30,5",10,2012,"1278,00","28784,32","30062,32"
Ås Fremskrittsparti,2,214,Kommune,2011,837,"10,4",4,2012,"1278,00","9809,64","11087,64"
Ås Høyre,2,214,Kommune,2011,2004,"24,9",8,2012,"1278,00","23486,88","24764,88"
Ås KrF,2,214,Kommune,2011,316,"3,9",1,2012,"1278,00","3703,52","4981,52"
Miljøpartiet De Grønne Ås,2,214,Kommune,2011,197,"2,4",1,2012,"1278,00","2308,84","3586,84"
Ås Senterparti,2,214,Kommune,2011,739,"9,2",3,2012,"1278,00","8661,08","9939,08"
Ås SV,2,214,Kommune,2011,732,"9,1",3,2012,"1278,00","8579,04","9857,04"
ÅS VENSTRE,2,214,Kommune,2011,782,"9,7",3,2012,"1278,00","9165,04","10443,04"
Frogn  Arbeiderparti,2,215,Kommune,2011,1855,"23,6",7,2012,"1278,00","21740,60","23018,60"
Frogn Fremskrittsparti,2,215,Kommune,2011,667,"8,5",3,2012,"1278,00","7817,24","9095,24"
Frogn Høyre,2,215,Kommune,2011,2480,"31,5",10,2012,"1278,00","29065,60","30343,60"
Frogn KrF,2,215,Kommune,2011,545,"6,9",2,2012,"1278,00","6387,40","7665,40"
Frogn Pensjonistparti,2,215,Kommune,2011,380,"4,8",1,2012,"1278,00","4453,60","5731,60"
Frogn Senterparti,2,215,Kommune,2011,279,"3,5",1,2012,"1278,00","3269,88","4547,88"
Frogn SV,2,215,Kommune,2011,400,"5,1",2,2012,"1278,00","4688,00","5966,00"
FROGN VENSTRE,2,215,Kommune,2011,1258,16,5,2012,"1278,00","14743,76","16021,76"
Nesodden  Arbeiderparti,2,216,Kommune,2011,2550,"27,6",9,2012,"1278,00","29886,00","31164,00"
Nesodden Fremskrittsparti,2,216,Kommune,2011,565,"6,1",2,2012,"1278,00","6621,80","7899,80"
Nesodden Høyre,2,216,Kommune,2011,2505,"27,1",8,2012,"1278,00","29358,60","30636,60"
Nesodden KrF,2,216,Kommune,2011,407,"4,4",1,2012,"1278,00","4770,04","6048,04"
Miljøpartiet De Grønne,2,216,Kommune,2011,462,5,2,2012,"1278,00","5414,64","6692,64"
Rødt Nesodden ,2,216,Kommune,2011,535,"5,8",2,2012,"1278,00","6270,20","7548,20"
Senterpartiet,2,216,Kommune,2011,58,"0,6",0,2012,"0,00","679,76","679,76"
Nesodden SV,2,216,Kommune,2011,1562,"16,9",5,2012,"1278,00","18306,64","19584,64"
NESODDEN VENSTRE,2,216,Kommune,2011,579,"6,3",2,2012,"1278,00","6785,88","8063,88"
Oppegård  Arbeiderparti,2,217,Kommune,2011,3477,"25,3",8,2012,"1278,00","40750,44","42028,44"
Oppegård Fremskrittsparti,2,217,Kommune,2011,1050,"7,6",2,2012,"1278,00","12306,00","13584,00"
Oppegård Høyre,2,217,Kommune,2011,6661,"48,4",16,2012,"1278,00","78066,92","79344,92"
Oppegård KrF,2,217,Kommune,2011,608,"4,4",1,2012,"1278,00","7125,76","8403,76"
Miljøpartiet De Grønne Oppegård,2,217,Kommune,2011,122,"0,9",0,2012,"0,00","1429,84","1429,84"
Oppegård Rødt,2,217,Kommune,2011,81,"0,6",0,2012,"0,00","949,32","949,32"
Senterpartiet,2,217,Kommune,2011,80,"0,6",0,2012,"0,00","937,60","937,60"
Oppegård Sv,2,217,Kommune,2011,646,"4,7",2,2012,"1278,00","7571,12","8849,12"
OPPEGÅRD VENSTRE,2,217,Kommune,2011,1036,"7,5",2,2012,"1278,00","12141,92","13419,92"
Bærum  Arbeiderparti,2,219,Kommune,2011,12475,"21,1",11,2012,"1278,00","146207,00","147485,00"
Bærum Fremskrittsparti,2,219,Kommune,2011,4599,"7,8",4,2012,"1278,00","53900,28","55178,28"
Bærum Høyre,2,219,Kommune,2011,30296,"51,3",27,2012,"1278,00","355069,12","356347,12"
Bærum KrF,2,219,Kommune,2011,1552,"2,6",1,2012,"1278,00","18189,44","19467,44"
Miljøpartiet De Grønne,2,219,Kommune,2011,699,"1,2",0,2012,"0,00","8192,28","8192,28"
Bærum Pensjonistparti,2,219,Kommune,2011,954,"1,6",1,2012,"1278,00","11180,88","12458,88"
Bærum Rødt,2,219,Kommune,2011,662,"1,1",0,2012,"0,00","7758,64","7758,64"
Bærum Senterparti,2,219,Kommune,2011,482,"0,8",0,2012,"0,00","5649,04","5649,04"
Bærum SV,2,219,Kommune,2011,1998,"3,4",2,2012,"1278,00","23416,56","24694,56"
BÆRUM VENSTRE,2,219,Kommune,2011,5380,"9,1",5,2012,"1278,00","63053,60","64331,60"
Asker  Arbeiderparti,2,220,Kommune,2011,5731,20,10,2012,"1278,00","67167,32","68445,32"
Asker Fremskrittsparti,2,220,Kommune,2011,2300,8,4,2012,"1278,00","26956,00","28234,00"
Asker Høyre,2,220,Kommune,2011,14901,"51,9",25,2012,"1278,00","174639,72","175917,72"
Asker KrF,2,220,Kommune,2011,789,"2,7",1,2012,"1278,00","9247,08","10525,08"
Asker Pensjonistparti,2,220,Kommune,2011,528,"1,8",1,2012,"1278,00","6188,16","7466,16"
Rødt Asker,2,220,Kommune,2011,247,"0,9",0,2012,"0,00","2894,84","2894,84"
Asker Senterparti,2,220,Kommune,2011,307,"1,1",0,2012,"0,00","3598,04","3598,04"
Asker SV,2,220,Kommune,2011,828,"2,9",1,2012,"1278,00","9704,16","10982,16"
ASKER VENSTRE,2,220,Kommune,2011,2024,"7,1",3,2012,"1278,00","23721,28","24999,28"
Aurskog/Høland  Arb.Parti,2,221,Kommune,2011,2675,"37,1",13,2012,"1278,00","31351,00","32629,00"
Aurskog-Høland Fremskrittsparti,2,221,Kommune,2011,1506,"20,9",7,2012,"1278,00","17650,32","18928,32"
Aurskog-Høland Høyre,2,221,Kommune,2011,1244,"17,3",6,2012,"1278,00","14579,68","15857,68"
Aurskog-Høland KrF,2,221,Kommune,2011,560,"7,8",3,2012,"1278,00","6563,20","7841,20"
Aurskog-Høland Senterparti,2,221,Kommune,2011,921,"12,8",5,2012,"1278,00","10794,12","12072,12"
AURSKOG HØLAND VENSTRE,2,221,Kommune,2011,126,"1,7",0,2012,"0,00","1476,72","1476,72"
Sørum  Arbeiderparti,2,226,Kommune,2011,3133,"40,3",13,2012,"1278,00","36718,76","37996,76"
Sørum Fremskrittsparti,2,226,Kommune,2011,917,"11,8",4,2012,"1278,00","10747,24","12025,24"
Sørum Høyre,2,226,Kommune,2011,2232,"28,7",9,2012,"1278,00","26159,04","27437,04"
Sørum KrF,2,226,Kommune,2011,319,"4,1",1,2012,"1278,00","3738,68","5016,68"
Sørum Senterparti,2,226,Kommune,2011,600,"7,7",2,2012,"1278,00","7032,00","8310,00"
Sørum Sv,2,226,Kommune,2011,288,"3,7",1,2012,"1278,00","3375,36","4653,36"
Venstre,2,226,Kommune,2011,283,"3,6",1,2012,"1278,00","3316,76","4594,76"
Fet  Arbeiderparti,2,227,Kommune,2011,2053,"39,3",11,2012,"1278,00","24061,16","25339,16"
Fet Fremskrittsparti,2,227,Kommune,2011,835,16,4,2012,"1278,00","9786,20","11064,20"
Fet Høyre,2,227,Kommune,2011,1329,"25,4",7,2012,"1278,00","15575,88","16853,88"
Miljøpartiet De Grønne Fet,2,227,Kommune,2011,103,2,0,2012,"0,00","1207,16","1207,16"
Fet Senterparti,2,227,Kommune,2011,406,"7,8",2,2012,"1278,00","4758,32","6036,32"
Fet Sv,2,227,Kommune,2011,180,"3,4",1,2012,"1278,00","2109,60","3387,60"
FET VENSTRE,2,227,Kommune,2011,320,"6,1",2,2012,"1278,00","3750,40","5028,40"
Rælingen  Arbeiderparti,2,228,Kommune,2011,4095,"54,7",20,2012,"1278,00","47993,40","49271,40"
Rælingen Fremskrittsparti,2,228,Kommune,2011,799,"10,7",4,2012,"1278,00","9364,28","10642,28"
Rælingen Høyre,2,228,Kommune,2011,1694,"22,6",8,2012,"1278,00","19853,68","21131,68"
Rælingen KrF,2,228,Kommune,2011,248,"3,3",1,2012,"1278,00","2906,56","4184,56"
Rødt Rælingen,2,228,Kommune,2011,49,"0,7",0,2012,"0,00","574,28","574,28"
Rælingen Senterparti,2,228,Kommune,2011,114,"1,5",0,2012,"0,00","1336,08","1336,08"
Rælingen Sv,2,228,Kommune,2011,221,3,1,2012,"1278,00","2590,12","3868,12"
RÆLINGEN VENSTRE,2,228,Kommune,2011,260,"3,5",1,2012,"1278,00","3047,20","4325,20"
Enebakk  Arbeiderparti,2,229,Kommune,2011,1234,"25,8",7,2012,"1278,00","14462,48","15740,48"
Enebakk Fremskrittsparti,2,229,Kommune,2011,1090,"22,8",6,2012,"1278,00","12774,80","14052,80"
Enebakk Høyre,2,229,Kommune,2011,1325,"27,7",8,2012,"1278,00","15529,00","16807,00"
Enebakk KrF,2,229,Kommune,2011,201,"4,2",1,2012,"1278,00","2355,72","3633,72"
Enebakk Senterparti,2,229,Kommune,2011,531,"11,1",3,2012,"1278,00","6223,32","7501,32"
Enebakk SV,2,229,Kommune,2011,256,"5,3",1,2012,"1278,00","3000,32","4278,32"
Enebakk Venstre,2,229,Kommune,2011,154,"3,2",1,2012,"1278,00","1804,88","3082,88"
Lørenskog  Arbeiderparti,2,230,Kommune,2011,7315,44,21,2012,"1278,00","85731,80","87009,80"
Lørenskog Fremskrittsparti,2,230,Kommune,2011,1894,"11,4",5,2012,"1278,00","22197,68","23475,68"
Lørenskog Høyre,2,230,Kommune,2011,4886,"29,4",14,2012,"1278,00","57263,92","58541,92"
Lørenskog KrF,2,230,Kommune,2011,517,"3,1",2,2012,"1278,00","6059,24","7337,24"
Lørenskog Senterparti,2,230,Kommune,2011,157,"0,9",0,2012,"0,00","1840,04","1840,04"
Lørenskog Sv,2,230,Kommune,2011,523,"3,1",2,2012,"1278,00","6129,56","7407,56"
LØRENSKOG VENSTRE,2,230,Kommune,2011,751,"4,5",2,2012,"1278,00","8801,72","10079,72"
Skedsmo  Arbeiderparti,2,231,Kommune,2011,9261,"39,9",19,2012,"1278,00","108538,92","109816,92"
Skedsmo Fremskrittsparti,2,231,Kommune,2011,2732,"11,8",5,2012,"1278,00","32019,04","33297,04"
Skedsmo Høyre,2,231,Kommune,2011,7047,"30,4",14,2012,"1278,00","82590,84","83868,84"
Skedsmo KrF,2,231,Kommune,2011,571,"2,5",1,2012,"1278,00","6692,12","7970,12"
Miljøpartiet De Grønne Skedsmo,2,231,Kommune,2011,127,"0,5",0,2012,"0,00","1488,44","1488,44"
Skedsmo Pensjonistparti,2,231,Kommune,2011,368,"1,6",1,2012,"1278,00","4312,96","5590,96"
Rødt Skedsmo ,2,231,Kommune,2011,202,"0,9",0,2012,"0,00","2367,44","2367,44"
Skedsmo Senterparti,2,231,Kommune,2011,371,"1,6",1,2012,"1278,00","4348,12","5626,12"
Skedsmo Sv,2,231,Kommune,2011,814,"3,5",2,2012,"1278,00","9540,08","10818,08"
SKEDSMO VENSTRE,2,231,Kommune,2011,830,"3,6",2,2012,"1278,00","9727,60","11005,60"
Nittedal  Arbeiderparti,2,233,Kommune,2011,3574,"34,4",10,2012,"1278,00","41887,28","43165,28"
Nittedal Fremskrittsparti,2,233,Kommune,2011,1451,14,4,2012,"1278,00","17005,72","18283,72"
Nittedal Høyre,2,233,Kommune,2011,3361,"32,3",9,2012,"1278,00","39390,92","40668,92"
Nittedal KrF,2,233,Kommune,2011,254,"2,4",1,2012,"1278,00","2976,88","4254,88"
Nittedal Rødt,2,233,Kommune,2011,113,"1,1",0,2012,"0,00","1324,36","1324,36"
Nittedal Senterparti,2,233,Kommune,2011,356,"3,4",1,2012,"1278,00","4172,32","5450,32"
Nittedal Sv,2,233,Kommune,2011,285,"2,7",1,2012,"1278,00","3340,20","4618,20"
NITTEDAL VENSTRE,2,233,Kommune,2011,1007,"9,7",3,2012,"1278,00","11802,04","13080,04"
Gjerdrum  Arbeiderparti,2,234,Kommune,2011,989,"33,4",9,2012,"1278,00","11591,08","12869,08"
Gjerdrum Fremskrittsparti,2,234,Kommune,2011,287,"9,7",2,2012,"1278,00","3363,64","4641,64"
Gjerdrum Høyre,2,234,Kommune,2011,850,"28,7",7,2012,"1278,00","9962,00","11240,00"
Gjerdrum KrF,2,234,Kommune,2011,154,"5,2",1,2012,"1278,00","1804,88","3082,88"
Gjerdrum Senterparti,2,234,Kommune,2011,264,"8,9",2,2012,"1278,00","3094,08","4372,08"
Gjerdrum Sv,2,234,Kommune,2011,77,"2,6",1,2012,"1278,00","902,44","2180,44"
GJERDRUM VENSTRE,2,234,Kommune,2011,337,"11,4",3,2012,"1278,00","3949,64","5227,64"
Ullensaker  Arbeiderparti,2,235,Kommune,2011,4294,"31,7",15,2012,"1278,00","50325,68","51603,68"
Ullensaker Fremskrittsparti,2,235,Kommune,2011,4874,36,17,2012,"1278,00","57123,28","58401,28"
Ullensaker Høyre,2,235,Kommune,2011,2464,"18,2",8,2012,"1278,00","28878,08","30156,08"
Ullensaker KrF,2,235,Kommune,2011,318,"2,3",1,2012,"1278,00","3726,96","5004,96"
Ullensaker Pensjonistparti,2,235,Kommune,2011,156,"1,2",0,2012,"0,00","1828,32","1828,32"
Ullensaker Rødt,2,235,Kommune,2011,99,"0,7",0,2012,"0,00","1160,28","1160,28"
Ullensaker Senterparti,2,235,Kommune,2011,621,"4,6",2,2012,"1278,00","7278,12","8556,12"
Ullensaker Sv,2,235,Kommune,2011,299,"2,2",1,2012,"1278,00","3504,28","4782,28"
Nes Arbeiderparti,2,236,Kommune,2011,3096,"35,3",13,2012,"1278,00","36285,12","37563,12"
Nes Fremskrittsparti,2,236,Kommune,2011,1774,"20,2",7,2012,"1278,00","20791,28","22069,28"
Nes Høyre,2,236,Kommune,2011,1820,"20,8",7,2012,"1278,00","21330,40","22608,40"
Nes KrF,2,236,Kommune,2011,328,"3,7",1,2012,"1278,00","3844,16","5122,16"
Rødt Nes,2,236,Kommune,2011,80,"0,9",0,2012,"0,00","937,60","937,60"
Nes Senterparti,2,236,Kommune,2011,853,"9,7",4,2012,"1278,00","9997,16","11275,16"
Nes Sv,2,236,Kommune,2011,286,"3,3",1,2012,"1278,00","3351,92","4629,92"
NES VENSTRE,2,236,Kommune,2011,533,"6,1",2,2012,"1278,00","6246,76","7524,76"
Eidsvoll  Arbeiderparti,2,237,Kommune,2011,3439,36,13,2012,"1278,00","40305,08","41583,08"
Eidsvoll Fremskrittsparti,2,237,Kommune,2011,1416,"14,8",5,2012,"1278,00","16595,52","17873,52"
Eidsvoll Høyre,2,237,Kommune,2011,2448,"25,6",9,2012,"1278,00","28690,56","29968,56"
Eidsvoll KrF,2,237,Kommune,2011,349,"3,7",1,2012,"1278,00","4090,28","5368,28"
Eidsvoll Pensjonistparti,2,237,Kommune,2011,175,"1,8",0,2012,"0,00","2051,00","2051,00"
Eidsvoll Senterparti,2,237,Kommune,2011,729,"7,6",3,2012,"1278,00","8543,88","9821,88"
Eidsvoll Sv,2,237,Kommune,2011,438,"4,6",2,2012,"1278,00","5133,36","6411,36"
EIDSVOLL VENSTRE,2,237,Kommune,2011,306,"3,2",1,2012,"1278,00","3586,32","4864,32"
Nannestad  Arbeiderparti,2,238,Kommune,2011,1720,"34,1",11,2012,"1278,00","20158,40","21436,40"
Nannestad Fremskrittsparti,2,238,Kommune,2011,1014,"20,1",6,2012,"1278,00","11884,08","13162,08"
Nannestad Høyre,2,238,Kommune,2011,1109,22,7,2012,"1278,00","12997,48","14275,48"
Nannestad KrF,2,238,Kommune,2011,213,"4,2",1,2012,"1278,00","2496,36","3774,36"
Nannestad Senterparti,2,238,Kommune,2011,360,"7,1",2,2012,"1278,00","4219,20","5497,20"
Nannestad Sv,2,238,Kommune,2011,149,3,1,2012,"1278,00","1746,28","3024,28"
NANNESTAD VENSTRE,2,238,Kommune,2011,476,"9,4",3,2012,"1278,00","5578,72","6856,72"
Hurdal  Arbeiderparti,2,239,Kommune,2011,321,"23,5",4,2012,"1278,00","3762,12","5040,12"
Hurdal Fremskrittsparti,2,239,Kommune,2011,227,"16,6",3,2012,"1278,00","2660,44","3938,44"
Hurdal Høyre,2,239,Kommune,2011,119,"8,7",2,2012,"1278,00","1394,68","2672,68"
Hurdal KrF,2,239,Kommune,2011,118,"8,7",1,2012,"1278,00","1382,96","2660,96"
Hurdal Senterparti,2,239,Kommune,2011,88,"6,5",1,2012,"1278,00","1031,36","2309,36"
Hurdal Sv,2,239,Kommune,2011,43,"3,2",0,2012,"0,00","503,96","503,96"
HURDAL VENSTRE,2,239,Kommune,2011,448,"32,8",6,2012,"1278,00","5250,56","6528,56"
Oslo Arbeiderparti,3,300,Fylke,2011,102707,"33,1",20,2012,"47848,00","3997356,44","4045204,44"
Oslo AUF,3,300,FylkesUngdom,2011,0,0,0,2012,"0,00","882253,13","882253,13"
Oslo Fremskrittsparti,3,300,Fylke,2011,21852,7,4,2012,"47848,00","850479,84","898327,84"
Oslo Fremskrittpartis Ungdom,3,300,FylkesUngdom,2011,0,0,0,2012,"0,00","187708,68","187708,68"
Grønn ungdom i Oslo,3,300,FylkesUngdom,2011,0,0,0,2012,"0,00","65739,27","65739,27"
Oslo Høyre,3,300,Fylke,2011,110776,"35,7",22,2012,"47848,00","4311401,92","4359249,92"
Oslo Unge Høyre,3,300,FylkesUngdom,2011,0,0,0,2012,"0,00","951565,84","951565,84"
Oslo Kristelig Folkeparti,3,300,Fylke,2011,7571,"2,4",1,2012,"47848,00","294663,32","342511,32"
Oslo Kristelig Folkepartis Ungdom,3,300,FylkesUngdom,2011,0,0,0,2012,"0,00","65034,89","65034,89"
Oslo Kristent Samlingsparti,3,300,Fylke,2011,235,"0,1",0,2012,"0,00","9146,20","9146,20"
Kystpartiet i Oslo,3,300,Fylke,2011,126,0,0,2012,"0,00","4903,92","4903,92"
Kystpartiets Ungdom i Oslo,3,300,FylkesUngdom,2011,0,0,0,2012,"0,00","1082,34","1082,34"
Miljøpartiet De Grønne,3,300,Fylke,2011,7653,"2,5",1,2012,"47848,00","297854,76","345702,76"
Norges Kommunistiske Parti,3,300,Fylke,2011,210,"0,1",0,2012,"0,00","8173,20","8173,20"
Ungkommunistene i Oslo,3,300,FylkesUngdom,2011,0,0,0,2012,"0,00","1803,90","1803,90"
Oslo Pensjonistparti,3,300,Fylke,2011,1045,"0,3",0,2012,"0,00","40671,40","40671,40"
Oslo Rødt,3,300,Fylke,2011,11257,"3,6",2,2012,"47848,00","438122,44","485970,44"
Oslo Rød Ungdom,3,300,FylkesUngdom,2011,0,0,0,2012,"0,00","96697,63","96697,63"
Oslo Senterparti,3,300,Fylke,2011,1591,"0,5",0,2012,"0,00","61921,72","61921,72"
Oslo Senterungdom,3,300,FylkesUngdom,2011,0,0,0,2012,"0,00","13666,69","13666,69"
Oslo Sv,3,300,Fylke,2011,19477,"6,3",4,2012,"47848,00","758044,84","805892,84"
Oslo SU,3,300,FylkesUngdom,2011,0,0,0,2012,"0,00","167307,43","167307,43"
OSLO VENSTRE,3,300,Fylke,2011,25351,"8,2",5,2012,"47848,00","986660,92","1034508,92"
OSLO UNGE VENSTRE,3,300,FylkesUngdom,2011,0,0,0,2012,"0,00","217765,09","217765,09"
Hedmark Arbeiderparti,4,400,Fylke,2011,39005,"45,9",15,2012,"46570,00","1060936,00","1107506,00"
Hedmark AUF,4,400,FylkesUngdom,2011,0,0,0,2012,"0,00","335052,95","335052,95"
Demokratene i Hedmark,4,400,Fylke,2011,186,"0,2",0,2012,"0,00","5059,20","5059,20"
Hedmark Fremskrittsparti,4,400,Fylke,2011,7119,"8,4",3,2012,"46570,00","193636,80","240206,80"
Hedmark Fremskrittpartis Ungdom,4,400,FylkesUngdom,2011,0,0,0,2012,"0,00","61152,21","61152,21"
Hedmark Høyre,4,400,Fylke,2011,14463,17,6,2012,"46570,00","393393,60","439963,60"
Hedmark Unge Høyre,4,400,FylkesUngdom,2011,0,0,0,2012,"0,00","124237,17","124237,17"
Hedmark Kristelig Folkeparti,4,400,Fylke,2011,2677,"3,2",1,2012,"46570,00","72814,40","119384,40"
Kystpartiet,4,400,Fylke,2011,89,"0,1",0,2012,"0,00","2420,80","2420,80"
Miljøpartiet De Grønne Hedmark,4,400,Fylke,2011,890,1,0,2012,"0,00","24208,00","24208,00"
Pensjonistpartiet,4,400,Fylke,2011,2736,"3,2",1,2012,"46570,00","74419,20","120989,20"
Rødt Hedmark,4,400,Fylke,2011,691,"0,8",0,2012,"0,00","18795,20","18795,20"
Hedmark Rød Ungdom,4,400,FylkesUngdom,2011,0,0,0,2012,"0,00","5935,69","5935,69"
Hedmark Senterparti,4,400,Fylke,2011,9376,11,4,2012,"46570,00","255027,20","301597,20"
Hedmark Senterungdom,4,400,FylkesUngdom,2011,0,0,0,2012,"0,00","80539,84","80539,84"
Hedmark SV,4,400,Fylke,2011,3751,"4,4",1,2012,"46570,00","102027,20","148597,20"
HEDMARK UNGE VENSTRE,4,400,FylkesUngdom,2011,0,0,0,2012,"0,00","33586,90","33586,90"
Kongsvinger Arb.Parti,4,402,Kommune,2011,2791,"35,6",11,2012,"1278,00","32710,52","33988,52"
Kongsvinger Fremskrittsparti,4,402,Kommune,2011,1131,"14,4",5,2012,"1278,00","13255,32","14533,32"
Kongsvinger Høyre,4,402,Kommune,2011,1407,"17,9",6,2012,"1278,00","16490,04","17768,04"
Kongsvinger KrF,4,402,Kommune,2011,190,"2,4",1,2012,"1278,00","2226,80","3504,80"
Pensjonistpartiet,4,402,Kommune,2011,1156,"14,7",5,2012,"1278,00","13548,32","14826,32"
Kongsvinger Senterparti,4,402,Kommune,2011,401,"5,1",2,2012,"1278,00","4699,72","5977,72"
Kongsvinger SV,4,402,Kommune,2011,339,"4,3",1,2012,"1278,00","3973,08","5251,08"
Hamar  Arbeiderparti,4,403,Kommune,2011,5846,"37,1",15,2012,"1278,00","68515,12","69793,12"
Hamar Fremskrittsparti,4,403,Kommune,2011,633,4,2,2012,"1278,00","7418,76","8696,76"
Hamar Høyre,4,403,Kommune,2011,2977,"18,9",7,2012,"1278,00","34890,44","36168,44"
Hamar KrF,4,403,Kommune,2011,897,"5,7",2,2012,"1278,00","10512,84","11790,84"
Miljøpartiet De Grønne Hamar,4,403,Kommune,2011,173,"1,1",0,2012,"0,00","2027,56","2027,56"
Pensjonistpartiet,4,403,Kommune,2011,697,"4,4",2,2012,"1278,00","8168,84","9446,84"
Rødt Hamar,4,403,Kommune,2011,133,"0,8",0,2012,"0,00","1558,76","1558,76"
Hamar SV,4,403,Kommune,2011,570,"3,6",1,2012,"1278,00","6680,40","7958,40"
Ringsaker  Arbeiderparti,4,412,Kommune,2011,7610,"50,4",21,2012,"1278,00","89189,20","90467,20"
Ringsaker Fremskrittsparti,4,412,Kommune,2011,873,"5,8",2,2012,"1278,00","10231,56","11509,56"
Ringsaker Høyre,4,412,Kommune,2011,2105,"13,9",6,2012,"1278,00","24670,60","25948,60"
Ringsaker KrF,4,412,Kommune,2011,411,"2,7",1,2012,"1278,00","4816,92","6094,92"
Ringsaker Pensjonistparti,4,412,Kommune,2011,338,"2,2",1,2012,"1278,00","3961,36","5239,36"
Ringsaker Senterparti,4,412,Kommune,2011,1168,"7,7",3,2012,"1278,00","13688,96","14966,96"
Ringsaker SV,4,412,Kommune,2011,417,"2,8",1,2012,"1278,00","4887,24","6165,24"
Løten  Arbeiderparti,4,415,Kommune,2011,1889,54,13,2012,"1278,00","22139,08","23417,08"
Løten Fremskrittsparti,4,415,Kommune,2011,287,"8,2",2,2012,"1278,00","3363,64","4641,64"
Løten Høyre,4,415,Kommune,2011,422,"12,1",3,2012,"1278,00","4945,84","6223,84"
Løten Senterparti,4,415,Kommune,2011,523,15,4,2012,"1278,00","6129,56","7407,56"
Løten SV,4,415,Kommune,2011,130,"3,7",1,2012,"1278,00","1523,60","2801,60"
Stange Fremskrittsparti,4,417,Kommune,2011,694,"7,2",3,2012,"1278,00","8133,68","9411,68"
Stange Høyre,4,417,Kommune,2011,1124,"11,7",4,2012,"1278,00","13173,28","14451,28"
Stange KrF,4,417,Kommune,2011,508,"5,3",2,2012,"1278,00","5953,76","7231,76"
Pensjonistpartiet,4,417,Kommune,2011,227,"2,4",1,2012,"1278,00","2660,44","3938,44"
Stange Senterparti,4,417,Kommune,2011,708,"7,3",3,2012,"1278,00","8297,76","9575,76"
Stange SV,4,417,Kommune,2011,319,"3,3",1,2012,"1278,00","3738,68","5016,68"
Nord-Odal  Arbeiderparti,4,418,Kommune,2011,1487,"55,6",14,2012,"1278,00","17427,64","18705,64"
Nord-Odal Fremskrittsparti,4,418,Kommune,2011,412,"15,4",4,2012,"1278,00","4828,64","6106,64"
Nord-Odal Høyre,4,418,Kommune,2011,318,"11,9",3,2012,"1278,00","3726,96","5004,96"
Nord-Odal Senterparti,4,418,Kommune,2011,247,"9,2",2,2012,"1278,00","2894,84","4172,84"
Nord-Odal SV,4,418,Kommune,2011,136,"5,1",1,2012,"1278,00","1593,92","2871,92"
Sør-Odal  Arbeiderparti,4,419,Kommune,2011,1383,"35,3",10,2012,"1278,00","16208,76","17486,76"
Sør-Odal Fremskrittsparti,4,419,Kommune,2011,344,"8,8",2,2012,"1278,00","4031,68","5309,68"
Sør-Odal Høyre,4,419,Kommune,2011,1013,"25,9",7,2012,"1278,00","11872,36","13150,36"
Pensjonistpartiet,4,419,Kommune,2011,335,"8,6",2,2012,"1278,00","3926,20","5204,20"
Sør-Odal Senterparti,4,419,Kommune,2011,512,"13,1",4,2012,"1278,00","6000,64","7278,64"
Sør-Odal SV,4,419,Kommune,2011,227,"5,8",2,2012,"1278,00","2660,44","3938,44"
Eidskog  Arbeiderparti,4,420,Kommune,2011,1079,"35,3",10,2012,"1278,00","12645,88","13923,88"
Eidskog Fremskrittsparti,4,420,Kommune,2011,262,"8,6",3,2012,"1278,00","3070,64","4348,64"
Eidskog Høyre,4,420,Kommune,2011,519,17,5,2012,"1278,00","6082,68","7360,68"
Eidskog Senterparti,4,420,Kommune,2011,929,"30,4",9,2012,"1278,00","10887,88","12165,88"
Eidskog SV,4,420,Kommune,2011,132,"4,3",1,2012,"1278,00","1547,04","2825,04"
Grue  Arbeiderparti,4,423,Kommune,2011,1064,"45,6",9,2012,"1278,00","12470,08","13748,08"
"Fellesliste mellom H, KRF og V",4,423,Kommune,2011,847,"36,3",7,2012,"1278,00","9926,84","11204,84"
Grue Senterparti,4,423,Kommune,2011,344,"14,7",3,2012,"1278,00","4031,68","5309,68"
Åsnes  Arbeiderparti,4,425,Kommune,2011,1452,"41,1",9,2012,"1278,00","17017,44","18295,44"
Åsnes Fremskrittsparti,4,425,Kommune,2011,387,11,3,2012,"1278,00","4535,64","5813,64"
Åsnes Høyre,4,425,Kommune,2011,379,"10,7",3,2012,"1278,00","4441,88","5719,88"
Pensjonistpartiet,4,425,Kommune,2011,141,4,1,2012,"1278,00","1652,52","2930,52"
Åsnes Senterparti,4,425,Kommune,2011,465,"13,2",3,2012,"1278,00","5449,80","6727,80"
Venstre,4,425,Kommune,2011,451,"12,8",3,2012,"1278,00","5285,72","6563,72"
Våler  Arbeiderparti,4,426,Kommune,2011,1035,"49,9",10,2012,"1278,00","12130,20","13408,20"
Våler Fremskrittsparti,4,426,Kommune,2011,158,"7,6",1,2012,"1278,00","1851,76","3129,76"
Våler Høyre,4,426,Kommune,2011,257,"12,4",2,2012,"1278,00","3012,04","4290,04"
Pensjonistpartiet,4,426,Kommune,2011,143,"6,9",1,2012,"1278,00","1675,96","2953,96"
Våler Senterparti,4,426,Kommune,2011,179,"8,6",2,2012,"1278,00","2097,88","3375,88"
Våler SV,4,426,Kommune,2011,88,"4,2",1,2012,"1278,00","1031,36","2309,36"
Elverum  Arbeiderparti,4,427,Kommune,2011,3801,"39,2",14,2012,"1278,00","44547,72","45825,72"
Elverum Fremskrittsparti,4,427,Kommune,2011,766,"7,9",3,2012,"1278,00","8977,52","10255,52"
Elverum Høyre,4,427,Kommune,2011,3486,"35,9",13,2012,"1278,00","40855,92","42133,92"
Elverum KrF,4,427,Kommune,2011,171,"1,8",0,2012,"0,00","2004,12","2004,12"
Elverum Senterparti,4,427,Kommune,2011,502,"5,2",2,2012,"1278,00","5883,44","7161,44"
Elverum SV,4,427,Kommune,2011,313,"3,2",1,2012,"1278,00","3668,36","4946,36"
Trysil  Arbeiderparti,4,428,Kommune,2011,1300,"36,6",9,2012,"1278,00","15236,00","16514,00"
Trysil Fremskrittsparti,4,428,Kommune,2011,282,"7,9",2,2012,"1278,00","3305,04","4583,04"
Trysil Høyre,4,428,Kommune,2011,802,"22,6",6,2012,"1278,00","9399,44","10677,44"
Trysil KrF,4,428,Kommune,2011,172,"4,8",1,2012,"1278,00","2015,84","3293,84"
Trysil SV,4,428,Kommune,2011,258,"7,3",2,2012,"1278,00","3023,76","4301,76"
Åmot  Arbeiderparti,4,429,Kommune,2011,618,"30,4",7,2012,"1278,00","7242,96","8520,96"
Åmot Fremskrittsparti,4,429,Kommune,2011,188,"9,2",2,2012,"1278,00","2203,36","3481,36"
Åmot Høyre,4,429,Kommune,2011,245,"12,1",3,2012,"1278,00","2871,40","4149,40"
Åmot Pensjonistparti,4,429,Kommune,2011,85,"4,2",1,2012,"1278,00","996,20","2274,20"
Åmot Senterparti,4,429,Kommune,2011,720,"35,4",8,2012,"1278,00","8438,40","9716,40"
Stor-Elvdal  Arbeiderparti,4,430,Kommune,2011,642,"43,2",9,2012,"1278,00","7524,24","8802,24"
Stor-Elvdal Fremskrittsparti,4,430,Kommune,2011,60,4,1,2012,"1278,00","703,20","1981,20"
Stor-Elvdal Høyre,4,430,Kommune,2011,196,"13,2",3,2012,"1278,00","2297,12","3575,12"
Stor-Elvdal Senterparti,4,430,Kommune,2011,136,"9,2",2,2012,"1278,00","1593,92","2871,92"
Stor-Elvdal Sv,4,430,Kommune,2011,46,"3,1",1,2012,"1278,00","539,12","1817,12"
Rendalen  Arbeiderparti,4,432,Kommune,2011,559,"46,2",8,2012,"1278,00","6551,48","7829,48"
Rendalen Høyre,4,432,Kommune,2011,97,8,1,2012,"1278,00","1136,84","2414,84"
Rendalen SV,4,432,Kommune,2011,131,"10,8",2,2012,"1278,00","1535,32","2813,32"
Engerdal  Arbeiderparti,4,434,Kommune,2011,412,"48,7",7,2012,"1278,00","4828,64","6106,64"
Engerdal Høyre,4,434,Kommune,2011,101,"11,9",2,2012,"1278,00","1183,72","2461,72"
Samlingslista Senterpartiet/Venstre,4,434,Kommune,2011,333,"39,4",6,2012,"1278,00","3902,76","5180,76"
Tolga Senterparti,4,436,Kommune,2011,379,"41,6",6,2012,"1278,00","4441,88","5719,88"
Tolga SV,4,436,Kommune,2011,215,"23,6",4,2012,"1278,00","2519,80","3797,80"
Tynset  Arbeiderparti,4,437,Kommune,2011,622,"21,9",6,2012,"1278,00","7289,84","8567,84"
Tynset Fremskrittsparti,4,437,Kommune,2011,80,"2,8",1,2012,"1278,00","937,60","2215,60"
Tynset Høyre,4,437,Kommune,2011,338,"11,9",3,2012,"1278,00","3961,36","5239,36"
Tynset KrF,4,437,Kommune,2011,91,"3,2",1,2012,"1278,00","1066,52","2344,52"
Tynset Senterparti,4,437,Kommune,2011,631,"22,2",6,2012,"1278,00","7395,32","8673,32"
Tynset SV,4,437,Kommune,2011,834,"29,4",8,2012,"1278,00","9774,48","11052,48"
Alvdal  Arbeiderparti,4,438,Kommune,2011,485,"38,2",6,2012,"1278,00","5684,20","6962,20"
Alvdal FrP,4,438,Kommune,2011,66,"5,2",1,2012,"1278,00","773,52","2051,52"
Alvdal Senterparti,4,438,Kommune,2011,444,35,6,2012,"1278,00","5203,68","6481,68"
Folldal  Arbeiderparti,4,439,Kommune,2011,436,"44,7",8,2012,"1278,00","5109,92","6387,92"
Folldal Senterparti,4,439,Kommune,2011,433,"44,4",7,2012,"1278,00","5074,76","6352,76"
Folldal SV,4,439,Kommune,2011,106,"10,9",2,2012,"1278,00","1242,32","2520,32"
Os  Arbeiderparti,4,441,Kommune,2011,309,"28,6",6,2012,"1278,00","3621,48","4899,48"
Os SV,4,441,Kommune,2011,88,"8,1",2,2012,"1278,00","1031,36","2309,36"
Oppland Arbeiderparti,5,500,Fylke,2011,35967,"44,1",17,2012,"46570,00","978302,40","1024872,40"
Oppland AUF,5,500,FylkesUngdom,2011,0,0,0,2012,"0,00","308956,53","308956,53"
Oppland Fremskrittsparti,5,500,Fylke,2011,6378,"7,8",3,2012,"46570,00","173481,60","220051,60"
Oppland Fremskrittpartis Ungdom,5,500,FylkesUngdom,2011,0,0,0,2012,"0,00","54787,02","54787,02"
Oppland Høyre,5,500,Fylke,2011,14477,"17,8",7,2012,"46570,00","393774,40","440344,40"
Oppland Unge Høyre,5,500,FylkesUngdom,2011,0,0,0,2012,"0,00","124357,43","124357,43"
Oppland Kristelig Folkeparti,5,500,Fylke,2011,2757,"3,4",1,2012,"46570,00","74990,40","121560,40"
Kystpartiet,5,500,Fylke,2011,92,"0,1",0,2012,"0,00","2502,40","2502,40"
Miljøpartiet De Grønne Oppland,5,500,Fylke,2011,931,"1,1",0,2012,"0,00","25323,20","25323,20"
Grønn Ungdom Oppland,5,500,FylkesUngdom,2011,0,0,0,2012,"0,00","7997,29","7997,29"
Oppland Pensjonistparti,5,500,Fylke,2011,1157,"1,4",0,2012,"0,00","31470,40","31470,40"
Oppland Rødt,5,500,Fylke,2011,916,"1,1",0,2012,"0,00","24915,20","24915,20"
Oppland Rød Ungdom,5,500,FylkesUngdom,2011,0,0,0,2012,"0,00","7868,44","7868,44"
Oppland Senterparti,5,500,Fylke,2011,11200,"13,7",5,2012,"46570,00","304640,00","351210,00"
Oppland Senterungdom,5,500,FylkesUngdom,2011,0,0,0,2012,"0,00","96208,00","96208,00"
Oppland Sv,5,500,Fylke,2011,3195,"3,9",2,2012,"46570,00","86904,00","133474,00"
Oppland SU,5,500,FylkesUngdom,2011,0,0,0,2012,"0,00","27445,05","27445,05"
OPPLAND VENSTRE,5,500,Fylke,2011,4045,5,2,2012,"46570,00","110024,00","156594,00"
OPPLAND UNGE VENSTRE,5,500,FylkesUngdom,2011,0,0,0,2012,"0,00","34746,55","34746,55"
Lillehammer  Arb.parti,5,501,Kommune,2011,5204,"39,7",19,2012,"1278,00","60990,88","62268,88"
Lillehammer Fremskrittsparti,5,501,Kommune,2011,726,"5,5",3,2012,"1278,00","8508,72","9786,72"
Lillehammer Høyre,5,501,Kommune,2011,3018,23,11,2012,"1278,00","35370,96","36648,96"
Lillehammer KrF,5,501,Kommune,2011,418,"3,2",2,2012,"1278,00","4898,96","6176,96"
Miljøpartiet De Grønne Lillehammer,5,501,Kommune,2011,283,"2,2",1,2012,"1278,00","3316,76","4594,76"
Lillehammer Pensjonistparti,5,501,Kommune,2011,186,"1,4",0,2012,"0,00","2179,92","2179,92"
Lillehammer Rødt,5,501,Kommune,2011,475,"3,6",2,2012,"1278,00","5567,00","6845,00"
Lillehammer Senterparti,5,501,Kommune,2011,694,"5,3",2,2012,"1278,00","8133,68","9411,68"
Lillehammer Sv,5,501,Kommune,2011,636,"4,9",2,2012,"1278,00","7453,92","8731,92"
LILLEHAMMER VENSTRE,5,501,Kommune,2011,1286,"9,8",5,2012,"1278,00","15071,92","16349,92"
Gjøvik  Arbeiderparti,5,502,Kommune,2011,5998,"43,1",20,2012,"1278,00","70296,56","71574,56"
Gjøvik Fremskrittsparti,5,502,Kommune,2011,734,"5,3",2,2012,"1278,00","8602,48","9880,48"
Gjøvik Høyre,5,502,Kommune,2011,3336,24,11,2012,"1278,00","39097,92","40375,92"
Gjøvik KrF,5,502,Kommune,2011,627,"4,5",2,2012,"1278,00","7348,44","8626,44"
Miljøpartiet De Grønne,5,502,Kommune,2011,145,1,0,2012,"0,00","1699,40","1699,40"
Gjøvik Pensjonistparti,5,502,Kommune,2011,573,"4,1",2,2012,"1278,00","6715,56","7993,56"
Gjøvik Rødt,5,502,Kommune,2011,300,"2,2",1,2012,"1278,00","3516,00","4794,00"
Gjøvik Senterparti,5,502,Kommune,2011,975,7,3,2012,"1278,00","11427,00","12705,00"
Gjøvik Sv,5,502,Kommune,2011,412,3,1,2012,"1278,00","4828,64","6106,64"
GJØVIK VENSTRE,5,502,Kommune,2011,801,"5,8",3,2012,"1278,00","9387,72","10665,72"
Dovre  Arbeidarparti,5,511,Kommune,2011,463,"34,1",6,2012,"1278,00","5426,36","6704,36"
Dovre Framstegsparti,5,511,Kommune,2011,78,"5,8",1,2012,"1278,00","914,16","2192,16"
Dovre Høgre,5,511,Kommune,2011,138,"10,2",2,2012,"1278,00","1617,36","2895,36"
Dovre Senterparti,5,511,Kommune,2011,677,"49,9",8,2012,"1278,00","7934,44","9212,44"
Lesja  Arbeidarparti,5,512,Kommune,2011,491,"42,1",9,2012,"1278,00","5754,52","7032,52"
Lesja Høgre,5,512,Kommune,2011,170,"14,6",3,2012,"1278,00","1992,40","3270,40"
Lesja Senterparti,5,512,Kommune,2011,428,"36,7",8,2012,"1278,00","5016,16","6294,16"
Skjåk  Arbeidarparti,5,513,Kommune,2011,486,"40,6",8,2012,"1278,00","5695,92","6973,92"
Skjåk Senterparti,5,513,Kommune,2011,566,"47,3",10,2012,"1278,00","6633,52","7911,52"
Lom  Arbeidarparti,5,514,Kommune,2011,388,"32,5",5,2012,"1278,00","4547,36","5825,36"
Lom Senterparti,5,514,Kommune,2011,390,"32,6",6,2012,"1278,00","4570,80","5848,80"
Vågå  Arbeidarparti,5,515,Kommune,2011,1185,"58,3",13,2012,"1278,00","13888,20","15166,20"
Vågå Senterparti,5,515,Kommune,2011,288,"14,2",3,2012,"1278,00","3375,36","4653,36"
Vågå Sv,5,515,Kommune,2011,128,"6,3",1,2012,"1278,00","1500,16","2778,16"
Nord-Fron  Arbeidarparti,5,516,Kommune,2011,1152,38,10,2012,"1278,00","13501,44","14779,44"
Nord Fron FrP,5,516,Kommune,2011,151,5,1,2012,"1278,00","1769,72","3047,72"
Nord-Fron Høgre,5,516,Kommune,2011,365,"12,1",3,2012,"1278,00","4277,80","5555,80"
Nord-Fron KrF,5,516,Kommune,2011,110,"3,6",1,2012,"1278,00","1289,20","2567,20"
Nord-Fron Senterparti,5,516,Kommune,2011,887,"29,3",7,2012,"1278,00","10395,64","11673,64"
Sel og Heidal Arb.Parti,5,517,Kommune,2011,1619,"60,8",15,2012,"1278,00","18974,68","20252,68"
Sel Høgre,5,517,Kommune,2011,526,"19,8",5,2012,"1278,00","6164,72","7442,72"
Sel KrF,5,517,Kommune,2011,82,"3,1",1,2012,"1278,00","961,04","2239,04"
Sel og Heidal Senterparti,5,517,Kommune,2011,302,"11,3",3,2012,"1278,00","3539,44","4817,44"
Sel Sv,5,517,Kommune,2011,133,5,1,2012,"1278,00","1558,76","2836,76"
Sør-Fron  Arbeidarparti,5,519,Kommune,2011,770,"46,6",9,2012,"1278,00","9024,40","10302,40"
Sør-Fron Høgre,5,519,Kommune,2011,74,"4,5",1,2012,"1278,00","867,28","2145,28"
Sør-Fron Senterparti,5,519,Kommune,2011,484,"29,3",5,2012,"1278,00","5672,48","6950,48"
Ringebu  Arbeidarparti,5,520,Kommune,2011,534,22,5,2012,"1278,00","6258,48","7536,48"
Ringebu Framstegsparti,5,520,Kommune,2011,87,"3,6",1,2012,"1278,00","1019,64","2297,64"
Ringebu Høyre,5,520,Kommune,2011,102,"4,2",1,2012,"1278,00","1195,44","2473,44"
Ringebu-Fåvang Senterparti,5,520,Kommune,2011,599,"24,7",5,2012,"1278,00","7020,28","8298,28"
Øyer  Arbeiderparti,5,521,Kommune,2011,684,"29,8",8,2012,"1278,00","8016,48","9294,48"
Øyer Høyre,5,521,Kommune,2011,798,"34,7",9,2012,"1278,00","9352,56","10630,56"
Øyer KrF,5,521,Kommune,2011,125,"5,4",1,2012,"1278,00","1465,00","2743,00"
Øyer Senterparti,5,521,Kommune,2011,492,"21,4",5,2012,"1278,00","5766,24","7044,24"
Øyer Sv,5,521,Kommune,2011,102,"4,4",1,2012,"1278,00","1195,44","2473,44"
Gausdal  Arbeidarparti,5,522,Kommune,2011,1103,"39,4",9,2012,"1278,00","12927,16","14205,16"
Fellesliste Fremskrittspartiet/Høyre,5,522,Kommune,2011,251,9,2,2012,"1278,00","2941,72","4219,72"
Gausdal Sv,5,522,Kommune,2011,80,"2,9",0,2012,"0,00","937,60","937,60"
GAUSDAL VENSTRE,5,522,Kommune,2011,398,"14,2",3,2012,"1278,00","4664,56","5942,56"
Østre Toten Arbeiderparti,5,528,Kommune,2011,2664,"38,3",11,2012,"1278,00","31222,08","32500,08"
Østre Toten Fremskrittsparti,5,528,Kommune,2011,427,"6,1",2,2012,"1278,00","5004,44","6282,44"
Østre Toten Høyre,5,528,Kommune,2011,956,"13,7",4,2012,"1278,00","11204,32","12482,32"
Østre Toten KrF,5,528,Kommune,2011,311,"4,5",1,2012,"1278,00","3644,92","4922,92"
Østre Toten Senterparti,5,528,Kommune,2011,1740,25,8,2012,"1278,00","20392,80","21670,80"
ØSTRE TOTEN VENSTRE,5,528,Kommune,2011,496,"7,1",2,2012,"1278,00","5813,12","7091,12"
Vestre Toten Arb.parti,5,529,Kommune,2011,2912,"47,1",15,2012,"1278,00","34128,64","35406,64"
Vestre Toten Fremskrittsparti,5,529,Kommune,2011,576,"9,3",3,2012,"1278,00","6750,72","8028,72"
Vestre Toten Høyre,5,529,Kommune,2011,1151,"18,6",6,2012,"1278,00","13489,72","14767,72"
Vestre Toten KrF,5,529,Kommune,2011,236,"3,8",1,2012,"1278,00","2765,92","4043,92"
Vestre Toten Rødt,5,529,Kommune,2011,64,1,0,2012,"0,00","750,08","750,08"
Vestre Toten Senterparti,5,529,Kommune,2011,752,"12,2",4,2012,"1278,00","8813,44","10091,44"
Vestre Toten Sv,5,529,Kommune,2011,207,"3,3",1,2012,"1278,00","2426,04","3704,04"
VESTRE TOTEN VENSTRE,5,529,Kommune,2011,283,"4,6",1,2012,"1278,00","3316,76","4594,76"
Jevnaker  Arbeiderparti,5,532,Kommune,2011,1658,"51,7",10,2012,"1278,00","19431,76","20709,76"
Jevnaker Fremskrittsparti,5,532,Kommune,2011,347,"10,8",2,2012,"1278,00","4066,84","5344,84"
Jevnaker Høyre,5,532,Kommune,2011,756,"23,6",4,2012,"1278,00","8860,32","10138,32"
Jevnaker Senterparti,5,532,Kommune,2011,188,"5,9",1,2012,"1278,00","2203,36","3481,36"
Jevnaker Sv,5,532,Kommune,2011,260,"8,1",2,2012,"1278,00","3047,20","4325,20"
Lunner  Arbeiderparti,5,533,Kommune,2011,1725,"39,2",10,2012,"1278,00","20217,00","21495,00"
Lunner Fremskrittsparti,5,533,Kommune,2011,362,"8,2",2,2012,"1278,00","4242,64","5520,64"
Lunner Høyre,5,533,Kommune,2011,1493,"33,9",9,2012,"1278,00","17497,96","18775,96"
Miljøpartiet De Grønne Lunner,5,533,Kommune,2011,107,"2,4",0,2012,"0,00","1254,04","1254,04"
Lunner Senterparti,5,533,Kommune,2011,310,7,2,2012,"1278,00","3633,20","4911,20"
Lunner Sv,5,533,Kommune,2011,151,"3,4",1,2012,"1278,00","1769,72","3047,72"
Gran Arbeiderparti,5,534,Kommune,2011,2471,"37,7",10,2012,"1278,00","28960,12","30238,12"
Gran Fremskrittsparti,5,534,Kommune,2011,564,"8,6",2,2012,"1278,00","6610,08","7888,08"
Gran Høyre,5,534,Kommune,2011,1280,"19,5",5,2012,"1278,00","15001,60","16279,60"
Gran Senterparti,5,534,Kommune,2011,792,"12,1",3,2012,"1278,00","9282,24","10560,24"
Gran Sv,5,534,Kommune,2011,179,"2,7",1,2012,"1278,00","2097,88","3375,88"
GRAN VENSTRE,5,534,Kommune,2011,199,3,1,2012,"1278,00","2332,28","3610,28"
"Fellesliste KrF, SP, Venstre",5,536,Kommune,2011,520,20,5,2012,"1278,00","6094,40","7372,40"
Søndre Land Høyre,5,536,Kommune,2011,324,"12,4",3,2012,"1278,00","3797,28","5075,28"
Søndre Land Sv,5,536,Kommune,2011,160,"6,1",2,2012,"1278,00","1875,20","3153,20"
Nordre Land Arbeiderparti,5,538,Kommune,2011,1631,"52,8",14,2012,"1278,00","19115,32","20393,32"
Nordre Land Fremskrittsparti,5,538,Kommune,2011,170,"5,5",2,2012,"1278,00","1992,40","3270,40"
Nordre Land Høyre,5,538,Kommune,2011,300,"9,7",3,2012,"1278,00","3516,00","4794,00"
Nordre Land KrF,5,538,Kommune,2011,93,3,1,2012,"1278,00","1089,96","2367,96"
Nordre Land Senterparti,5,538,Kommune,2011,479,"15,5",4,2012,"1278,00","5613,88","6891,88"
Nordre Land Sv,5,538,Kommune,2011,150,"4,9",1,2012,"1278,00","1758,00","3036,00"
Sør-Aurdal  Arbeidarparti,5,540,Kommune,2011,492,"30,3",8,2012,"1278,00","5766,24","7044,24"
