versjoner,sumart1,sumart1-tekst,kost2a,hovedgruppering-art,avdeling,avdeling-tekst,avgfin-ikke-avgfin,tjenesteomraade,tjenesteomraade-tekst,tjeneste,tjeneste-tekst,proplan,prosjektkategori,prosjekt,prosjekt-tekst,geografisk-bydel,geografisk-bydel-tekst,2011-fra-vedt-okonomiplan,2012,2013,2014,2015
11-14VB,1,Sum utgifter,100,Investeringer i anleggsmidler,2,"Byrådsavd. for finans, konkurranse og eierskap",Ikke-avg.fin.,16,Administrasjon og fellesfunksjoner,12000,Administrasjon,IKTPLAN,Prosjekter under IKT-Handlingsplanen,BUD343,Agresso investeringsmodul,90,BYDEKKENDE,"810 000,00",0,0,0,0
11-14VB,1,Sum utgifter,100,Investeringer i anleggsmidler,2,"Byrådsavd. for finans, konkurranse og eierskap",Ikke-avg.fin.,16,Administrasjon og fellesfunksjoner,12000,Administrasjon,IKTPLFAG,IKT-HP - Fagsystemer,100196,Anskaffe FDV-system for BKB,90,BYDEKKENDE,"2 000 000,00",0,0,0,0
11-14VB,1,Sum utgifter,100,Investeringer i anleggsmidler,2,"Byrådsavd. for finans, konkurranse og eierskap",Ikke-avg.fin.,16,Administrasjon og fellesfunksjoner,12000,Administrasjon,IKTPLFAG,IKT-HP - Fagsystemer,100196,Anskaffe FDV-system for BKB,90,BYDEKKENDE,"-2 000 000,00",0,0,0,0
11-14VB,1,Sum utgifter,100,Investeringer i anleggsmidler,2,"Byrådsavd. for finans, konkurranse og eierskap",Ikke-avg.fin.,16,Administrasjon og fellesfunksjoner,12000,Administrasjon,IKTPLINT,IKT-HP - Integrerte el.tjenester,100335,KP - Design og navigasjon,90,BYDEKKENDE,"1 150 000,00",0,0,0,0
11-14VB,1,Sum utgifter,100,Investeringer i anleggsmidler,2,"Byrådsavd. for finans, konkurranse og eierskap",Ikke-avg.fin.,16,Administrasjon og fellesfunksjoner,12000,Administrasjon,IKTPLINT,IKT-HP - Integrerte el.tjenester,100337,KP - Innbyggertjenester,90,BYDEKKENDE,"1 750 000,00",0,0,0,0
11-14VB,1,Sum utgifter,100,Investeringer i anleggsmidler,2,"Byrådsavd. for finans, konkurranse og eierskap",Ikke-avg.fin.,16,Administrasjon og fellesfunksjoner,12000,Administrasjon,IKTPLINT,IKT-HP - Integrerte el.tjenester,100338,Tjenester og integrasjoner for fagsystemer,90,BYDEKKENDE,"1 800 000,00",0,0,0,0
11-14VB,1,Sum utgifter,100,Investeringer i anleggsmidler,2,"Byrådsavd. for finans, konkurranse og eierskap",Ikke-avg.fin.,16,Administrasjon og fellesfunksjoner,12000,Administrasjon,IKTPLINT,IKT-HP - Integrerte el.tjenester,100339,KP - Redaksjonelle tjenester,90,BYDEKKENDE,"1 200 000,00",0,0,0,0
11-14VB,1,Sum utgifter,100,Investeringer i anleggsmidler,2,"Byrådsavd. for finans, konkurranse og eierskap",Ikke-avg.fin.,16,Administrasjon og fellesfunksjoner,12000,Administrasjon,IKTPLINT,IKT-HP - Integrerte el.tjenester,100340,KP - Tjenester for næringsliv og organisasjoner,90,BYDEKKENDE,"1 100 000,00",0,0,0,0
11-14VB,1,Sum utgifter,100,Investeringer i anleggsmidler,2,"Byrådsavd. for finans, konkurranse og eierskap",Ikke-avg.fin.,16,Administrasjon og fellesfunksjoner,12000,Administrasjon,IKTPLFAG,IKT-HP - Fagsystemer,100353,Nytt arkiv og saksbehandlingssystem,90,BYDEKKENDE,0,0,0,0,0
11-14VB,1,Sum utgifter,100,Investeringer i anleggsmidler,2,"Byrådsavd. for finans, konkurranse og eierskap",Ikke-avg.fin.,16,Administrasjon og fellesfunksjoner,12000,Administrasjon,IKTPLINT,IKT-HP - Integrerte el.tjenester,100561,Tjeneste for tilgang til offentlige registre,90,BYDEKKENDE,"1 300 000,00",0,0,0,0
11-14VB,1,Sum utgifter,100,Investeringer i anleggsmidler,2,"Byrådsavd. for finans, konkurranse og eierskap",Ikke-avg.fin.,16,Administrasjon og fellesfunksjoner,12000,Administrasjon,IKTPLINT,IKT-HP - Integrerte el.tjenester,100335,KP - Design og navigasjon,90,BYDEKKENDE,"-1 150 000,00",0,0,0,0
11-14VB,1,Sum utgifter,100,Investeringer i anleggsmidler,2,"Byrådsavd. for finans, konkurranse og eierskap",Ikke-avg.fin.,16,Administrasjon og fellesfunksjoner,12000,Administrasjon,IKTPLINT,IKT-HP - Integrerte el.tjenester,100337,KP - Innbyggertjenester,90,BYDEKKENDE,"-1 750 000,00",0,0,0,0
11-14VB,1,Sum utgifter,100,Investeringer i anleggsmidler,2,"Byrådsavd. for finans, konkurranse og eierskap",Ikke-avg.fin.,16,Administrasjon og fellesfunksjoner,12000,Administrasjon,IKTPLINT,IKT-HP - Integrerte el.tjenester,100338,Tjenester og integrasjoner for fagsystemer,90,BYDEKKENDE,"-1 800 000,00",0,0,0,0
11-14VB,1,Sum utgifter,100,Investeringer i anleggsmidler,2,"Byrådsavd. for finans, konkurranse og eierskap",Ikke-avg.fin.,16,Administrasjon og fellesfunksjoner,12000,Administrasjon,IKTPLINT,IKT-HP - Integrerte el.tjenester,100339,KP - Redaksjonelle tjenester,90,BYDEKKENDE,"-1 200 000,00",0,0,0,0
11-14VB,1,Sum utgifter,100,Investeringer i anleggsmidler,2,"Byrådsavd. for finans, konkurranse og eierskap",Ikke-avg.fin.,16,Administrasjon og fellesfunksjoner,12000,Administrasjon,IKTPLINT,IKT-HP - Integrerte el.tjenester,100340,KP - Tjenester for næringsliv og organisasjoner,90,BYDEKKENDE,"-1 100 000,00",0,0,0,0
11-14VB,1,Sum utgifter,100,Investeringer i anleggsmidler,2,"Byrådsavd. for finans, konkurranse og eierskap",Ikke-avg.fin.,16,Administrasjon og fellesfunksjoner,12000,Administrasjon,IKTPLFAG,IKT-HP - Fagsystemer,100353,Nytt arkiv og saksbehandlingssystem,90,BYDEKKENDE,0,0,0,0,0
11-14VB,1,Sum utgifter,100,Investeringer i anleggsmidler,2,"Byrådsavd. for finans, konkurranse og eierskap",Ikke-avg.fin.,16,Administrasjon og fellesfunksjoner,12000,Administrasjon,IKTPLINT,IKT-HP - Integrerte el.tjenester,100561,Tjeneste for tilgang til offentlige registre,90,BYDEKKENDE,"-1 300 000,00",0,0,0,0
11-14VB,1,Sum utgifter,100,Investeringer i anleggsmidler,2,"Byrådsavd. for finans, konkurranse og eierskap",Ikke-avg.fin.,16,Administrasjon og fellesfunksjoner,12000,Administrasjon,IKTPLFAG,IKT-HP - Fagsystemer,100554,Innfordringssystem kommunale krav,90,BYDEKKENDE,"2 290 000,00",0,0,0,0
11-14VB,1,Sum utgifter,100,Investeringer i anleggsmidler,2,"Byrådsavd. for finans, konkurranse og eierskap",Ikke-avg.fin.,16,Administrasjon og fellesfunksjoner,12000,Administrasjon,IKTPLFAG,IKT-HP - Fagsystemer,100554,Innfordringssystem kommunale krav,90,BYDEKKENDE,"-2 290 000,00",0,0,0,0
11-14VB,1,Sum utgifter,100,Investeringer i anleggsmidler,2,"Byrådsavd. for finans, konkurranse og eierskap",Ikke-avg.fin.,16,Administrasjon og fellesfunksjoner,12000,Administrasjon,IKTPLFAG,IKT-HP - Fagsystemer,12609,Nytt HR-system,90,BYDEKKENDE,"7 200 000,00",0,0,0,0
11-14VB,1,Sum utgifter,100,Investeringer i anleggsmidler,2,"Byrådsavd. for finans, konkurranse og eierskap",Ikke-avg.fin.,16,Administrasjon og fellesfunksjoner,12000,Administrasjon,IKTPLFIN,IKT-HP - Felles infrastruktur,11616,SAN utvidelse,90,BYDEKKENDE,"1 000 000,00",0,0,0,0
11-14VB,1,Sum utgifter,100,Investeringer i anleggsmidler,2,"Byrådsavd. for finans, konkurranse og eierskap",Ikke-avg.fin.,16,Administrasjon og fellesfunksjoner,12000,Administrasjon,IKTPLFIN,IKT-HP - Felles infrastruktur,11623,Rullering av kjernenett,90,BYDEKKENDE,"1 500 000,00",0,0,0,0
11-14VB,1,Sum utgifter,100,Investeringer i anleggsmidler,2,"Byrådsavd. for finans, konkurranse og eierskap",Ikke-avg.fin.,16,Administrasjon og fellesfunksjoner,12000,Administrasjon,IKTPLFIN,IKT-HP - Felles infrastruktur,11624,Rullering av sentrale servere - basis infrastruktur,90,BYDEKKENDE,"1 000 000,00",0,0,0,0
11-14VB,1,Sum utgifter,100,Investeringer i anleggsmidler,2,"Byrådsavd. for finans, konkurranse og eierskap",Ikke-avg.fin.,16,Administrasjon og fellesfunksjoner,12000,Administrasjon,IKTPLFIN,IKT-HP - Felles infrastruktur,11625,Rullering av sentrale servere - elevnett,90,BYDEKKENDE,"500 000,00",0,0,0,0
11-14VB,1,Sum utgifter,100,Investeringer i anleggsmidler,2,"Byrådsavd. for finans, konkurranse og eierskap",Ikke-avg.fin.,16,Administrasjon og fellesfunksjoner,12000,Administrasjon,IKTPLFIN,IKT-HP - Felles infrastruktur,11626,Rullering av sentrale servere - fagsystemer,90,BYDEKKENDE,"1 500 000,00",0,0,0,0
11-14VB,1,Sum utgifter,100,Investeringer i anleggsmidler,2,"Byrådsavd. for finans, konkurranse og eierskap",Ikke-avg.fin.,16,Administrasjon og fellesfunksjoner,12000,Administrasjon,IKTPLFIN,IKT-HP - Felles infrastruktur,11627,Rullering av - Terminalserverfarmer,90,BYDEKKENDE,"500 000,00",0,0,0,0
11-14VB,1,Sum utgifter,100,Investeringer i anleggsmidler,2,"Byrådsavd. for finans, konkurranse og eierskap",Ikke-avg.fin.,16,Administrasjon og fellesfunksjoner,12000,Administrasjon,IKTPLFIN,IKT-HP - Felles infrastruktur,11628,Utskiftning av sentrale brannmurer,90,BYDEKKENDE,"500 000,00",0,0,0,0
11-14VB,1,Sum utgifter,100,Investeringer i anleggsmidler,2,"Byrådsavd. for finans, konkurranse og eierskap",Ikke-avg.fin.,16,Administrasjon og fellesfunksjoner,12000,Administrasjon,IKTPLFIN,IKT-HP - Felles infrastruktur,11629,Videreutvikling av lagringsløsninger,90,BYDEKKENDE,"1 000 000,00",0,0,0,0
11-14VB,1,Sum utgifter,100,Investeringer i anleggsmidler,2,"Byrådsavd. for finans, konkurranse og eierskap",Ikke-avg.fin.,16,Administrasjon og fellesfunksjoner,12000,Administrasjon,IKTPLFAG,IKT-HP - Fagsystemer,11630,Anskaffelse av nytt Helpdesk-verktøy,90,BYDEKKENDE,0,0,0,0,0
11-14VB,1,Sum utgifter,100,Investeringer i anleggsmidler,2,"Byrådsavd. for finans, konkurranse og eierskap",Ikke-avg.fin.,16,Administrasjon og fellesfunksjoner,12000,Administrasjon,IKTPLFIN,IKT-HP - Felles infrastruktur,11619,Kontinuitetsløsninger (KBP),90,BYDEKKENDE,"1 500 000,00",0,0,0,0
11-14VB,1,Sum utgifter,100,Investeringer i anleggsmidler,2,"Byrådsavd. for finans, konkurranse og eierskap",Ikke-avg.fin.,16,Administrasjon og fellesfunksjoner,12000,Administrasjon,IKTPLAN,Prosjekter under IKT-Handlingsplanen,12289,RS-Ressursstyring,90,BYDEKKENDE,"1 500 000,00",0,0,0,0
11-14VB,1,Sum utgifter,100,Investeringer i anleggsmidler,2,"Byrådsavd. for finans, konkurranse og eierskap",Ikke-avg.fin.,16,Administrasjon og fellesfunksjoner,12000,Administrasjon,IKTPLFEL,IKT-HP - Fellestjenester,12304,Videreutvikling av dagens kontorstøtteløsning,90,BYDEKKENDE,"20 300 000,00",0,0,0,0
11-14VB,1,Sum utgifter,100,Investeringer i anleggsmidler,2,"Byrådsavd. for finans, konkurranse og eierskap",Ikke-avg.fin.,16,Administrasjon og fellesfunksjoner,12000,Administrasjon,IKTPLFEL,IKT-HP - Fellestjenester,100349,"Telefonisentral, ekspedientstøtte og kontaktsenter (TEK)",90,BYDEKKENDE,"11 000 000,00",0,0,0,0
11-14VB,1,Sum utgifter,100,Investeringer i anleggsmidler,2,"Byrådsavd. for finans, konkurranse og eierskap",Ikke-avg.fin.,16,Administrasjon og fellesfunksjoner,12000,Administrasjon,IKTPLINT,IKT-HP - Integrerte el.tjenester,BUD345,Sentralisert utsending (elektronisk post),90,BYDEKKENDE,"3 800 000,00",0,0,0,0
11-14VB,1,Sum utgifter,100,Investeringer i anleggsmidler,2,"Byrådsavd. for finans, konkurranse og eierskap",Ikke-avg.fin.,16,Administrasjon og fellesfunksjoner,12000,Administrasjon,IKTPLFAG,IKT-HP - Fagsystemer,12414,Videreutvikling av saksbehandlersystem (BKSAK),90,BYDEKKENDE,"1 000 000,00",0,0,0,0
11-14VB,1,Sum utgifter,100,Investeringer i anleggsmidler,2,"Byrådsavd. for finans, konkurranse og eierskap",Ikke-avg.fin.,16,Administrasjon og fellesfunksjoner,12000,Administrasjon,IKTPLINT,IKT-HP - Integrerte el.tjenester,100335,KP - Design og navigasjon,90,BYDEKKENDE,"1 150 000,00",0,0,0,0
11-14VB,1,Sum utgifter,100,Investeringer i anleggsmidler,2,"Byrådsavd. for finans, konkurranse og eierskap",Ikke-avg.fin.,16,Administrasjon og fellesfunksjoner,12000,Administrasjon,IKTPLINT,IKT-HP - Integrerte el.tjenester,100337,KP - Innbyggertjenester,90,BYDEKKENDE,"1 750 000,00",0,0,0,0
11-14VB,1,Sum utgifter,100,Investeringer i anleggsmidler,2,"Byrådsavd. for finans, konkurranse og eierskap",Ikke-avg.fin.,16,Administrasjon og fellesfunksjoner,12000,Administrasjon,IKTPLINT,IKT-HP - Integrerte el.tjenester,100338,Tjenester og integrasjoner for fagsystemer,90,BYDEKKENDE,"1 800 000,00",0,0,0,0
11-14VB,1,Sum utgifter,100,Investeringer i anleggsmidler,2,"Byrådsavd. for finans, konkurranse og eierskap",Ikke-avg.fin.,16,Administrasjon og fellesfunksjoner,12000,Administrasjon,IKTPLINT,IKT-HP - Integrerte el.tjenester,100339,KP - Redaksjonelle tjenester,90,BYDEKKENDE,"1 200 000,00",0,0,0,0
11-14VB,1,Sum utgifter,100,Investeringer i anleggsmidler,2,"Byrådsavd. for finans, konkurranse og eierskap",Ikke-avg.fin.,16,Administrasjon og fellesfunksjoner,12000,Administrasjon,IKTPLINT,IKT-HP - Integrerte el.tjenester,100340,KP - Tjenester for næringsliv og organisasjoner,90,BYDEKKENDE,"1 100 000,00",0,0,0,0
11-14VB,1,Sum utgifter,100,Investeringer i anleggsmidler,2,"Byrådsavd. for finans, konkurranse og eierskap",Ikke-avg.fin.,16,Administrasjon og fellesfunksjoner,12000,Administrasjon,IKTPLFAG,IKT-HP - Fagsystemer,100353,Nytt arkiv og saksbehandlingssystem,90,BYDEKKENDE,0,0,0,0,0
11-14VB,1,Sum utgifter,100,Investeringer i anleggsmidler,2,"Byrådsavd. for finans, konkurranse og eierskap",Ikke-avg.fin.,16,Administrasjon og fellesfunksjoner,12000,Administrasjon,IKTPLINT,IKT-HP - Integrerte el.tjenester,100561,Tjeneste for tilgang til offentlige registre,90,BYDEKKENDE,"1 300 000,00",0,0,0,0
11-14VB,1,Sum utgifter,100,Investeringer i anleggsmidler,2,"Byrådsavd. for finans, konkurranse og eierskap",Ikke-avg.fin.,16,Administrasjon og fellesfunksjoner,12000,Administrasjon,IKTPLINT,IKT-HP - Integrerte el.tjenester,BUD345,Sentralisert utsending (elektronisk post),90,BYDEKKENDE,"-800 000,00",0,0,0,0
11-14VB,1,Sum utgifter,100,Investeringer i anleggsmidler,2,"Byrådsavd. for finans, konkurranse og eierskap",Ikke-avg.fin.,16,Administrasjon og fellesfunksjoner,12000,Administrasjon,IKTPLAN,Prosjekter under IKT-Handlingsplanen,100375,Ny BMS-avtale,90,BYDEKKENDE,"1 500 000,00",0,0,0,0
11-14VB,1,Sum utgifter,100,Investeringer i anleggsmidler,4,Byrådsavd. for barnehage og skole,Ikke-avg.fin.,01A,Barnehage,22110,Førskolelokaler og uteareal,BHG,Barnehageinvesteringer,BUD044,Inventar byggeprosjekter - barnehage,90,BYDEKKENDE,"6 100 000,00",0,0,0,0
11-14VB,1,Sum utgifter,100,Investeringer i anleggsmidler,4,Byrådsavd. for barnehage og skole,Ikke-avg.fin.,01B,Skole,22210,Skolelokaler og uteareal,SKOLE,Prosjekter under Skolebruksplanen,BUD057,"Inventar, byggeprosjekter - skole",90,BYDEKKENDE,"700 000,00",0,0,0,0
11-14VB,1,Sum utgifter,100,Investeringer i anleggsmidler,4,Byrådsavd. for barnehage og skole,Ikke-avg.fin.,01B,Skole,22210,Skolelokaler og uteareal,SKOLE,Prosjekter under Skolebruksplanen,BUD057,"Inventar, byggeprosjekter - skole",90,BYDEKKENDE,"-30 000 000,00",0,0,0,0
11-14VB,1,Sum utgifter,100,Investeringer i anleggsmidler,4,Byrådsavd. for barnehage og skole,Ikke-avg.fin.,01B,Skole,22210,Skolelokaler og uteareal,SKOLE,Prosjekter under Skolebruksplanen,BUD057,"Inventar, byggeprosjekter - skole",90,BYDEKKENDE,"40 000 000,00",0,0,0,0
11-14VB,1,Sum utgifter,100,Investeringer i anleggsmidler,4,Byrådsavd. for barnehage og skole,Ikke-avg.fin.,01B,Skole,22210,Skolelokaler og uteareal,SKOLE,Prosjekter under Skolebruksplanen,BUD057,"Inventar, byggeprosjekter - skole",90,BYDEKKENDE,"17 000 000,00",0,0,0,0
11-14VB,1,Sum utgifter,100,Investeringer i anleggsmidler,4,Byrådsavd. for barnehage og skole,Ikke-avg.fin.,01B,Skole,22210,Skolelokaler og uteareal,SKOLE,Prosjekter under Skolebruksplanen,BUD057,"Inventar, byggeprosjekter - skole",90,BYDEKKENDE,"-12 700 000,00",0,0,0,0
11-14VB,1,Sum utgifter,100,Investeringer i anleggsmidler,4,Byrådsavd. for barnehage og skole,Ikke-avg.fin.,01B,Skole,22210,Skolelokaler og uteareal,SKOLE,Prosjekter under Skolebruksplanen,BUD055,"Bønes skole, flerbrukshall",40,FYLLINGSDALEN,"3 000 000,00",0,0,0,0
11-14VB,1,Sum utgifter,100,Investeringer i anleggsmidler,7,"Byrådsavd. for kultur, kirke og idrett",Ikke-avg.fin.,12B,Kommunale kulturtilbud rettet mot barn og unge,23120,Ungdomshus og fritidsklubber.,KULTUR,Kulturinvesteringer,BUD219,Kulturhus - inventar,80,ÅSANE,0,0,0,0,0
11-14VB,1,Sum utgifter,100,Investeringer i anleggsmidler,7,"Byrådsavd. for kultur, kirke og idrett",Ikke-avg.fin.,12B,Kommunale kulturtilbud rettet mot barn og unge,23120,Ungdomshus og fritidsklubber.,KULTUR,Kulturinvesteringer,BUD219,Kulturhus - inventar,90,BYDEKKENDE,0,0,0,0,0
11-14VB,1,Sum utgifter,100,Investeringer i anleggsmidler,7,"Byrådsavd. for kultur, kirke og idrett",Ikke-avg.fin.,12B,Kommunale kulturtilbud rettet mot barn og unge,23120,Ungdomshus og fritidsklubber.,NYKROHN,Nykrohnborg kulturhus,BUD301,Ny Krohnborg kulturhus - inventar,70,ÅRSTAD,"1 000 000,00",0,0,0,0
11-14VB,1,Sum utgifter,100,Investeringer i anleggsmidler,7,"Byrådsavd. for kultur, kirke og idrett",Ikke-avg.fin.,12B,Kommunale kulturtilbud rettet mot barn og unge,23120,Ungdomshus og fritidsklubber.,NYKROHN,Nykrohnborg kulturhus,BUD301,Ny Krohnborg kulturhus - inventar,70,ÅRSTAD,"1 000 000,00",0,0,0,0
11-14VB,1,Sum utgifter,100,Investeringer i anleggsmidler,7,"Byrådsavd. for kultur, kirke og idrett",Ikke-avg.fin.,12G,Kulturbygg og anlegg,38520,Byggdrift kulturhus,KULTUR,Kulturinvesteringer,BUD219,Kulturhus - inventar,80,ÅSANE,"3 000 000,00",0,0,0,0
11-14VB,1,Sum utgifter,100,Investeringer i anleggsmidler,7,"Byrådsavd. for kultur, kirke og idrett",Ikke-avg.fin.,12G,Kulturbygg og anlegg,38520,Byggdrift kulturhus,KULTUR,Kulturinvesteringer,BUD219,Kulturhus - inventar,90,BYDEKKENDE,0,0,0,0,0
11-14VB,1,Sum utgifter,100,Investeringer i anleggsmidler,7,"Byrådsavd. for kultur, kirke og idrett",Ikke-avg.fin.,12G,Kulturbygg og anlegg,38520,Byggdrift kulturhus,KULTUR,Kulturinvesteringer,BUD219,Kulturhus - inventar,90,BYDEKKENDE,"-3 000 000,00",0,0,0,0
11-14VB,1,Sum utgifter,100,Investeringer i anleggsmidler,7,"Byrådsavd. for kultur, kirke og idrett",Ikke-avg.fin.,12G,Kulturbygg og anlegg,38520,Byggdrift kulturhus,KULTUR,Kulturinvesteringer,BUD219,Kulturhus - inventar,80,ÅSANE,0,0,0,0,0
11-14VB,1,Sum utgifter,100,Investeringer i anleggsmidler,7,"Byrådsavd. for kultur, kirke og idrett",Ikke-avg.fin.,12G,Kulturbygg og anlegg,38610,Kommunale kulturbygg,KULTUR,Kulturinvesteringer,BUD219,Kulturhus - inventar,80,ÅSANE,0,0,0,0,0
11-14VB,1,Sum utgifter,100,Investeringer i anleggsmidler,7,"Byrådsavd. for kultur, kirke og idrett",Ikke-avg.fin.,12G,Kulturbygg og anlegg,38610,Kommunale kulturbygg,KULTUR,Kulturinvesteringer,BUD219,Kulturhus - inventar,80,ÅSANE,0,0,0,0,0
11-14VB,1,Sum utgifter,100,Investeringer i anleggsmidler,7,"Byrådsavd. for kultur, kirke og idrett",Ikke-avg.fin.,16,Administrasjon og fellesfunksjoner,12000,Administrasjon,IKTPLAN,Prosjekter under IKT-Handlingsplanen,BUD342,Digitalt sikringsmagasin,90,BYDEKKENDE,"1 500 000,00",0,0,0,0
11-14VB,1,Sum utgifter,100,Investeringer i anleggsmidler,2,"Byrådsavd. for finans, konkurranse og eierskap",Ikke-avg.fin.,03C,Hjemmebaserte bo og omsorgstjenester,25410,Praktisk hjelp og bistand,TRANSP,Kjøp av transportmidler,100307,Biler til transport av eldre og funksjonshemmede,90,BYDEKKENDE,"3 500 000,00",0,0,0,0
11-14VB,1,Sum utgifter,100,Investeringer i anleggsmidler,2,"Byrådsavd. for finans, konkurranse og eierskap",Ikke-avg.fin.,03C,Hjemmebaserte bo og omsorgstjenester,25410,Praktisk hjelp og bistand,TRANSP,Kjøp av transportmidler,100307,Biler til transport av eldre og funksjonshemmede,90,BYDEKKENDE,"-3 500 000,00",0,0,0,0
11-14VB,1,Sum utgifter,100,Investeringer i anleggsmidler,2,"Byrådsavd. for finans, konkurranse og eierskap",Ikke-avg.fin.,03C,Hjemmebaserte bo og omsorgstjenester,25410,Praktisk hjelp og bistand,TRANSP,Kjøp av transportmidler,100307,Biler til transport av eldre og funksjonshemmede,90,BYDEKKENDE,"3 500 000,00",0,0,0,0
11-14VB,1,Sum utgifter,100,Investeringer i anleggsmidler,2,"Byrådsavd. for finans, konkurranse og eierskap",Ikke-avg.fin.,03C,Hjemmebaserte bo og omsorgstjenester,25410,Praktisk hjelp og bistand,TRANSP,Kjøp av transportmidler,100307,Biler til transport av eldre og funksjonshemmede,90,BYDEKKENDE,0,0,0,0,0
11-14VB,1,Sum utgifter,100,Investeringer i anleggsmidler,1,Byrådsleders avdeling,Avg.fin.,7,Brannvesen,33820,Feiing og tilsyn,BILPARK,Bilpark brann- og feiervesen,EFEBIL,Bilpark feier,90,BYDEKKENDE,0,0,0,0,0
11-14VB,1,Sum utgifter,100,Investeringer i anleggsmidler,1,Byrådsleders avdeling,Ikke-avg.fin.,7,Brannvesen,33910,Beredskap mot branner og ulykker,BILPARK,Bilpark brann- og feiervesen,EBEBIL,Bilpark brann,90,BYDEKKENDE,"3 800 000,00",0,0,0,0
11-14VB,1,Sum utgifter,100,Investeringer i anleggsmidler,1,Byrådsleders avdeling,Ikke-avg.fin.,7,Brannvesen,33910,Beredskap mot branner og ulykker,BILPARK,Bilpark brann- og feiervesen,EBEBIL,Bilpark brann,90,BYDEKKENDE,0,0,0,0,0
11-14VB,1,Sum utgifter,100,Investeringer i anleggsmidler,1,Byrådsleders avdeling,Ikke-avg.fin.,7,Brannvesen,33910,Beredskap mot branner og ulykker,BILPARK,Bilpark brann- og feiervesen,EBEBIL,Bilpark brann,90,BYDEKKENDE,0,0,0,0,0
11-14VB,1,Sum utgifter,100,Investeringer i anleggsmidler,1,Byrådsleders avdeling,Ikke-avg.fin.,7,Brannvesen,33910,Beredskap mot branner og ulykker,BILPARK,Bilpark brann- og feiervesen,EBEBIL,Bilpark brann,90,BYDEKKENDE,0,0,0,0,0
11-14VB,1,Sum utgifter,100,Investeringer i anleggsmidler,1,Byrådsleders avdeling,Avg.fin.,7,Brannvesen,33820,Feiing og tilsyn,BILPARK,Bilpark brann- og feiervesen,EFEBIL,Bilpark feier,90,BYDEKKENDE,"350 000,00",0,0,0,0
11-14VB,1,Sum utgifter,100,Investeringer i anleggsmidler,1,Byrådsleders avdeling,Avg.fin.,7,Brannvesen,33820,Feiing og tilsyn,BILPARK,Bilpark brann- og feiervesen,EFEBIL,Bilpark feier,90,BYDEKKENDE,0,0,0,0,0
11-14VB,1,Sum utgifter,100,Investeringer i anleggsmidler,1,Byrådsleders avdeling,Avg.fin.,7,Brannvesen,33820,Feiing og tilsyn,BILPARK,Bilpark brann- og feiervesen,EFEBIL,Bilpark feier,90,BYDEKKENDE,0,0,0,0,0
11-14VB,1,Sum utgifter,100,Investeringer i anleggsmidler,90,Fellesposter - bykassen,Ikke-avg.fin.,21,Sentrale budsjettposter,18080,Tilfeldige utgifter/inntekter - AFP m.m.,TRANSP,Kjøp av transportmidler,100018,Kjøp av transportmidler,90,BYDEKKENDE,"3 500 000,00",0,0,0,0
11-14VB,1,Sum utgifter,100,Investeringer i anleggsmidler,90,Fellesposter - bykassen,Avg.fin.,20,Interne tjenester / fordelte kostnader,19031,Bil/mask.form. innenf. avg.omr (UTGÅR fra 2011),TRANSP,Kjøp av transportmidler,100018,Kjøp av transportmidler,90,BYDEKKENDE,"7 000 000,00",0,0,0,0
11-14VB,1,Sum utgifter,100,Investeringer i anleggsmidler,90,Fellesposter - bykassen,Avg.fin.,20,Interne tjenester / fordelte kostnader,19031,Bil/mask.form. innenf. avg.omr (UTGÅR fra 2011),TRANSP,Kjøp av transportmidler,100018,Kjøp av transportmidler,90,BYDEKKENDE,"-3 500 000,00",0,0,0,0
11-14VB,1,Sum utgifter,100,Investeringer i anleggsmidler,90,Fellesposter - bykassen,Avg.fin.,20,Interne tjenester / fordelte kostnader,19031,Bil/mask.form. innenf. avg.omr (UTGÅR fra 2011),TRANSP,Kjøp av transportmidler,100018,Kjøp av transportmidler,90,BYDEKKENDE,0,0,0,0,0
11-14VB,1,Sum utgifter,100,Investeringer i anleggsmidler,90,Fellesposter - bykassen,Avg.fin.,20,Interne tjenester / fordelte kostnader,19031,Bil/mask.form. innenf. avg.omr (UTGÅR fra 2011),TRANSP,Kjøp av transportmidler,100018,Kjøp av transportmidler,90,BYDEKKENDE,"-3 500 000,00",0,0,0,0
11-14VB,1,Sum utgifter,100,Investeringer i anleggsmidler,90,Fellesposter - bykassen,Avg.fin.,20,Interne tjenester / fordelte kostnader,19031,Bil/mask.form. innenf. avg.omr (UTGÅR fra 2011),TRANSP,Kjøp av transportmidler,100018,Kjøp av transportmidler,90,BYDEKKENDE,"3 500 000,00",0,0,0,0
11-14VB,1,Sum utgifter,100,Investeringer i anleggsmidler,90,Fellesposter - bykassen,Avg.fin.,20,Interne tjenester / fordelte kostnader,19031,Bil/mask.form. innenf. avg.omr (UTGÅR fra 2011),TRANSP,Kjøp av transportmidler,100018,Kjøp av transportmidler,90,BYDEKKENDE,"-3 500 000,00",0,0,0,0
11-14VB,1,Sum utgifter,100,Investeringer i anleggsmidler,2,"Byrådsavd. for finans, konkurranse og eierskap",Ikke-avg.fin.,16,Administrasjon og fellesfunksjoner,12000,Administrasjon,IKTGML,"Gamle IKT HP-prosjekter - uten inv.budsjett, uten kalk. kostnader",BUD329,Videreføring i 2013 av IKTinvest.nivå i 2012- sekk,90,BYDEKKENDE,0,0,0,0,0
11-14VB,1,Sum utgifter,100,Investeringer i anleggsmidler,2,"Byrådsavd. for finans, konkurranse og eierskap",Ikke-avg.fin.,16,Administrasjon og fellesfunksjoner,12000,Administrasjon,IKTGML,"Gamle IKT HP-prosjekter - uten inv.budsjett, uten kalk. kostnader",BUD329,Videreføring i 2013 av IKTinvest.nivå i 2012- sekk,90,BYDEKKENDE,0,0,0,0,0
11-14VB,1,Sum utgifter,100,Investeringer i anleggsmidler,2,"Byrådsavd. for finans, konkurranse og eierskap",Ikke-avg.fin.,16,Administrasjon og fellesfunksjoner,12000,Administrasjon,IKTPLFAG,IKT-HP - Fagsystemer,11207,SOFIE,90,BYDEKKENDE,"1 000 000,00",0,0,0,0
11-14VB,1,Sum utgifter,100,Investeringer i anleggsmidler,2,"Byrådsavd. for finans, konkurranse og eierskap",Ikke-avg.fin.,16,Administrasjon og fellesfunksjoner,12000,Administrasjon,IKTPLAN,Prosjekter under IKT-Handlingsplanen,11274,Utskifting PC-er,90,BYDEKKENDE,"7 500 000,00",0,0,0,0
11-14VB,1,Sum utgifter,100,Investeringer i anleggsmidler,2,"Byrådsavd. for finans, konkurranse og eierskap",Ikke-avg.fin.,16,Administrasjon og fellesfunksjoner,12000,Administrasjon,IKTPLAN,Prosjekter under IKT-Handlingsplanen,12243,Fellestiltak  systemarkitektur,90,BYDEKKENDE,"10 500 000,00",0,0,0,0
11-14VB,1,Sum utgifter,100,Investeringer i anleggsmidler,2,"Byrådsavd. for finans, konkurranse og eierskap",Ikke-avg.fin.,16,Administrasjon og fellesfunksjoner,12000,Administrasjon,IKTPLAN,Prosjekter under IKT-Handlingsplanen,12267,Telefoniprosj. og oppgr. av sentraler og systemer,90,BYDEKKENDE,"1 000 000,00",0,0,0,0
11-14VB,1,Sum utgifter,100,Investeringer i anleggsmidler,2,"Byrådsavd. for finans, konkurranse og eierskap",Ikke-avg.fin.,16,Administrasjon og fellesfunksjoner,12000,Administrasjon,IKTPLAN,Prosjekter under IKT-Handlingsplanen,12292,SEKK: Utbygging og vedlikehold av infrastruktur,90,BYDEKKENDE,"12 000 000,00",0,0,0,0
11-14VB,1,Sum utgifter,100,Investeringer i anleggsmidler,2,"Byrådsavd. for finans, konkurranse og eierskap",Ikke-avg.fin.,16,Administrasjon og fellesfunksjoner,12000,Administrasjon,IKTPLFAG,IKT-HP - Fagsystemer,12414,Videreutvikling av saksbehandlersystem (BKSAK),90,BYDEKKENDE,"300 000,00",0,0,0,0
11-14VB,1,Sum utgifter,100,Investeringer i anleggsmidler,2,"Byrådsavd. for finans, konkurranse og eierskap",Ikke-avg.fin.,16,Administrasjon og fellesfunksjoner,12000,Administrasjon,IKTPLAN,Prosjekter under IKT-Handlingsplanen,505000,Kommuneportal,90,BYDEKKENDE,"5 000 000,00",0,0,0,0
11-14VB,1,Sum utgifter,100,Investeringer i anleggsmidler,2,"Byrådsavd. for finans, konkurranse og eierskap",Ikke-avg.fin.,16,Administrasjon og fellesfunksjoner,12000,Administrasjon,IKTPLAN,Prosjekter under IKT-Handlingsplanen,BUD156,SOA Integrasjonsplattform,90,BYDEKKENDE,"1 010 000,00",0,0,0,0
11-14VB,1,Sum utgifter,100,Investeringer i anleggsmidler,2,"Byrådsavd. for finans, konkurranse og eierskap",Ikke-avg.fin.,16,Administrasjon og fellesfunksjoner,12000,Administrasjon,IKTPLAN,Prosjekter under IKT-Handlingsplanen,BUD250,Kontinuitetsløsninger (KBP),90,BYDEKKENDE,"2 000 000,00",0,0,0,0
11-14VB,1,Sum utgifter,100,Investeringer i anleggsmidler,2,"Byrådsavd. for finans, konkurranse og eierskap",Ikke-avg.fin.,16,Administrasjon og fellesfunksjoner,12000,Administrasjon,IKTGML,"Gamle IKT HP-prosjekter - uten inv.budsjett, uten kalk. kostnader",BUD256,Nytt arkiv og saksbehandlersystem,90,BYDEKKENDE,"10 000 000,00",0,0,0,0
11-14VB,1,Sum utgifter,100,Investeringer i anleggsmidler,2,"Byrådsavd. for finans, konkurranse og eierskap",Ikke-avg.fin.,16,Administrasjon og fellesfunksjoner,12000,Administrasjon,IKTPLAN,Prosjekter under IKT-Handlingsplanen,BUD258,Oppgradering av kontorstøtteløsning,90,BYDEKKENDE,"7 000 000,00",0,0,0,0
11-14VB,1,Sum utgifter,100,Investeringer i anleggsmidler,2,"Byrådsavd. for finans, konkurranse og eierskap",Ikke-avg.fin.,16,Administrasjon og fellesfunksjoner,12000,Administrasjon,IKTPLAN,Prosjekter under IKT-Handlingsplanen,BUD260,Print - kopi løsning,90,BYDEKKENDE,"500 000,00",0,0,0,0
11-14VB,1,Sum utgifter,100,Investeringer i anleggsmidler,2,"Byrådsavd. for finans, konkurranse og eierskap",Ikke-avg.fin.,16,Administrasjon og fellesfunksjoner,12000,Administrasjon,IKTGML,"Gamle IKT HP-prosjekter - uten inv.budsjett, uten kalk. kostnader",BUD329,Videreføring i 2013 av IKTinvest.nivå i 2012- sekk,90,BYDEKKENDE,0,0,0,0,0
11-14VB,1,Sum utgifter,100,Investeringer i anleggsmidler,2,"Byrådsavd. for finans, konkurranse og eierskap",Ikke-avg.fin.,16,Administrasjon og fellesfunksjoner,12000,Administrasjon,IKTPLAN,Prosjekter under IKT-Handlingsplanen,11274,Utskifting PC-er,90,BYDEKKENDE,"-7 500 000,00",0,0,0,0
11-14VB,1,Sum utgifter,100,Investeringer i anleggsmidler,2,"Byrådsavd. for finans, konkurranse og eierskap",Ikke-avg.fin.,16,Administrasjon og fellesfunksjoner,12000,Administrasjon,IKTPLAN,Prosjekter under IKT-Handlingsplanen,12243,Fellestiltak  systemarkitektur,90,BYDEKKENDE,"-10 500 000,00",0,0,0,0
11-14VB,1,Sum utgifter,100,Investeringer i anleggsmidler,2,"Byrådsavd. for finans, konkurranse og eierskap",Ikke-avg.fin.,16,Administrasjon og fellesfunksjoner,12000,Administrasjon,IKTPLAN,Prosjekter under IKT-Handlingsplanen,12267,Telefoniprosj. og oppgr. av sentraler og systemer,90,BYDEKKENDE,"-1 000 000,00",0,0,0,0
11-14VB,1,Sum utgifter,100,Investeringer i anleggsmidler,2,"Byrådsavd. for finans, konkurranse og eierskap",Ikke-avg.fin.,16,Administrasjon og fellesfunksjoner,12000,Administrasjon,IKTPLAN,Prosjekter under IKT-Handlingsplanen,12292,SEKK: Utbygging og vedlikehold av infrastruktur,90,BYDEKKENDE,"-12 000 000,00",0,0,0,0
11-14VB,1,Sum utgifter,100,Investeringer i anleggsmidler,2,"Byrådsavd. for finans, konkurranse og eierskap",Ikke-avg.fin.,16,Administrasjon og fellesfunksjoner,12000,Administrasjon,IKTPLFAG,IKT-HP - Fagsystemer,12414,Videreutvikling av saksbehandlersystem (BKSAK),90,BYDEKKENDE,"700 000,00",0,0,0,0
11-14VB,1,Sum utgifter,100,Investeringer i anleggsmidler,2,"Byrådsavd. for finans, konkurranse og eierskap",Ikke-avg.fin.,16,Administrasjon og fellesfunksjoner,12000,Administrasjon,IKTPLAN,Prosjekter under IKT-Handlingsplanen,505000,Kommuneportal,90,BYDEKKENDE,"-5 000 000,00",0,0,0,0
11-14VB,1,Sum utgifter,100,Investeringer i anleggsmidler,2,"Byrådsavd. for finans, konkurranse og eierskap",Ikke-avg.fin.,16,Administrasjon og fellesfunksjoner,12000,Administrasjon,IKTPLAN,Prosjekter under IKT-Handlingsplanen,BUD156,SOA Integrasjonsplattform,90,BYDEKKENDE,"-1 010 000,00",0,0,0,0
11-14VB,1,Sum utgifter,100,Investeringer i anleggsmidler,2,"Byrådsavd. for finans, konkurranse og eierskap",Ikke-avg.fin.,16,Administrasjon og fellesfunksjoner,12000,Administrasjon,IKTPLAN,Prosjekter under IKT-Handlingsplanen,BUD250,Kontinuitetsløsninger (KBP),90,BYDEKKENDE,"-500 000,00",0,0,0,0
11-14VB,1,Sum utgifter,100,Investeringer i anleggsmidler,2,"Byrådsavd. for finans, konkurranse og eierskap",Ikke-avg.fin.,16,Administrasjon og fellesfunksjoner,12000,Administrasjon,IKTGML,"Gamle IKT HP-prosjekter - uten inv.budsjett, uten kalk. kostnader",BUD256,Nytt arkiv og saksbehandlersystem,90,BYDEKKENDE,"-10 000 000,00",0,0,0,0
11-14VB,1,Sum utgifter,100,Investeringer i anleggsmidler,2,"Byrådsavd. for finans, konkurranse og eierskap",Ikke-avg.fin.,16,Administrasjon og fellesfunksjoner,12000,Administrasjon,IKTPLAN,Prosjekter under IKT-Handlingsplanen,BUD258,Oppgradering av kontorstøtteløsning,90,BYDEKKENDE,"-7 000 000,00",0,0,0,0
11-14VB,1,Sum utgifter,100,Investeringer i anleggsmidler,2,"Byrådsavd. for finans, konkurranse og eierskap",Ikke-avg.fin.,16,Administrasjon og fellesfunksjoner,12000,Administrasjon,IKTPLAN,Prosjekter under IKT-Handlingsplanen,BUD260,Print - kopi løsning,90,BYDEKKENDE,"-500 000,00",0,0,0,0
11-14VB,1,Sum utgifter,100,Investeringer i anleggsmidler,2,"Byrådsavd. for finans, konkurranse og eierskap",Ikke-avg.fin.,16,Administrasjon og fellesfunksjoner,12000,Administrasjon,IKTGML,"Gamle IKT HP-prosjekter - uten inv.budsjett, uten kalk. kostnader",BUD329,Videreføring i 2013 av IKTinvest.nivå i 2012- sekk,90,BYDEKKENDE,0,0,0,0,0
11-14VB,1,Sum utgifter,100,Investeringer i anleggsmidler,2,"Byrådsavd. for finans, konkurranse og eierskap",Ikke-avg.fin.,16,Administrasjon og fellesfunksjoner,12000,Administrasjon,IKTGML,"Gamle IKT HP-prosjekter - uten inv.budsjett, uten kalk. kostnader",BUD338,Midlertidig plassering IKT BFKE,90,BYDEKKENDE,"-27 903 000,00",0,0,0,0
11-14VB,1,Sum utgifter,100,Investeringer i anleggsmidler,2,"Byrådsavd. for finans, konkurranse og eierskap",Ikke-avg.fin.,16,Administrasjon og fellesfunksjoner,12000,Administrasjon,IKTPLFAG,IKT-HP - Fagsystemer,11207,SOFIE,90,BYDEKKENDE,"-1 000 000,00",0,0,0,0
11-14VB,1,Sum utgifter,100,Investeringer i anleggsmidler,2,"Byrådsavd. for finans, konkurranse og eierskap",Ikke-avg.fin.,16,Administrasjon og fellesfunksjoner,12000,Administrasjon,IKTPLFAG,IKT-HP - Fagsystemer,12414,Videreutvikling av saksbehandlersystem (BKSAK),90,BYDEKKENDE,"-1 000 000,00",0,0,0,0
11-14VB,1,Sum utgifter,100,Investeringer i anleggsmidler,2,"Byrådsavd. for finans, konkurranse og eierskap",Ikke-avg.fin.,16,Administrasjon og fellesfunksjoner,12000,Administrasjon,IKTPLAN,Prosjekter under IKT-Handlingsplanen,BUD250,Kontinuitetsløsninger (KBP),90,BYDEKKENDE,"-1 500 000,00",0,0,0,0
11-14VB,1,Sum utgifter,100,Investeringer i anleggsmidler,2,"Byrådsavd. for finans, konkurranse og eierskap",Ikke-avg.fin.,16,Administrasjon og fellesfunksjoner,12000,Administrasjon,IKTGML,"Gamle IKT HP-prosjekter - uten inv.budsjett, uten kalk. kostnader",BUD338,Midlertidig plassering IKT BFKE,90,BYDEKKENDE,"27 903 000,00",0,0,0,0
11-14VB,1,Sum utgifter,100,Investeringer i anleggsmidler,2,"Byrådsavd. for finans, konkurranse og eierskap",Ikke-avg.fin.,17A,Fellestjenester,18060,Overformynderiet,IKTPLAN,Prosjekter under IKT-Handlingsplanen,12293,Formula saksbehandlingsmodul,90,BYDEKKENDE,"100 000,00",0,0,0,0
11-14VB,1,Sum utgifter,100,Investeringer i anleggsmidler,2,"Byrådsavd. for finans, konkurranse og eierskap",Ikke-avg.fin.,17A,Fellestjenester,18060,Overformynderiet,IKTPLAN,Prosjekter under IKT-Handlingsplanen,12293,Formula saksbehandlingsmodul,90,BYDEKKENDE,"-100 000,00",0,0,0,0
11-14VB,1,Sum utgifter,100,Investeringer i anleggsmidler,2,"Byrådsavd. for finans, konkurranse og eierskap",Ikke-avg.fin.,16,Administrasjon og fellesfunksjoner,12000,Administrasjon,IKTPLFAG,IKT-HP - Fagsystemer,11207,SOFIE,90,BYDEKKENDE,"-1 000 000,00",0,0,0,0
11-14VB,1,Sum utgifter,100,Investeringer i anleggsmidler,2,"Byrådsavd. for finans, konkurranse og eierskap",Ikke-avg.fin.,16,Administrasjon og fellesfunksjoner,12000,Administrasjon,IKTPLFAG,IKT-HP - Fagsystemer,11207,SOFIE,90,BYDEKKENDE,"1 000 000,00",0,0,0,0
11-14VB,1,Sum utgifter,100,Investeringer i anleggsmidler,2,"Byrådsavd. for finans, konkurranse og eierskap",Ikke-avg.fin.,16,Administrasjon og fellesfunksjoner,12000,Administrasjon,IKTPLFAG,IKT-HP - Fagsystemer,11207,SOFIE,90,BYDEKKENDE,"-1 000 000,00",0,0,0,0
11-14VB,1,Sum utgifter,100,Investeringer i anleggsmidler,2,"Byrådsavd. for finans, konkurranse og eierskap",Ikke-avg.fin.,16,Administrasjon og fellesfunksjoner,12000,Administrasjon,IKTPLFAG,IKT-HP - Fagsystemer,11207,SOFIE,90,BYDEKKENDE,"1 000 000,00",0,0,0,0
11-14VB,1,Sum utgifter,100,Investeringer i anleggsmidler,2,"Byrådsavd. for finans, konkurranse og eierskap",Ikke-avg.fin.,17A,Fellestjenester,18060,Overformynderiet,IKTPLAN,Prosjekter under IKT-Handlingsplanen,12293,Formula saksbehandlingsmodul,90,BYDEKKENDE,"-100 000,00",0,0,0,0
11-14VB,1,Sum utgifter,100,Investeringer i anleggsmidler,2,"Byrådsavd. for finans, konkurranse og eierskap",Ikke-avg.fin.,17A,Fellestjenester,18060,Overformynderiet,IKTPLAN,Prosjekter under IKT-Handlingsplanen,12293,Formula saksbehandlingsmodul,90,BYDEKKENDE,"100 000,00",0,0,0,0
11-14VB,1,Sum utgifter,100,Investeringer i anleggsmidler,3,Byrådsavd. for helse og inkludering,Ikke-avg.fin.,05B,Behandling og rehabilitering,24110,Legetjeneste,IKTPLAN,Prosjekter under IKT-Handlingsplanen,11614,Innføring av Profdoc på BLV (delprosjekt),90,BYDEKKENDE,"250 000,00",0,0,0,0
11-14VB,1,Sum utgifter,100,Investeringer i anleggsmidler,3,Byrådsavd. for helse og inkludering,Ikke-avg.fin.,03D,Byggdrift: Tiltak for eldre og omsorgstrengende,26110,Byggdrift sykehjem,SYKEHJ,Sykehjem,BUD172,Kompetansesenter - demens,40,FYLLINGSDALEN,"30 000 000,00",0,0,0,0
11-14VB,1,Sum utgifter,100,Investeringer i anleggsmidler,3,Byrådsavd. for helse og inkludering,Ikke-avg.fin.,03D,Byggdrift: Tiltak for eldre og omsorgstrengende,26110,Byggdrift sykehjem,SYKEHJ,Sykehjem,BUD172,Kompetansesenter - demens,40,FYLLINGSDALEN,"115 000 000,00",0,0,0,0
11-14VB,1,Sum utgifter,100,Investeringer i anleggsmidler,3,Byrådsavd. for helse og inkludering,Ikke-avg.fin.,03D,Byggdrift: Tiltak for eldre og omsorgstrengende,26110,Byggdrift sykehjem,SYKEHJ,Sykehjem,BUD172,Kompetansesenter - demens,40,FYLLINGSDALEN,0,0,0,0,0
11-14VB,1,Sum utgifter,100,Investeringer i anleggsmidler,3,Byrådsavd. for helse og inkludering,Ikke-avg.fin.,04A,Tjenester til rusavhengige og bostedsløse,24360,Botreningstjeneste ikke individrettet,PBOSTED,Prosjekt bostedsløse,BUD109,Botreningsprosjektet,90,BYDEKKENDE,"5 000 000,00",0,0,0,0
11-14VB,1,Sum utgifter,100,Investeringer i anleggsmidler,3,Byrådsavd. for helse og inkludering,Ikke-avg.fin.,04A,Tjenester til rusavhengige og bostedsløse,24360,Botreningstjeneste ikke individrettet,PBOSTED,Prosjekt bostedsløse,BUD109,Botreningsprosjektet,90,BYDEKKENDE,0,0,0,0,0
11-14VB,1,Sum utgifter,100,Investeringer i anleggsmidler,3,Byrådsavd. for helse og inkludering,Ikke-avg.fin.,03D,Byggdrift: Tiltak for eldre og omsorgstrengende,26530,Byggdrift bofellesskap for utviklingshemmede,PU,PU-boliger,BUD200,170 boliger utviklingshemmede,90,BYDEKKENDE,0,0,0,0,0
11-14VB,1,Sum utgifter,100,Investeringer i anleggsmidler,3,Byrådsavd. for helse og inkludering,Ikke-avg.fin.,03D,Byggdrift: Tiltak for eldre og omsorgstrengende,26530,Byggdrift bofellesskap for utviklingshemmede,PU,PU-boliger,BUD200,170 boliger utviklingshemmede,90,BYDEKKENDE,0,0,0,0,0
11-14VB,1,Sum utgifter,100,Investeringer i anleggsmidler,3,Byrådsavd. for helse og inkludering,Ikke-avg.fin.,03D,Byggdrift: Tiltak for eldre og omsorgstrengende,26530,Byggdrift bofellesskap for utviklingshemmede,PU,PU-boliger,BUD200,170 boliger utviklingshemmede,90,BYDEKKENDE,0,0,0,0,0
11-14VB,1,Sum utgifter,100,Investeringer i anleggsmidler,3,Byrådsavd. for helse og inkludering,Ikke-avg.fin.,03D,Byggdrift: Tiltak for eldre og omsorgstrengende,26540,Byggdrift bofellesskap for mennesker med psykiske,PSYK,Psykiatriboliger,BUD327,Botilbud for psykisk syke,90,BYDEKKENDE,0,0,0,0,0
11-14VB,1,Sum utgifter,100,Investeringer i anleggsmidler,3,Byrådsavd. for helse og inkludering,Ikke-avg.fin.,03D,Byggdrift: Tiltak for eldre og omsorgstrengende,26540,Byggdrift bofellesskap for mennesker med psykiske,PSYK,Psykiatriboliger,BUD327,Botilbud for psykisk syke,90,BYDEKKENDE,0,0,0,0,0
11-14VB,1,Sum utgifter,100,Investeringer i anleggsmidler,4,Byrådsavd. for barnehage og skole,Ikke-avg.fin.,01B,Skole,22210,Skolelokaler og uteareal,SKOLE,Prosjekter under Skolebruksplanen,BUD071,Oppgradering av uteareal - skole,90,BYDEKKENDE,"6 000 000,00",0,0,0,0
11-14VB,1,Sum utgifter,100,Investeringer i anleggsmidler,7,"Byrådsavd. for kultur, kirke og idrett",Ikke-avg.fin.,13B,Kommunale idrettstilbud,38010,Idrettsanlegg,IDRETT,Idrettsinvesteringer,17316,GARDEROBEANLEGG/HALL LEIKVANG,80,ÅSANE,0,0,0,0,0
11-14VB,1,Sum utgifter,100,Investeringer i anleggsmidler,7,"Byrådsavd. for kultur, kirke og idrett",Ikke-avg.fin.,13B,Kommunale idrettstilbud,38010,Idrettsanlegg,IDRETT,Idrettsinvesteringer,17316,GARDEROBEANLEGG/HALL LEIKVANG,80,ÅSANE,0,0,0,0,0
11-14VB,1,Sum utgifter,100,Investeringer i anleggsmidler,7,"Byrådsavd. for kultur, kirke og idrett",Ikke-avg.fin.,13B,Kommunale idrettstilbud,38010,Idrettsanlegg,IDRETT,Idrettsinvesteringer,100014,Byggelånsrente idrettsanlegg,90,BYDEKKENDE,"-1 200 000,00",0,0,0,0
11-14VB,1,Sum utgifter,100,Investeringer i anleggsmidler,7,"Byrådsavd. for kultur, kirke og idrett",Ikke-avg.fin.,13B,Kommunale idrettstilbud,38010,Idrettsanlegg,IDRETT,Idrettsinvesteringer,100014,Byggelånsrente idrettsanlegg,90,BYDEKKENDE,"1 200 000,00",0,0,0,0
11-14VB,1,Sum utgifter,100,Investeringer i anleggsmidler,7,"Byrådsavd. for kultur, kirke og idrett",Ikke-avg.fin.,13B,Kommunale idrettstilbud,38010,Idrettsanlegg,IDRETT,Idrettsinvesteringer,100014,Byggelånsrente idrettsanlegg,90,BYDEKKENDE,0,0,0,0,0
11-14VB,1,Sum utgifter,100,Investeringer i anleggsmidler,7,"Byrådsavd. for kultur, kirke og idrett",Ikke-avg.fin.,13B,Kommunale idrettstilbud,38010,Idrettsanlegg,IDRETT,Idrettsinvesteringer,100014,Byggelånsrente idrettsanlegg,90,BYDEKKENDE,0,0,0,0,0
11-14VB,1,Sum utgifter,100,Investeringer i anleggsmidler,7,"Byrådsavd. for kultur, kirke og idrett",Ikke-avg.fin.,13B,Kommunale idrettstilbud,38010,Idrettsanlegg,IDRETT,Idrettsinvesteringer,17282,LANGEVANNET KAJAKKANLEGG,80,ÅSANE,"-23 500 000,00",0,0,0,0
11-14VB,1,Sum utgifter,100,Investeringer i anleggsmidler,7,"Byrådsavd. for kultur, kirke og idrett",Ikke-avg.fin.,13B,Kommunale idrettstilbud,38010,Idrettsanlegg,IDRETT,Idrettsinvesteringer,17282,LANGEVANNET KAJAKKANLEGG,80,ÅSANE,"23 500 000,00",0,0,0,0
11-14VB,1,Sum utgifter,100,Investeringer i anleggsmidler,7,"Byrådsavd. for kultur, kirke og idrett",Ikke-avg.fin.,13B,Kommunale idrettstilbud,38010,Idrettsanlegg,IDRETT,Idrettsinvesteringer,17284,"REHABILITERINGSTILTAK,MINDRE",90,BYDEKKENDE,"8 000 000,00",0,0,0,0
11-14VB,1,Sum utgifter,100,Investeringer i anleggsmidler,7,"Byrådsavd. for kultur, kirke og idrett",Ikke-avg.fin.,13B,Kommunale idrettstilbud,38010,Idrettsanlegg,IDRETT,Idrettsinvesteringer,17284,"REHABILITERINGSTILTAK,MINDRE",90,BYDEKKENDE,"-8 000 000,00",0,0,0,0
11-14VB,1,Sum utgifter,100,Investeringer i anleggsmidler,7,"Byrådsavd. for kultur, kirke og idrett",Ikke-avg.fin.,13B,Kommunale idrettstilbud,38010,Idrettsanlegg,IDRETT,Idrettsinvesteringer,BUD129,Sykkelanlegg Fana/Årstad,30,FANA,"4 300 000,00",0,0,0,0
11-14VB,1,Sum utgifter,100,Investeringer i anleggsmidler,7,"Byrådsavd. for kultur, kirke og idrett",Ikke-avg.fin.,13B,Kommunale idrettstilbud,38010,Idrettsanlegg,IDRETT,Idrettsinvesteringer,BUD129,Sykkelanlegg Fana/Årstad,30,FANA,"-4 300 000,00",0,0,0,0
11-14VB,1,Sum utgifter,100,Investeringer i anleggsmidler,7,"Byrådsavd. for kultur, kirke og idrett",Ikke-avg.fin.,13B,Kommunale idrettstilbud,38010,Idrettsanlegg,IDRETT,Idrettsinvesteringer,BUD133,Garderobebygg,90,BYDEKKENDE,"-5 000 000,00",0,0,0,0
11-14VB,1,Sum utgifter,100,Investeringer i anleggsmidler,7,"Byrådsavd. for kultur, kirke og idrett",Ikke-avg.fin.,13B,Kommunale idrettstilbud,38010,Idrettsanlegg,IDRETT,Idrettsinvesteringer,BUD133,Garderobebygg,90,BYDEKKENDE,"5 000 000,00",0,0,0,0
11-14VB,1,Sum utgifter,100,Investeringer i anleggsmidler,7,"Byrådsavd. for kultur, kirke og idrett",Ikke-avg.fin.,13B,Kommunale idrettstilbud,38010,Idrettsanlegg,IDRETT,Idrettsinvesteringer,BUD133,Garderobebygg,90,BYDEKKENDE,0,0,0,0,0
11-14VB,1,Sum utgifter,100,Investeringer i anleggsmidler,7,"Byrådsavd. for kultur, kirke og idrett",Ikke-avg.fin.,13B,Kommunale idrettstilbud,38010,Idrettsanlegg,IDRETT,Idrettsinvesteringer,BUD133,Garderobebygg,90,BYDEKKENDE,0,0,0,0,0
11-14VB,1,Sum utgifter,100,Investeringer i anleggsmidler,7,"Byrådsavd. for kultur, kirke og idrett",Ikke-avg.fin.,13B,Kommunale idrettstilbud,38010,Idrettsanlegg,IDRETT,Idrettsinvesteringer,BUD166,Sportsskytterlanlegg Fana,90,BYDEKKENDE,"1 000 000,00",0,0,0,0
11-14VB,1,Sum utgifter,100,Investeringer i anleggsmidler,7,"Byrådsavd. for kultur, kirke og idrett",Ikke-avg.fin.,13B,Kommunale idrettstilbud,38010,Idrettsanlegg,IDRETT,Idrettsinvesteringer,BUD166,Sportsskytterlanlegg Fana,90,BYDEKKENDE,"-1 000 000,00",0,0,0,0
11-14VB,1,Sum utgifter,100,Investeringer i anleggsmidler,7,"Byrådsavd. for kultur, kirke og idrett",Ikke-avg.fin.,13B,Kommunale idrettstilbud,38010,Idrettsanlegg,IDRETT,Idrettsinvesteringer,BUD167,Fotballbane Sørås/Ytrebygda,60,YTREBYGDA,0,0,0,0,0
11-14VB,1,Sum utgifter,100,Investeringer i anleggsmidler,7,"Byrådsavd. for kultur, kirke og idrett",Ikke-avg.fin.,13B,Kommunale idrettstilbud,38010,Idrettsanlegg,IDRETT,Idrettsinvesteringer,BUD167,Fotballbane Sørås/Ytrebygda,60,YTREBYGDA,"-4 000 000,00",0,0,0,0
11-14VB,1,Sum utgifter,100,Investeringer i anleggsmidler,7,"Byrådsavd. for kultur, kirke og idrett",Ikke-avg.fin.,13B,Kommunale idrettstilbud,38010,Idrettsanlegg,IDRETT,Idrettsinvesteringer,BUD167,Fotballbane Sørås/Ytrebygda,60,YTREBYGDA,"4 000 000,00",0,0,0,0
11-14VB,1,Sum utgifter,100,Investeringer i anleggsmidler,7,"Byrådsavd. for kultur, kirke og idrett",Ikke-avg.fin.,13B,Kommunale idrettstilbud,38010,Idrettsanlegg,IDRETT,Idrettsinvesteringer,BUD167,Fotballbane Sørås/Ytrebygda,60,YTREBYGDA,0,0,0,0,0
11-14VB,1,Sum utgifter,100,Investeringer i anleggsmidler,7,"Byrådsavd. for kultur, kirke og idrett",Ikke-avg.fin.,13B,Kommunale idrettstilbud,38010,Idrettsanlegg,IDRETT,Idrettsinvesteringer,BUD170,Fotballbane Toppe/Hordvik,80,ÅSANE,"-2 500 000,00",0,0,0,0
11-14VB,1,Sum utgifter,100,Investeringer i anleggsmidler,7,"Byrådsavd. for kultur, kirke og idrett",Ikke-avg.fin.,13B,Kommunale idrettstilbud,38010,Idrettsanlegg,IDRETT,Idrettsinvesteringer,BUD170,Fotballbane Toppe/Hordvik,80,ÅSANE,"-4 000 000,00",0,0,0,0
11-14VB,1,Sum utgifter,100,Investeringer i anleggsmidler,7,"Byrådsavd. for kultur, kirke og idrett",Ikke-avg.fin.,13B,Kommunale idrettstilbud,38010,Idrettsanlegg,IDRETT,Idrettsinvesteringer,BUD170,Fotballbane Toppe/Hordvik,80,ÅSANE,"4 000 000,00",0,0,0,0
11-14VB,1,Sum utgifter,100,Investeringer i anleggsmidler,7,"Byrådsavd. for kultur, kirke og idrett",Ikke-avg.fin.,13B,Kommunale idrettstilbud,38010,Idrettsanlegg,IDRETT,Idrettsinvesteringer,BUD170,Fotballbane Toppe/Hordvik,80,ÅSANE,"2 500 000,00",0,0,0,0
11-14VB,1,Sum utgifter,100,Investeringer i anleggsmidler,7,"Byrådsavd. for kultur, kirke og idrett",Ikke-avg.fin.,13B,Kommunale idrettstilbud,38010,Idrettsanlegg,IDRETT,Idrettsinvesteringer,BUD239,Investeringstiltak ny idrettsplan,90,BYDEKKENDE,0,0,0,0,0
11-14VB,1,Sum utgifter,100,Investeringer i anleggsmidler,7,"Byrådsavd. for kultur, kirke og idrett",Ikke-avg.fin.,13B,Kommunale idrettstilbud,38010,Idrettsanlegg,IDRETT,Idrettsinvesteringer,BUD239,Investeringstiltak ny idrettsplan,90,BYDEKKENDE,0,0,0,0,0
11-14VB,1,Sum utgifter,100,Investeringer i anleggsmidler,7,"Byrådsavd. for kultur, kirke og idrett",Ikke-avg.fin.,13B,Kommunale idrettstilbud,38010,Idrettsanlegg,IDRETT,Idrettsinvesteringer,BUD239,Investeringstiltak ny idrettsplan,90,BYDEKKENDE,0,0,0,0,0
11-14VB,1,Sum utgifter,100,Investeringer i anleggsmidler,7,"Byrådsavd. for kultur, kirke og idrett",Ikke-avg.fin.,13C,Kommunale idrettsbygg og anlegg,38110,Kommunale idrettsbygg- og anlegg,IDRETT,Idrettsinvesteringer,17280,NÆRMILJØANLEGG NYINVEST.,90,BYDEKKENDE,0,0,0,0,0
11-14VB,1,Sum utgifter,100,Investeringer i anleggsmidler,7,"Byrådsavd. for kultur, kirke og idrett",Ikke-avg.fin.,13C,Kommunale idrettsbygg og anlegg,38110,Kommunale idrettsbygg- og anlegg,IDRETT,Idrettsinvesteringer,17280,NÆRMILJØANLEGG NYINVEST.,90,BYDEKKENDE,"3 600 000,00",0,0,0,0
11-14VB,1,Sum utgifter,100,Investeringer i anleggsmidler,7,"Byrådsavd. for kultur, kirke og idrett",Ikke-avg.fin.,13C,Kommunale idrettsbygg og anlegg,38110,Kommunale idrettsbygg- og anlegg,IDRETT,Idrettsinvesteringer,17280,NÆRMILJØANLEGG NYINVEST.,90,BYDEKKENDE,"1 400 000,00",0,0,0,0
11-14VB,1,Sum utgifter,100,Investeringer i anleggsmidler,7,"Byrådsavd. for kultur, kirke og idrett",Ikke-avg.fin.,13C,Kommunale idrettsbygg og anlegg,38110,Kommunale idrettsbygg- og anlegg,IDRETT,Idrettsinvesteringer,17280,NÆRMILJØANLEGG NYINVEST.,90,BYDEKKENDE,0,0,0,0,0
11-14VB,1,Sum utgifter,100,Investeringer i anleggsmidler,7,"Byrådsavd. for kultur, kirke og idrett",Ikke-avg.fin.,13C,Kommunale idrettsbygg og anlegg,38110,Kommunale idrettsbygg- og anlegg,IDRETT,Idrettsinvesteringer,17317,KJØP AV MASKINER,90,BYDEKKENDE,0,0,0,0,0
11-14VB,1,Sum utgifter,100,Investeringer i anleggsmidler,7,"Byrådsavd. for kultur, kirke og idrett",Ikke-avg.fin.,13C,Kommunale idrettsbygg og anlegg,38110,Kommunale idrettsbygg- og anlegg,IDRETT,Idrettsinvesteringer,17317,KJØP AV MASKINER,90,BYDEKKENDE,"600 000,00",0,0,0,0
11-14VB,1,Sum utgifter,100,Investeringer i anleggsmidler,7,"Byrådsavd. for kultur, kirke og idrett",Ikke-avg.fin.,13C,Kommunale idrettsbygg og anlegg,38110,Kommunale idrettsbygg- og anlegg,IDRETT,Idrettsinvesteringer,17336,Tomteinnløsninger idrett,90,BYDEKKENDE,0,0,0,0,0
11-14VB,1,Sum utgifter,100,Investeringer i anleggsmidler,7,"Byrådsavd. for kultur, kirke og idrett",Ikke-avg.fin.,13C,Kommunale idrettsbygg og anlegg,38110,Kommunale idrettsbygg- og anlegg,IDRETT,Idrettsinvesteringer,17336,Tomteinnløsninger idrett,90,BYDEKKENDE,"3 000 000,00",0,0,0,0
11-14VB,1,Sum utgifter,100,Investeringer i anleggsmidler,7,"Byrådsavd. for kultur, kirke og idrett",Ikke-avg.fin.,13C,Kommunale idrettsbygg og anlegg,38110,Kommunale idrettsbygg- og anlegg,IDRETT,Idrettsinvesteringer,17398,Vannsportanlegg,90,BYDEKKENDE,"5 000 000,00",0,0,0,0
11-14VB,1,Sum utgifter,100,Investeringer i anleggsmidler,7,"Byrådsavd. for kultur, kirke og idrett",Ikke-avg.fin.,13C,Kommunale idrettsbygg og anlegg,38110,Kommunale idrettsbygg- og anlegg,IDRETT,Idrettsinvesteringer,17262,PROSJEKTERING GRUNNUNDERSØKELS,90,BYDEKKENDE,"2 000 000,00",0,0,0,0
11-14VB,1,Sum utgifter,100,Investeringer i anleggsmidler,7,"Byrådsavd. for kultur, kirke og idrett",Ikke-avg.fin.,13C,Kommunale idrettsbygg og anlegg,38110,Kommunale idrettsbygg- og anlegg,IDRETT,Idrettsinvesteringer,17262,PROSJEKTERING GRUNNUNDERSØKELS,90,BYDEKKENDE,0,0,0,0,0
11-14VB,1,Sum utgifter,100,Investeringer i anleggsmidler,7,"Byrådsavd. for kultur, kirke og idrett",Ikke-avg.fin.,13C,Kommunale idrettsbygg og anlegg,38110,Kommunale idrettsbygg- og anlegg,IDRETT,Idrettsinvesteringer,BUD170,Fotballbane Toppe/Hordvik,80,ÅSANE,0,0,0,0,0
11-14VB,1,Sum utgifter,100,Investeringer i anleggsmidler,7,"Byrådsavd. for kultur, kirke og idrett",Ikke-avg.fin.,13C,Kommunale idrettsbygg og anlegg,38110,Kommunale idrettsbygg- og anlegg,IDRETT,Idrettsinvesteringer,BUD240,Utskifting av toppdekke kunstgressbaner,90,BYDEKKENDE,0,0,0,0,0
11-14VB,1,Sum utgifter,100,Investeringer i anleggsmidler,7,"Byrådsavd. for kultur, kirke og idrett",Ikke-avg.fin.,13C,Kommunale idrettsbygg og anlegg,38110,Kommunale idrettsbygg- og anlegg,FYIDRHAL,Fyllingsdalen idrettshall,BUD304,Fyllingsdalen idrettshall påbygg,40,FYLLINGSDALEN,0,0,0,0,0
11-14VB,1,Sum utgifter,100,Investeringer i anleggsmidler,7,"Byrådsavd. for kultur, kirke og idrett",Ikke-avg.fin.,13C,Kommunale idrettsbygg og anlegg,38110,Kommunale idrettsbygg- og anlegg,IDRETT,Idrettsinvesteringer,BUD305,Myrdal Flerbrukhall,80,ÅSANE,0,0,0,0,0
11-14VB,1,Sum utgifter,100,Investeringer i anleggsmidler,7,"Byrådsavd. for kultur, kirke og idrett",Ikke-avg.fin.,13C,Kommunale idrettsbygg og anlegg,38110,Kommunale idrettsbygg- og anlegg,IDRETT,Idrettsinvesteringer,BUD306,Byarena,90,BYDEKKENDE,0,0,0,0,0
11-14VB,1,Sum utgifter,100,Investeringer i anleggsmidler,7,"Byrådsavd. for kultur, kirke og idrett",Ikke-avg.fin.,13C,Kommunale idrettsbygg og anlegg,38110,Kommunale idrettsbygg- og anlegg,IDRETT,Idrettsinvesteringer,BUD307,Ishall Myrdal,80,ÅSANE,0,0,0,0,0
11-14VB,1,Sum utgifter,100,Investeringer i anleggsmidler,7,"Byrådsavd. for kultur, kirke og idrett",Ikke-avg.fin.,13C,Kommunale idrettsbygg og anlegg,38110,Kommunale idrettsbygg- og anlegg,IDRETT,Idrettsinvesteringer,BUD308,Espeland idrettsplass -oppjust. fotballbane,10,ARNA,0,0,0,0,0
