"vurderingid";"created";"nettstednavn";"url";"poeng";"maxpoeng";"snittprosent";"stjerner";"tilgang_poeng";"tilgang_maxpoeng";"brukertilpass_poeng";"brukertilpass_maxpoeng";"nyttig_poeng";"nyttig_maxpoeng"
"17555";"03/07/2013 11:32:57";"Agdenes kommune";"http://www.agdenes.kommune.no/";"54";"100";"54";"3";"19";"36";"19";"29";"16";"35"
"17575";"03/08/2013 11:39:40";"Akershus fylkeskommune";"http://www.akershus.no/";"73";"100";"73";"5";"28";"36";"29";"29";"16";"35"
"17585";"03/09/2013 08:25:23";"Akershus universitetssykehus HF";"http://www.ahus.no";"43";"100";"43";"3";"10";"36";"18";"29";"15";"35"
"17595";"03/09/2013 11:47:35";"Alstahaug kommune";"http://www.alstahaug.kommune.no/";"71";"100";"71";"5";"25";"36";"28";"29";"18";"35"
"17605";"03/11/2013 07:08:02";"Alta kommune";"http://www.alta.kommune.no";"73";"100";"73";"5";"26";"36";"19";"29";"28";"35"
"17635";"03/12/2013 08:45:08";"Alvdal kommune";"http://www.alvdal.kommune.no";"43";"100";"43";"3";"18";"36";"16";"29";"9";"35"
"17695";"03/15/2013 09:55:44";"Andebu kommune";"http://www.andebu.kommune.no";"74";"100";"74";"5";"27";"36";"22";"29";"25";"35"
"17705";"03/15/2013 18:45:46";"Andøy kommune";"http://www.andoy.net/";"51";"100";"51";"3";"22";"36";"22";"29";"7";"35"
"18177";"04/20/2013 17:52:14";"Arbeids- og velferdsetaten";"http://www.nav.no/";"77";"100";"77";"5";"34";"36";"21";"29";"22";"35"
"17675";"03/14/2013 15:10:28";"Arbeidsdepartementet";"http://www.regjeringen.no/nb/dep/ad.html";"73";"100";"73";"5";"27";"36";"27";"29";"19";"35"
"18728";"05/26/2013 13:23:17";"Arbeidstilsynet";"http://www.arbeidstilsynet.no/";"57";"100";"57";"3";"21";"36";"14";"29";"22";"35"
"17725";"03/16/2013 13:59:24";"Aremark kommune";"http://www.aremark.kommune.no";"68";"100";"68";"4";"21";"36";"25";"29";"22";"35"
"17736";"03/16/2013 16:35:08";"Arendal kommune";"http://www.arendal.kommune.no/";"69";"100";"69";"4";"20";"36";"23";"29";"26";"35"
"19012";"06/20/2013 15:27:46";"Arkitektur- og designhøgskolen i Oslo";"http://www.aho.no/";"58";"100";"58";"4";"18";"36";"20";"29";"20";"35"
"18729";"05/26/2013 15:12:33";"Asker kommune";"http://www.asker.kommune.no/";"74";"100";"74";"5";"20";"36";"23";"29";"31";"35"
"17726";"03/16/2013 14:00:34";"Askim kommune";"http://www.askim.kommune.no";"81";"100";"81";"6";"25";"36";"25";"29";"31";"35"
"18071";"04/11/2013 12:28:26";"Askvoll kommune";"http://www.askvoll.kommune.no/";"64";"100";"64";"4";"25";"36";"16";"29";"23";"35"
"18730";"05/26/2013 16:47:57";"Askøy kommune";"http://www.askoy.kommune.no/";"52";"100";"52";"3";"11";"36";"15";"29";"26";"35"
"17745";"03/17/2013 09:39:06";"Audnedal kommune";"http://www.audnedal.kommune.no/";"42";"100";"42";"2";"12";"36";"15";"29";"15";"35"
"17755";"03/18/2013 10:32:32";"Aukra kommune";"http://www.aukra.kommune.no/";"33";"100";"33";"2";"11";"36";"12";"29";"10";"35"
"17765";"03/18/2013 14:04:50";"Aure kommune";"http://www.aure.kommune.no/";"88";"100";"88";"6";"34";"36";"21";"29";"33";"35"
"18045";"04/10/2013 10:37:03";"Aurland kommune";"http://www.aurland.kommune.no";"85";"100";"85";"6";"31";"36";"26";"29";"28";"35"
"17775";"03/18/2013 16:16:16";"Aurskog-Høland kommune";"http://www.aurskog-holand.kommune.no/";"68";"100";"68";"4";"27";"36";"21";"29";"20";"35"
"17785";"03/18/2013 19:55:51";"Aust-Agder fylkeskommune";"http://www.austagderfk.no/";"69";"100";"69";"4";"20";"36";"24";"29";"25";"35"
"17795";"03/19/2013 07:54:33";"Austevoll kommune";"http://www.austevoll.kommune.no/";"54";"100";"54";"3";"23";"36";"13";"29";"18";"35"
"17805";"03/19/2013 11:53:20";"Austrheim kommune";"http://www.austrheim.kommune.no";"53";"100";"53";"3";"25";"36";"16";"29";"12";"35"
"17825";"03/20/2013 09:03:49";"Averøy kommune";"http://www.averoy.kommune.no/";"71";"100";"71";"5";"28";"36";"20";"29";"23";"35"
"18186";"04/20/2013 19:04:11";"Avinor";"http://www.avinor.no";"66";"100";"66";"4";"23";"36";"21";"29";"22";"35"
"17645";"03/12/2013 09:14:53";"Balestrand kommune";"http://www.balestrand.kommune.no";"66";"100";"66";"4";"24";"36";"24";"29";"18";"35"
"17925";"04/03/2013 08:40:11";"Ballangen kommune";"http://www.ballangen.kommune.no/";"44";"100";"44";"3";"21";"36";"15";"29";"8";"35"
"17935";"04/03/2013 13:43:53";"Balsfjord kommune";"http://www.balsfjord.kommune.no/";"80";"100";"80";"6";"30";"36";"25";"29";"25";"35"
"17945";"04/03/2013 20:13:25";"Bamble kommune";"http://www.bamble.kommune.no/";"55";"100";"55";"3";"19";"36";"19";"29";"17";"35"
"17955";"04/05/2013 08:49:33";"Bardu kommune";"http://www.bardu.kommune.no/";"52";"100";"52";"3";"21";"36";"19";"29";"12";"35"
"18973";"06/14/2013 21:18:44";"Barne-, likestillings- og inkluderingsdepartementet";"http://www.regjeringen.no/nb/dep/bld.html";"72";"100";"72";"5";"27";"36";"26";"29";"19";"35"
"19013";"06/20/2013 15:27:54";"Barne-, ungdoms- og familiedirektoratet";"http://www.bufetat.no";"64";"100";"64";"4";"21";"36";"25";"29";"18";"35"
"17959";"04/05/2013 12:02:58";"Barneombudet";"http://www.barneombudet.no/";"47";"100";"47";"3";"15";"36";"17";"29";"15";"35"
"17965";"04/06/2013 12:11:54";"Beiarn kommune";"http://www.beiarn.kommune.no";"32";"100";"32";"2";"12";"36";"12";"29";"8";"35"
"17975";"04/06/2013 15:35:29";"Berg kommune";"http://www.berg.kommune.no";"54";"100";"54";"3";"23";"36";"21";"29";"10";"35"
"17985";"04/07/2013 09:00:29";"Bergen kommune";"http://www.bergen.kommune.no/";"71";"100";"71";"5";"22";"36";"20";"29";"29";"35"
"17995";"04/07/2013 11:33:00";"Berlevåg kommune";"http://www.berlevag.kommune.no";"47";"100";"47";"3";"17";"36";"18";"29";"12";"35"
"18005";"04/08/2013 08:08:07";"Bindal kommune";"http://www.bindal.kommune.no";"50";"100";"50";"3";"20";"36";"19";"29";"11";"35"
"18544";"05/08/2013 15:38:04";"Bioforsk";"http://www.bioforsk.no";"56";"100";"56";"3";"18";"36";"18";"29";"20";"35"
"18735";"05/27/2013 09:32:36";"Bioteknologinemnda";"http://www.bion.no/";"67";"100";"67";"4";"16";"36";"23";"29";"28";"35"
"18012";"04/08/2013 10:13:11";"Birkenes kommune";"http://www.birkenes.kommune.no/";"66";"100";"66";"4";"22";"36";"22";"29";"22";"35"
"18014";"04/08/2013 12:03:03";"Bjerkreim kommune";"http://www.bjerkreim.kommune.no";"50";"100";"50";"3";"15";"36";"19";"29";"16";"35"
"18025";"04/09/2013 09:39:12";"Bjugn kommune";"http://www.bjugn.kommune.no/";"58";"100";"58";"4";"20";"36";"17";"29";"21";"35"
"18056";"04/11/2013 08:06:14";"Bodø kommune";"http://www.bodo.kommune.no";"64";"100";"64";"4";"26";"36";"19";"29";"19";"35"
"18731";"05/26/2013 20:46:24";"Bokn kommune";"http://www.bokn.kommune.no";"45";"100";"45";"3";"18";"36";"16";"29";"11";"35"
"18010";"04/08/2013 09:24:30";"Bremanger kommune";"http://www.bremanger.kommune.no/";"61";"100";"61";"4";"20";"36";"17";"29";"24";"35"
"18006";"04/08/2013 08:09:15";"Brønnøy kommune";"http://www.bronnoy.kommune.no/";"53";"100";"53";"3";"23";"36";"18";"29";"12";"35"
"18733";"05/26/2013 21:50:22";"Brønnøysundregistrene";"http://www.brreg.no";"60";"100";"60";"4";"15";"36";"16";"29";"29";"35"
"18070";"04/11/2013 11:38:49";"Buskerud fylkeskommune";"http://www.bfk.no";"60";"100";"60";"4";"21";"36";"22";"29";"17";"35"
"18076";"04/12/2013 09:35:35";"Bygland kommune";"http://www.bygland.kommune.no/";"29";"100";"29";"1";"11";"36";"10";"29";"8";"35"
"18077";"04/12/2013 11:15:59";"Bykle kommune";"http://www.bykle.kommune.no";"49";"100";"49";"3";"15";"36";"13";"29";"21";"35"
"18086";"04/12/2013 14:17:07";"Bærum kommune";"http://www.baerum.kommune.no/";"77";"100";"77";"5";"24";"36";"24";"29";"29";"35"
"18052";"04/10/2013 12:23:38";"Bø kommune (Telemark)";"http://www.bokommune.no/";"72";"100";"72";"5";"28";"36";"20";"29";"24";"35"
"18096";"04/12/2013 15:33:49";"Bø kommune (Vesterålen)";"http://www.boe.kommune.no/";"32";"100";"32";"2";"17";"36";"11";"29";"4";"35"
"18106";"04/13/2013 10:52:13";"Bømlo kommune";"http://www.bomlo.kommune.no";"59";"100";"59";"4";"23";"36";"16";"29";"20";"35"
"18116";"04/13/2013 18:47:48";"Båtsfjord kommune";"http://www.batsfjord.kommune.no/";"46";"100";"46";"3";"23";"36";"16";"29";"7";"35"
"18738";"05/27/2013 12:30:59";"Datatilsynet";"http://www.datatilsynet.no";"67";"100";"69";"4";"18";"36";"28";"29";"21";"35"
"19014";"06/20/2013 15:28:08";"Direktoratet for byggkvalitet";"http://www.dibk.no";"54";"100";"54";"3";"17";"36";"18";"29";"19";"35"
"18117";"04/13/2013 19:36:33";"Direktoratet for forvaltning og IKT";"http://www.difi.no/";"76";"100";"76";"5";"26";"36";"25";"29";"25";"35"
"18741";"05/28/2013 10:28:18";"Direktoratet for mineralforvaltning (Bergmesteren Svalbard)";"http://www.dirmin.no";"28";"100";"28";"1";"8";"36";"9";"29";"11";"35"
"18743";"05/28/2013 12:22:51";"Direktoratet for nødkommunikasjon";"http://www.dinkom.no/";"64";"100";"64";"4";"24";"36";"26";"29";"14";"35"
"18745";"05/28/2013 13:44:03";"Direktoratet for samfunnssikkerhet og beredskap";"http://www.dsb.no/";"62";"100";"62";"4";"16";"36";"20";"29";"26";"35"
"18746";"05/28/2013 17:11:54";"Direktoratet for utviklingssamarbeid - Norad";"http://www.norad.no/";"64";"100";"64";"4";"20";"36";"18";"29";"26";"35"
"18737";"05/27/2013 11:09:12";"Domstolene i Norge";"http://www.domstol.no/";"57";"100";"57";"3";"25";"36";"15";"29";"17";"35"
"18050";"04/10/2013 12:21:36";"Dovre kommune";"http://www.dovre.kommune.no";"52";"100";"52";"3";"19";"36";"15";"29";"18";"35"
"18732";"05/26/2013 20:47:09";"Drammen kommune";"http://www.drammen.kommune.no/";"69";"100";"69";"4";"25";"36";"25";"29";"19";"35"
"17958";"04/05/2013 08:51:59";"Drangedal kommune";"http://www.drangedal.kommune.no/";"56";"100";"56";"3";"22";"36";"19";"29";"15";"35"
"18126";"04/15/2013 08:17:02";"Dyrøy kommune";"http://www.dyroy.kommune.no";"65";"100";"65";"4";"25";"36";"22";"29";"18";"35"
"18131";"04/15/2013 09:57:43";"Dønna kommune";"http://www.donna.kommune.no/";"59";"100";"59";"4";"28";"36";"21";"29";"10";"35"
"18296";"04/24/2013 12:19:19";"Eid kommune";"http://www.eid.kommune.no/";"54";"100";"54";"3";"19";"36";"15";"29";"20";"35"
"18132";"04/15/2013 10:48:24";"Eide kommune";"http://www.eide.kommune.no/";"69";"100";"69";"4";"33";"36";"17";"29";"19";"35"
"18138";"04/16/2013 08:31:16";"Eidfjord kommune";"http://www.eidfjord.kommune.no";"73";"100";"73";"5";"27";"36";"18";"29";"28";"35"
"17727";"03/16/2013 14:01:10";"Eidsberg kommune";"http://www.eidsberg.kommune.no";"67";"100";"67";"4";"22";"36";"24";"29";"21";"35"
"18139";"04/16/2013 09:51:34";"Eidskog kommune";"http://www.eidskog.kommune.no/";"59";"100";"59";"4";"25";"36";"11";"29";"23";"35"
"17906";"03/28/2013 22:39:54";"Eidsvoll kommune";"http://www.eidsvoll.kommune.no/";"71";"100";"71";"5";"25";"36";"22";"29";"24";"35"
"18140";"04/16/2013 11:17:35";"Eigersund kommune";"http://www.eigersund.kommune.no/";"77";"100";"77";"5";"27";"36";"25";"29";"25";"35"
"18141";"04/16/2013 12:01:43";"Elverum kommune";"http://www.elverum.kommune.no/";"66";"100";"66";"4";"26";"36";"16";"29";"24";"35"
"18142";"04/16/2013 13:17:00";"Enebakk kommune";"http://www.enebakk.kommune.no/";"54";"100";"54";"3";"20";"36";"16";"29";"18";"35"
"18149";"04/18/2013 08:03:17";"Engerdal kommune";"http://www.engerdal.kommune.no/";"59";"100";"59";"4";"21";"36";"17";"29";"21";"35"
"18859";"06/06/2013 16:19:33";"Enøk-sentrene i Norge";"http://www.enok.no/";"44";"100";"44";"3";"11";"36";"10";"29";"23";"35"
"18152";"04/18/2013 10:21:24";"Etne kommune";"http://www.etne.kommune.no/";"67";"100";"67";"4";"27";"36";"22";"29";"18";"35"
"18153";"04/18/2013 12:09:31";"Etnedal kommune";"http://www.etnedal.kommune.no/";"59";"100";"59";"4";"24";"36";"15";"29";"20";"35"
"18196";"04/21/2013 09:35:40";"Evenes kommune";"http://www.evenes.kommune.no";"51";"100";"51";"3";"15";"36";"16";"29";"20";"35"
"18206";"04/21/2013 11:27:25";"Evje og Hornnes kommune";"http://www.e-h.kommune.no";"63";"100";"63";"4";"28";"36";"20";"29";"15";"35"
"17915";"03/30/2013 20:28:24";"Farsund kommune";"http://www.farsund.kommune.no/";"42";"100";"42";"2";"13";"36";"14";"29";"15";"35"
"18216";"04/21/2013 17:24:55";"Fauske kommune";"http://www.fauske.kommune.no/";"56";"100";"56";"3";"19";"36";"17";"29";"20";"35"
"18269";"04/23/2013 14:57:37";"Fedje kommune";"http://www.fedje.kommune.no/";"53";"100";"53";"3";"22";"36";"15";"29";"16";"35"
"18236";"04/22/2013 08:01:53";"Fet kommune";"http://www.fet.kommune.no/";"54";"100";"54";"3";"17";"36";"14";"29";"23";"35"
"18975";"06/14/2013 22:14:09";"Finansdepartementet";"http://www.regjeringen.no/nb/dep/fin.html";"71";"100";"71";"5";"25";"36";"27";"29";"19";"35"
"18739";"05/27/2013 14:01:29";"Finanstilsynet";"http://www.finanstilsynet.no/";"68";"100";"68";"4";"22";"36";"24";"29";"22";"35"
"18747";"05/28/2013 20:28:43";"Finnmark fylkeskommune / Finnmárkku fylkkagielda";"http://www.ffk.no/";"69";"100";"69";"4";"26";"36";"23";"29";"20";"35"
"18249";"04/22/2013 10:44:45";"Finnøy kommune";"http://www.finnoy.kommune.no";"45";"100";"45";"3";"15";"36";"12";"29";"18";"35"
"18983";"06/16/2013 22:55:30";"Fiskeri- og kystdepartementet";"http://www.regjeringen.no/nb/dep/fkd";"69";"100";"69";"4";"25";"36";"26";"29";"18";"35"
"18861";"06/06/2013 17:52:33";"Fiskeridirektoratet";"http://www.fiskeridir.no/";"74";"100";"74";"5";"24";"36";"23";"29";"27";"35"
"18251";"04/22/2013 12:40:48";"Fitjar kommune";"http://www.fitjar.kommune.no";"45";"100";"45";"3";"13";"36";"12";"29";"20";"35"
"18055";"04/10/2013 12:33:56";"Fjaler kommune";"http://www.fjaler.kommune.no/";"80";"100";"80";"6";"28";"36";"22";"29";"30";"35"
"18252";"04/22/2013 13:47:38";"Fjell kommune";"http://www.fjell.kommune.no";"72";"100";"72";"5";"25";"36";"25";"29";"22";"35"
"18220";"04/21/2013 18:24:15";"Flakstad kommune";"http://www.flakstad.kommune.no/";"18";"100";"18";"1";"8";"36";"7";"29";"3";"35"
"18253";"04/22/2013 14:37:10";"Flatanger kommune";"http://www.flatanger.kommune.no";"49";"100";"49";"3";"19";"36";"16";"29";"14";"35"
"17916";"03/30/2013 20:28:38";"Flekkefjord kommune";"http://www.flekkefjord.kommune.no";"35";"100";"35";"2";"8";"36";"14";"29";"13";"35"
"18169";"04/19/2013 10:11:04";"Flesberg kommune";"http://www.flesberg.kommune.no/";"54";"100";"54";"3";"23";"36";"16";"29";"15";"35"
"18698";"05/25/2013 16:08:42";"Flora kommune";"http://www.flora.kommune.no";"80";"100";"80";"6";"32";"36";"24";"29";"24";"35"
"17893";"03/25/2013 16:30:05";"Flå kommune";"http://www.flaa.kommune.no/";"56";"100";"56";"3";"21";"36";"18";"29";"17";"35"
"17655";"03/12/2013 12:01:39";"Folldal kommune";"http://www.folldal.kommune.no/";"43";"100";"43";"3";"18";"36";"17";"29";"8";"35"
"18256";"04/23/2013 08:16:57";"Forbrukerombudet";"http://www.forbrukerombudet.no/";"65";"100";"65";"4";"20";"36";"19";"29";"26";"35"
"18862";"06/06/2013 22:09:32";"Forbrukerrådet";"http://www.forbrukerradet.no";"60";"100";"60";"4";"24";"36";"20";"29";"16";"35"
"18872";"06/07/2013 07:13:53";"Forbrukertvistutvalget";"http://www.forbrukertvistutvalget.no/";"59";"100";"59";"4";"17";"36";"17";"29";"25";"35"
"18873";"06/07/2013 08:19:12";"Forliksrådet";"http://www.forliksradet.no/";"35";"100";"35";"2";"16";"36";"10";"29";"9";"35"
"18984";"06/16/2013 22:55:36";"Fornyings-, administrasjons- og kirkedepartementet";"http://www.regjeringen.no/nb/dep/fad";"75";"100";"75";"5";"26";"36";"27";"29";"22";"35"
"18756";"05/29/2013 07:53:30";"Forsand kommune";"http://www.forsand.kommune.no";"72";"100";"72";"5";"25";"36";"27";"29";"20";"35"
"18874";"06/07/2013 09:22:32";"Forskning.no";"http://www.forskning.no";"61";"100";"61";"4";"12";"36";"18";"29";"31";"35"
"18876";"06/07/2013 16:41:02";"Forskningsetiske komiteer";"http://www.etikkom.no";"75";"100";"75";"5";"26";"36";"24";"29";"25";"35"
"18856";"06/06/2013 10:27:31";"Forsvaret";"http://www.forsvaret.no";"69";"100";"69";"4";"22";"36";"25";"29";"22";"35"
"18952";"06/14/2013 07:23:48";"Forsvarets forskningsinstitutt";"http://www.ffi.no";"43";"100";"43";"3";"10";"36";"18";"29";"15";"35"
"18985";"06/16/2013 22:55:41";"Forsvarsdepartementet";"http://www.regjeringen.no/nb/dep/fd";"71";"100";"71";"5";"27";"36";"27";"29";"17";"35"
"18257";"04/23/2013 09:32:57";"Fosnes kommune";"http://www.fosnes.kommune.no/";"52";"100";"52";"3";"23";"36";"19";"29";"10";"35"
"18266";"04/23/2013 12:39:33";"Fredrikstad kommune";"http://www.fredrikstad.kommune.no/";"69";"100";"69";"4";"22";"36";"22";"29";"25";"35"
"18267";"04/23/2013 13:28:08";"Fritt sykehusvalg";"http://www.frittsykehusvalg.no/";"67";"100";"67";"4";"23";"36";"18";"29";"26";"35"
"18268";"04/23/2013 14:21:27";"Frogn kommune";"http://www.frogn.kommune.no/";"76";"100";"76";"5";"22";"36";"25";"29";"29";"35"
"18276";"04/24/2013 08:26:21";"Froland kommune";"http://www.froland.kommune.no/";"69";"100";"69";"4";"25";"36";"22";"29";"22";"35"
"17895";"03/27/2013 15:42:27";"Frosta kommune";"http://www.frosta.kommune.no/";"59";"100";"59";"4";"18";"36";"14";"29";"27";"35"
"18229";"04/21/2013 19:33:51";"Fræna kommune";"http://www.frana.kommune.no";"70";"100";"70";"5";"27";"36";"19";"29";"24";"35"
"18277";"04/24/2013 09:35:16";"Frøya kommune";"http://www.froya.kommune.no/";"37";"100";"37";"2";"15";"36";"12";"29";"10";"35"
"18286";"04/24/2013 10:51:21";"Fusa kommune";"http://www.fusa.kommune.no/";"55";"100";"55";"3";"22";"36";"14";"29";"19";"35"
"18699";"05/25/2013 17:31:18";"Fylkesmannen i Aust-Agder";"http://www.fylkesmannen.no/AA";"55";"100";"55";"3";"15";"36";"23";"29";"17";"35"
"18700";"05/25/2013 17:31:30";"Fylkesmannen i Buskerud";"http://www.fylkesmannen.no/Buskerud";"53";"100";"53";"3";"17";"36";"23";"29";"13";"35"
"18701";"05/25/2013 17:31:43";"Fylkesmannen i Finnmark";"http://www.fylkesmannen.no/Finnmark";"60";"100";"60";"4";"15";"36";"24";"29";"21";"35"
"18702";"05/25/2013 17:31:55";"Fylkesmannen i Hedmark";"http://www.fylkesmannen.no/hedmark";"65";"100";"65";"4";"17";"36";"24";"29";"24";"35"
"18703";"05/25/2013 17:32:13";"Fylkesmannen i Hordaland";"http://www.fylkesmannen.no/hordaland";"47";"100";"47";"3";"13";"36";"18";"29";"16";"35"
"18704";"05/25/2013 17:32:34";"Fylkesmannen i Møre og Romsdal";"http://www.fylkesmannen.no/mr";"49";"100";"49";"3";"13";"36";"21";"29";"15";"35"
"18705";"05/25/2013 17:32:48";"Fylkesmannen i Nordland";"http://www.fylkesmannen.no/nordland";"58";"100";"58";"4";"17";"36";"19";"29";"22";"35"
"18706";"05/25/2013 17:33:00";"Fylkesmannen i Nord-Trøndelag";"http://www.fylkesmannen.no/nt";"61";"100";"61";"4";"15";"36";"24";"29";"22";"35"
"18707";"05/25/2013 17:33:15";"Fylkesmannen i Oppland";"http://www.fylkesmannen.no/oppland";"61";"100";"61";"4";"15";"36";"23";"29";"23";"35"
"18708";"05/25/2013 17:33:37";"Fylkesmannen i Oslo og Akershus";"http://www.fylkesmannen.no/OsloOgAkershus";"60";"100";"60";"4";"17";"36";"22";"29";"21";"35"
"18709";"05/25/2013 17:33:50";"Fylkesmannen i Rogaland";"http://www.fylkesmannen.no/Rogaland";"51";"100";"51";"3";"15";"36";"16";"29";"20";"35"
"18710";"05/25/2013 17:34:01";"Fylkesmannen i Sogn og Fjordane";"http://www.fylkesmannen.no/sfj";"60";"100";"60";"4";"13";"36";"23";"29";"24";"35"
"18711";"05/25/2013 17:34:12";"Fylkesmannen i Sør-Trøndelag";"http://www.fylkesmannen.no/st";"61";"100";"61";"4";"17";"36";"23";"29";"21";"35"
"18712";"05/25/2013 17:34:26";"Fylkesmannen i Telemark";"http://www.fylkesmannen.no/telemark";"58";"100";"58";"4";"15";"36";"23";"29";"20";"35"
"18713";"05/25/2013 17:34:45";"Fylkesmannen i Troms";"http://www.fylkesmannen.no/troms";"52";"100";"52";"3";"13";"36";"23";"29";"16";"35"
"18714";"05/25/2013 17:34:57";"Fylkesmannen i Vest-Agder";"http://www.fylkesmannen.no/va";"60";"100";"60";"4";"18";"36";"23";"29";"19";"35"
"18715";"05/25/2013 17:35:08";"Fylkesmannen i Vestfold";"http://www.fylkesmannen.no/vestfold";"62";"100";"62";"4";"15";"36";"23";"29";"24";"35"
"18716";"05/25/2013 17:35:19";"Fylkesmannen i Østfold";"http://www.fylkesmannen.no/Ostfold";"60";"100";"60";"4";"15";"36";"23";"29";"22";"35"
"17877";"03/25/2013 13:38:41";"Fyresdal kommune";"http://www.fyresdal.kommune.no/";"57";"100";"57";"3";"21";"36";"14";"29";"22";"35"
"18066";"04/11/2013 10:06:41";"Førde kommune";"http://www.forde.kommune.no";"79";"100";"79";"5";"27";"36";"21";"29";"31";"35"
"18300";"04/24/2013 12:37:27";"Gamvik kommune";"http://www.gamvik.kommune.no/";"43";"100";"43";"3";"18";"36";"20";"29";"5";"35"
"18151";"04/18/2013 09:41:44";"Gaular kommune";"http://www.gaular.kommune.no/";"64";"100";"64";"4";"25";"36";"17";"29";"22";"35"
"18172";"04/19/2013 10:13:54";"Gausdal kommune";"http://www.gausdal.kommune.no/";"79";"100";"79";"5";"28";"36";"26";"29";"25";"35"
"18301";"04/24/2013 13:30:20";"Gildeskål kommune";"http://www.gildeskal.kommune.no/";"55";"100";"55";"3";"23";"36";"18";"29";"14";"35"
"18316";"04/25/2013 09:09:10";"Giske kommune";"http://www.giske.kommune.no/";"55";"100";"55";"3";"26";"36";"14";"29";"15";"35"
"18228";"04/21/2013 19:33:37";"Gjemnes kommune";"http://www.gjemnes.kommune.no/";"61";"100";"61";"4";"26";"36";"16";"29";"19";"35"
"17907";"03/28/2013 22:40:04";"Gjerdrum kommune";"http://www.gjerdrum.kommune.no";"74";"100";"74";"5";"25";"36";"24";"29";"25";"35"
"18324";"04/25/2013 14:18:09";"Gjerstad kommune";"http://www.gjerstad.kommune.no";"58";"100";"58";"4";"24";"36";"18";"29";"16";"35"
"18336";"04/26/2013 08:48:29";"Gjesdal kommune";"http://www.gjesdal.kommune.no/";"59";"100";"59";"4";"17";"36";"18";"29";"24";"35"
"18343";"04/26/2013 10:01:50";"Gjøvik kommune";"http://www.gjovik.kommune.no";"48";"100";"48";"3";"11";"36";"15";"29";"22";"35"
"18248";"04/22/2013 09:46:06";"Gloppen kommune";"http://www.gloppen.kommune.no";"57";"100";"57";"3";"18";"36";"15";"29";"24";"35"
"17891";"03/25/2013 16:29:06";"Gol kommune";"http://www.gol.kommune.no/";"67";"100";"67";"4";"24";"36";"21";"29";"22";"35"
"18344";"04/26/2013 10:54:26";"Gran kommune";"http://www.gran.kommune.no";"64";"100";"64";"4";"24";"36";"18";"29";"22";"35"
"18346";"04/26/2013 13:55:33";"Grane kommune";"http://www.grane.kommune.no";"52";"100";"52";"3";"14";"36";"20";"29";"18";"35"
"18347";"04/26/2013 15:08:57";"Granvin herad";"http://www.granvin.kommune.no/";"49";"100";"49";"3";"22";"36";"13";"29";"14";"35"
"18757";"05/29/2013 08:58:10";"Gratangen kommune";"http://www.gratangen.kommune.no/";"63";"100";"63";"4";"23";"36";"21";"29";"19";"35"
"18356";"04/27/2013 07:09:03";"Grimstad kommune";"http://www.grimstad.kommune.no/";"78";"100";"78";"5";"27";"36";"23";"29";"28";"35"
"18163";"04/18/2013 16:10:39";"Grong kommune";"http://www.grong.kommune.no/";"43";"100";"43";"3";"11";"36";"13";"29";"19";"35"
"18357";"04/27/2013 09:08:05";"Grue kommune";"http://www.grue.kommune.no";"60";"100";"60";"4";"24";"36";"23";"29";"13";"35"
"18035";"04/10/2013 09:13:58";"Gulen kommune";"http://www.gulen.kommune.no/";"65";"100";"65";"4";"24";"36";"20";"29";"21";"35"
"18358";"04/27/2013 10:16:59";"Guovdageainnu suohkan - Kautokeino kommune";"http://www.kautokeino.kommune.no/";"37";"100";"37";"2";"15";"36";"16";"29";"6";"35"
"18366";"04/28/2013 09:23:40";"Hadsel kommune";"http://www.hadsel.kommune.no";"41";"100";"41";"2";"13";"36";"11";"29";"17";"35"
"18376";"04/28/2013 10:52:07";"Halden kommune";"http://www.halden.kommune.no/";"68";"100";"68";"4";"23";"36";"20";"29";"25";"35"
"18233";"04/21/2013 19:34:42";"Halsa kommune";"http://www.halsa.kommune.no/";"68";"100";"68";"4";"27";"36";"19";"29";"22";"35"
"17947";"04/04/2013 13:01:03";"Hamar kommune";"http://www.hamar.kommune.no";"54";"100";"54";"3";"17";"36";"15";"29";"22";"35"
"18467";"05/03/2013 14:19:02";"Hamarøy kommune";"http://www.hamaroy.kommune.no";"77";"100";"77";"5";"31";"36";"25";"29";"21";"35"
"18386";"04/28/2013 14:09:54";"Hammerfest kommune";"http://www.hammerfest.kommune.no/";"67";"100";"67";"4";"23";"36";"21";"29";"23";"35"
"18396";"04/29/2013 08:29:45";"Haram kommune";"http://www.haram.kommune.no/";"59";"100";"59";"4";"18";"36";"15";"29";"26";"35"
"17881";"03/25/2013 13:45:30";"Hareid kommune";"http://www.hareid.kommune.no/";"52";"100";"52";"3";"14";"36";"14";"29";"24";"35"
"18397";"04/29/2013 10:17:41";"Harstad kommune";"http://www.harstad.kommune.no/";"76";"100";"76";"5";"26";"36";"23";"29";"27";"35"
"18406";"04/29/2013 13:19:12";"Hasvik kommune";"http://www.hasvik.kommune.no/";"75";"100";"75";"5";"27";"36";"23";"29";"25";"35"
"18410";"04/29/2013 14:42:44";"Hattfjelldal kommune";"http://www.hattfjelldal.kommune.no";"52";"100";"52";"3";"19";"36";"20";"29";"13";"35"
"18015";"04/08/2013 18:50:10";"Haugesund kommune";"http://www.haugesund.kommune.no";"45";"100";"45";"3";"18";"36";"15";"29";"12";"35"
"18936";"06/12/2013 13:30:16";"Havforskningsinstituttet";"http://www.imr.no/";"64";"100";"64";"4";"22";"36";"17";"29";"25";"35"
"18422";"04/30/2013 14:31:35";"Hedmark fylkeskommune";"http://www.hedmark.org";"49";"100";"49";"3";"19";"36";"17";"29";"13";"35"
"18877";"06/07/2013 16:41:27";"Helgelandssykehuset HF";"http://www.hsyk.no/";"52";"100";"52";"3";"17";"36";"19";"29";"16";"35"
"18883";"06/08/2013 08:01:35";"Helse Bergen HF";"http://www.helse-bergen.no/";"49";"100";"49";"3";"14";"36";"20";"29";"15";"35"
"18884";"06/08/2013 08:01:49";"Helse Finnmark HF";"http://www.helse-finnmark.no/";"54";"100";"54";"3";"18";"36";"22";"29";"14";"35"
"18885";"06/08/2013 08:01:59";"Helse Fonna HF";"http://www.helse-fonna.no";"39";"100";"39";"2";"9";"36";"15";"29";"15";"35"
"18886";"06/08/2013 08:02:11";"Helse Førde HF";"http://www.helse-forde.no";"39";"100";"39";"2";"10";"36";"14";"29";"15";"35"
"18887";"06/08/2013 08:02:22";"Helse Midt-Norge RHF";"http://www.helse-midt.no/";"56";"100";"56";"3";"23";"36";"13";"29";"20";"35"
"18888";"06/08/2013 08:02:31";"Helse Møre og Romsdal HF";"http://www.helse-mr.no/";"63";"100";"63";"4";"23";"36";"20";"29";"20";"35"
"18889";"06/08/2013 08:02:42";"Helse Nord RHF";"http://www.helse-nord.no/";"67";"100";"67";"4";"26";"36";"23";"29";"18";"35"
"18890";"06/08/2013 08:02:55";"Helse Nord Trøndelag HF";"http://www.hnt.no/";"57";"100";"57";"3";"21";"36";"17";"29";"19";"35"
"18986";"06/16/2013 22:55:45";"Helse- og omsorgsdepartementet";"http://www.regjeringen.no/nb/dep/hod";"74";"100";"74";"5";"27";"36";"27";"29";"20";"35"
"18891";"06/08/2013 08:03:14";"Helse Stavanger HF";"http://www.helse-stavanger.no/";"46";"100";"46";"3";"13";"36";"18";"29";"15";"35"
"18892";"06/08/2013 08:03:25";"Helse Sør-Øst RHF";"http://www.helse-sorost.no";"52";"100";"52";"3";"16";"36";"15";"29";"21";"35"
"18893";"06/08/2013 08:03:51";"Helse Vest RHF";"http://www.helse-vest.no/";"41";"100";"41";"2";"8";"36";"16";"29";"17";"35"
"18882";"06/08/2013 07:58:34";"Helsedirektoratet";"http://www.helsedirektoratet.no/";"78";"100";"78";"5";"31";"36";"21";"29";"26";"35"
"18426";"05/02/2013 08:22:43";"Hemne kommune";"http://www.hemne.kommune.no";"56";"100";"56";"3";"23";"36";"14";"29";"19";"35"
"18436";"05/02/2013 10:18:58";"Hemnes kommune";"http://www.hemnes.kommune.no";"58";"100";"58";"4";"22";"36";"21";"29";"15";"35"
"18671";"05/22/2013 15:27:39";"Hemsedal kommune";"http://www.hemsedal.kommune.no/";"54";"100";"54";"3";"22";"36";"13";"29";"19";"35"
"17884";"03/25/2013 13:46:30";"Herøy kommune (Møre og Romsdal)";"http://www.heroy.kommune.no/";"50";"100";"50";"3";"19";"36";"12";"29";"19";"35"
"18137";"04/16/2013 08:27:15";"Herøy kommune (Nordland)";"http://www.heroy-no.kommune.no";"56";"100";"56";"3";"21";"36";"20";"29";"15";"35"
"18456";"05/03/2013 08:49:46";"Hitra kommune";"http://www.hitra.kommune.no/";"54";"100";"54";"3";"20";"36";"18";"29";"16";"35"
"18171";"04/19/2013 10:11:32";"Hjartdal kommune";"http://www.hjartdal.kommune.no";"47";"100";"47";"3";"19";"36";"19";"29";"9";"35"
"18758";"05/29/2013 09:54:40";"Hjelmeland kommune";"http://www.hjelmeland.kommune.no";"66";"100";"66";"4";"26";"36";"15";"29";"25";"35"
"17728";"03/16/2013 14:02:44";"Hobøl kommune";"http://www.hobol.kommune.no";"67";"100";"67";"4";"20";"36";"24";"29";"23";"35"
"18466";"05/03/2013 12:02:44";"Hof kommune";"http://www.hof.kommune.no";"59";"100";"59";"4";"18";"36";"18";"29";"23";"35"
"17892";"03/25/2013 16:29:17";"Hol kommune";"http://www.hol.kommune.no";"63";"100";"63";"4";"21";"36";"20";"29";"22";"35"
"18468";"05/03/2013 15:10:06";"Hole kommune";"http://www.hole.kommune.no/";"81";"100";"81";"6";"28";"36";"26";"29";"27";"35"
"18475";"05/03/2013 16:12:29";"Holmestrand kommune";"http://www.holmestrand.kommune.no/";"54";"100";"54";"3";"22";"36";"17";"29";"15";"35"
"18222";"04/21/2013 18:35:02";"Holtålen kommune";"http://www.holtalen.kommune.no/";"50";"100";"50";"3";"16";"36";"17";"29";"17";"35"
"18479";"05/04/2013 16:55:26";"Hordaland fylkeskommune";"http://www.hordaland.no/";"59";"100";"59";"4";"21";"36";"22";"29";"16";"35"
"18072";"04/11/2013 14:57:32";"Hornindal kommune";"http://www.hornindal.kommune.no";"56";"100";"56";"3";"17";"36";"17";"29";"22";"35"
"18476";"05/04/2013 09:09:46";"Horten kommune";"http://www.horten.kommune.no/";"55";"100";"55";"3";"18";"36";"12";"29";"25";"35"
"17908";"03/28/2013 22:40:14";"Hurdal kommune";"http://www.hurdal.kommune.no/";"61";"100";"61";"4";"20";"36";"21";"29";"20";"35"
"18477";"05/04/2013 11:08:58";"Hurum kommune";"http://www.hurum.kommune.no";"58";"100";"58";"4";"25";"36";"20";"29";"13";"35"
"18740";"05/27/2013 18:04:55";"Husbanken";"http://www.husbanken.no/";"82";"100";"82";"6";"28";"36";"25";"29";"29";"35"
"18478";"05/04/2013 12:03:22";"Hvaler kommune";"http://www.hvaler.kommune.no/";"58";"100";"58";"4";"23";"36";"19";"29";"16";"35"
"18011";"04/08/2013 09:28:31";"Hyllestad kommune";"http://www.hyllestad.kommune.no";"62";"100";"62";"4";"23";"36";"14";"29";"25";"35"
"17921";"03/30/2013 20:30:15";"Hægebostad kommune";"http://www.haegebostad.kommune.no/";"41";"100";"41";"2";"11";"36";"14";"29";"16";"35"
"18317";"04/25/2013 10:35:16";"Høgskolen i Bergen";"http://www.hib.no/";"80";"100";"80";"6";"30";"36";"25";"29";"25";"35"
"18319";"04/25/2013 10:35:27";"Høgskolen i Buskerud, Kongsberg";"http://www.hibu.no/";"65";"100";"65";"4";"20";"36";"23";"29";"22";"35"
"18321";"04/25/2013 10:35:36";"Høgskolen i Gjøvik";"http://www.hig.no/";"51";"100";"51";"3";"14";"36";"13";"29";"24";"35"
"18322";"04/25/2013 10:35:41";"Høgskolen i Harstad";"http://www.hih.no/";"56";"100";"56";"3";"17";"36";"18";"29";"21";"35"
"18338";"04/26/2013 09:34:01";"Høgskolen i Hedmark";"http://www.hihm.no/";"53";"100";"53";"3";"20";"36";"13";"29";"20";"35"
"18339";"04/26/2013 09:34:08";"Høgskolen i Lillehammer";"http://www.hil.no/";"55";"100";"55";"3";"15";"36";"19";"29";"21";"35"
"18340";"04/26/2013 09:34:13";"Høgskolen i Molde";"http://www.himolde.no/";"54";"100";"54";"3";"18";"36";"16";"29";"20";"35"
"18341";"04/26/2013 09:34:18";"Høgskolen i Narvik";"http://www.hin.no/";"36";"100";"36";"2";"10";"36";"10";"29";"16";"35"
"18342";"04/26/2013 09:34:22";"Høgskolen i Nesna";"http://www.hinesna.no";"57";"100";"57";"3";"17";"36";"20";"29";"20";"35"
"18407";"04/29/2013 13:56:33";"Høgskolen i Nord-Trøndelag";"http://www.hint.no";"64";"100";"64";"4";"24";"36";"17";"29";"23";"35"
"18794";"05/31/2013 11:31:21";"Høgskolen i Oslo og Akershus";"http://www.hioa.no/";"68";"100";"68";"4";"28";"36";"19";"29";"21";"35"
"18408";"04/29/2013 13:56:38";"Høgskolen i Sogn og Fjordane";"http://www.hisf.no";"55";"100";"55";"3";"16";"36";"21";"29";"18";"35"
"18409";"04/29/2013 13:56:43";"Høgskolen i Stord/Haugesund";"http://www.hsh.no";"67";"100";"67";"4";"27";"36";"19";"29";"21";"35"
"18416";"04/30/2013 10:54:10";"Høgskolen i Sør-Trøndelag";"http://www.hist.no/";"54";"100";"54";"3";"14";"36";"17";"29";"23";"35"
"18417";"04/30/2013 10:54:18";"Høgskolen i Telemark";"http://www.hit.no/";"63";"100";"63";"4";"22";"36";"20";"29";"21";"35"
"18418";"04/30/2013 10:54:24";"Høgskolen i Vestfold";"http://www.hive.no/";"64";"100";"64";"4";"19";"36";"23";"29";"22";"35"
"18419";"04/30/2013 10:54:32";"Høgskolen i Volda";"http://www.hivolda.no/";"57";"100";"57";"3";"20";"36";"16";"29";"21";"35"
"18420";"04/30/2013 10:54:37";"Høgskolen i Østfold";"http://www.hiof.no/";"57";"100";"57";"3";"17";"36";"19";"29";"21";"35"
"18421";"04/30/2013 10:54:43";"Høgskolen i Ålesund";"http://www.hials.no/";"64";"100";"64";"4";"22";"36";"22";"29";"20";"35"
"17665";"03/13/2013 09:17:20";"Høyanger kommune";"http://www.hoyanger.kommune.no";"71";"100";"71";"5";"26";"36";"18";"29";"27";"35"
"18162";"04/18/2013 16:10:21";"Høylandet kommune";"http://www.hoylandet.kommune.no/";"46";"100";"46";"3";"16";"36";"12";"29";"18";"35"
"18486";"05/05/2013 08:40:25";"Hå kommune";"http://www.ha.kommune.no/";"67";"100";"67";"4";"24";"36";"20";"29";"23";"35"
"18487";"05/05/2013 10:45:53";"Ibestad kommune";"http://www.ibestad.kommune.no/";"50";"100";"50";"3";"23";"36";"19";"29";"8";"35"
"18905";"06/09/2013 07:58:09";"IMDi - Integrerings- og mangfoldsdirektoratet";"http://www.imdi.no/";"56";"100";"56";"3";"18";"36";"20";"29";"18";"35"
"18488";"05/05/2013 13:18:05";"Inderøy kommune";"http://www.inderoy.kommune.no/";"67";"100";"67";"4";"29";"36";"21";"29";"17";"35"
"18908";"06/09/2013 12:55:25";"Innovasjon Norge";"http://www.invanor.no/";"57";"100";"57";"3";"17";"36";"22";"29";"18";"35"
"18489";"05/05/2013 14:18:19";"Iveland kommune";"http://www.iveland.kommune.no";"32";"100";"32";"2";"12";"36";"9";"29";"11";"35"
"18909";"06/09/2013 17:10:54";"Jernbaneverket";"http://www.jernbaneverket.no/";"66";"100";"66";"4";"22";"36";"22";"29";"22";"35"
"18760";"05/29/2013 11:16:38";"Jevnaker kommune";"http://www.jevnaker.kommune.no/";"71";"100";"71";"5";"23";"36";"23";"29";"25";"35"
"18490";"05/05/2013 18:21:23";"Jondal kommune";"http://www.jondal.kommune.no/";"54";"100";"54";"3";"25";"36";"9";"29";"20";"35"
"18912";"06/10/2013 07:21:25";"Justervesenet";"http://www.justervesenet.no/";"56";"100";"56";"3";"21";"36";"17";"29";"18";"35"
"18987";"06/16/2013 22:55:50";"Justis- og beredskapsdepartementet";"http://www.regjeringen.no/nb/dep/jd";"73";"100";"73";"5";"27";"36";"27";"29";"19";"35"
"18154";"04/18/2013 12:33:28";"Jølster kommune";"http://www.jolster.kommune.no/";"63";"100";"63";"4";"24";"36";"17";"29";"22";"35"
"18446";"05/02/2013 13:24:04";"Karasjok kommune - Kárásjoga gielda";"http://www.karasjok.kommune.no/";"36";"100";"36";"2";"19";"36";"15";"29";"2";"35"
"18506";"05/06/2013 11:08:36";"Karlsøy kommune";"http://www.karlsoy.kommune.no";"55";"100";"55";"3";"21";"36";"20";"29";"14";"35"
"18345";"04/26/2013 11:45:01";"Karmøy kommune";"http://www.karmoy.kommune.no";"81";"100";"81";"6";"30";"36";"26";"29";"25";"35"
"18913";"06/10/2013 08:52:34";"Klagenemnda for offentlige anskaffelser";"http://www.kofa.no";"55";"100";"55";"3";"25";"36";"20";"29";"10";"35"
"18508";"05/06/2013 13:51:00";"Klepp kommune";"http://www.klepp.kommune.no/";"67";"100";"67";"4";"26";"36";"20";"29";"21";"35"
"18526";"05/07/2013 12:59:54";"Klæbu kommune";"http://www.klabu.kommune.no/";"54";"100";"54";"3";"19";"36";"23";"29";"12";"35"
"18988";"06/16/2013 22:56:02";"Kommunal- og regionaldepartementet";"http://www.regjeringen.no/nb/dep/krd";"77";"100";"77";"5";"27";"36";"26";"29";"24";"35"
"18906";"06/09/2013 08:01:03";"Konfliktrådet";"http://www.konfliktraadet.no/";"32";"100";"32";"2";"13";"36";"10";"29";"9";"35"
"18516";"05/07/2013 08:18:22";"Kongehuset";"http://www.kongehuset.no";"74";"100";"74";"5";"21";"36";"24";"29";"29";"35"
"18541";"05/08/2013 12:10:36";"Kongsberg kommune";"http://www.kongsberg.kommune.no";"70";"100";"70";"5";"23";"36";"23";"29";"24";"35"
"18147";"04/18/2013 07:35:20";"Kongsvinger kommune";"http://www.kongsvinger.kommune.no";"72";"100";"72";"5";"18";"36";"25";"29";"29";"35"
"18915";"06/10/2013 10:13:32";"Konkurransetilsynet";"http://www.konkurransetilsynet.no/";"70";"100";"70";"5";"25";"36";"20";"29";"25";"35"
"18146";"04/18/2013 07:26:43";"Kragerø kommune";"http://www.kragero.kommune.no";"66";"100";"66";"4";"25";"36";"21";"29";"20";"35"
"18527";"05/07/2013 14:30:25";"Kristiansand kommune";"http://www.kristiansand.kommune.no";"67";"100";"67";"4";"22";"36";"24";"29";"21";"35"
"18577";"05/13/2013 10:57:17";"Kristiansund kommune";"http://www.kristiansund.kommune.no";"71";"100";"71";"5";"27";"36";"18";"29";"26";"35"
"18580";"05/13/2013 14:53:14";"Krødsherad kommune";"http://www.krodsherad.kommune.no/";"46";"100";"46";"3";"19";"36";"11";"29";"16";"35"
"18989";"06/16/2013 22:56:06";"Kulturdepartementet";"http://www.regjeringen.no/nb/dep/kud";"74";"100";"74";"5";"27";"36";"27";"29";"20";"35"
"18991";"06/17/2013 09:56:32";"Kunnskapsdepartementet";"http://www.regjeringen.no/nb/dep/kd";"71";"100";"71";"5";"27";"36";"26";"29";"18";"35"
"18793";"05/31/2013 11:31:16";"Kunsthøgskolen i Bergen";"http://www.khib.no/";"58";"100";"58";"4";"17";"36";"22";"29";"19";"35"
"18792";"05/31/2013 11:31:12";"Kunsthøgskolen i Oslo";"http://www.khio.no/";"54";"100";"54";"3";"21";"36";"15";"29";"18";"35"
"18592";"05/14/2013 12:28:19";"Kvalsund kommune";"http://www.kvalsund.kommune.no/";"61";"100";"61";"4";"25";"36";"20";"29";"16";"35"
"18934";"06/12/2013 08:28:19";"Kvam herad";"http://www.kvam.kommune.no";"68";"100";"68";"4";"29";"36";"14";"29";"25";"35"
"17917";"03/30/2013 20:28:49";"Kvinesdal kommune";"http://www.kvinesdal.kommune.no";"45";"100";"45";"3";"11";"36";"15";"29";"19";"35"
"18589";"05/14/2013 09:41:25";"Kvinnherad kommune";"http://www.kvinnherad.kommune.no/";"67";"100";"67";"4";"23";"36";"20";"29";"24";"35"
"17878";"03/25/2013 13:38:59";"Kviteseid kommune";"http://www.kviteseid.kommune.no";"47";"100";"47";"3";"21";"36";"10";"29";"16";"35"
"17912";"03/28/2013 22:46:17";"Kvitsøy kommune";"http://www.kvitsoy.kommune.no/";"56";"100";"56";"3";"23";"36";"21";"29";"12";"35"
"18594";"05/14/2013 14:43:07";"Kvæfjord kommune";"http://www.kvafjord.kommune.no/";"51";"100";"51";"3";"21";"36";"15";"29";"15";"35"
"18507";"05/06/2013 11:19:46";"Kvænangen kommune";"http://www.kvanangen.kommune.no";"53";"100";"53";"3";"18";"36";"21";"29";"14";"35"
"18922";"06/11/2013 09:11:09";"Kystdirektoratet";"http://www.kystverket.no/";"70";"100";"70";"5";"23";"36";"27";"29";"20";"35"
"18875";"06/07/2013 10:47:34";"Kåfjord kommune - Gáivuotna suohkan";"http://www.kafjord.kommune.no";"65";"100";"65";"4";"25";"36";"24";"29";"16";"35"
"18992";"06/17/2013 09:56:35";"Landbruks- og matdepartementet";"http://www.regjeringen.no/nb/dep/lmd";"80";"100";"80";"6";"31";"36";"27";"29";"22";"35"
"18517";"05/07/2013 09:50:53";"Lardal kommune";"http://www.lardal.kommune.no/";"75";"100";"75";"5";"28";"36";"22";"29";"25";"35"
"18148";"04/18/2013 08:01:20";"Larvik kommune";"http://www.larvik.kommune.no/";"61";"100";"61";"4";"16";"36";"19";"29";"26";"35"
"18596";"05/15/2013 09:36:11";"Lavangen kommune";"http://www.lavangen.kommune.no";"56";"100";"56";"3";"24";"36";"22";"29";"10";"35"
"18597";"05/15/2013 10:20:26";"Lebesby kommune";"http://www.lebesby.kommune.no";"47";"100";"47";"3";"17";"36";"20";"29";"10";"35"
"17685";"03/15/2013 09:00:29";"Leikanger kommune";"http://www.leikanger.kommune.no";"78";"100";"78";"5";"28";"36";"26";"29";"24";"35"
"18136";"04/16/2013 08:26:46";"Leirfjord kommune";"http://www.leirfjord.kommune.no/";"57";"100";"57";"3";"21";"36";"21";"29";"15";"35"
"18599";"05/15/2013 11:39:36";"Leka kommune";"http://www.leka.kommune.no/";"30";"100";"30";"1";"9";"36";"14";"29";"7";"35"
"18031";"04/09/2013 09:47:07";"Leksvik kommune";"http://www.leksvik.kommune.no/";"51";"100";"51";"3";"22";"36";"17";"29";"12";"35"
"18734";"05/27/2013 08:46:03";"Lenvik kommune";"http://www.lenvik.kommune.no/";"64";"100";"64";"4";"25";"36";"19";"29";"20";"35"
"18051";"04/10/2013 12:21:41";"Lesja kommune";"http://www.lesja.kommune.no";"54";"100";"54";"3";"16";"36";"18";"29";"20";"35"
"18736";"05/27/2013 10:58:34";"Levanger kommune";"http://www.levanger.kommune.no/";"73";"100";"73";"5";"26";"36";"21";"29";"26";"35"
"18744";"05/28/2013 13:08:46";"Lier kommune";"http://www.lier.kommune.no/";"60";"100";"60";"4";"25";"36";"18";"29";"17";"35"
"18759";"05/29/2013 10:34:20";"Lierne kommune";"http://www.lierne.kommune.no/";"53";"100";"53";"3";"19";"36";"15";"29";"19";"35"
"18524";"05/07/2013 10:49:24";"Likestillings- og diskrimineringsombudet";"http://www.ldo.no/";"73";"100";"73";"5";"29";"36";"20";"29";"24";"35"
"18762";"05/29/2013 14:04:10";"Lillehammer kommune";"http://www.lillehammer.kommune.no/";"80";"100";"80";"6";"26";"36";"26";"29";"28";"35"
"18766";"05/30/2013 08:32:56";"Lillesand kommune";"http://www.lillesand.kommune.no/";"73";"100";"73";"5";"26";"36";"21";"29";"26";"35"
"17922";"03/30/2013 20:30:28";"Lindesnes kommune";"http://www.lindesnes.kommune.no/";"40";"100";"40";"2";"12";"36";"13";"29";"15";"35"
"18768";"05/30/2013 10:44:51";"Lindås kommune";"http://www.lindas.kommune.no/";"63";"100";"63";"4";"26";"36";"16";"29";"21";"35"
"18049";"04/10/2013 12:21:33";"Lom kommune";"http://lom.kommune.no";"75";"100";"75";"5";"27";"36";"24";"29";"24";"35"
"18923";"06/11/2013 09:11:49";"Longyearbyen lokalstyre";"http://www.lokalstyre.no/ ";"56";"100";"56";"3";"21";"36";"21";"29";"14";"35"
"18777";"05/31/2013 09:11:26";"Loppa kommune";"http://www.loppa.kommune.no/";"55";"100";"55";"3";"23";"36";"20";"29";"12";"35"
"18929";"06/11/2013 16:19:50";"Lotteri- og stiftelsestilsynet";"http://www.lotteritilsynet.no/";"80";"100";"80";"6";"22";"36";"29";"29";"29";"35"
"18894";"06/08/2013 12:11:14";"Lovdata";"http://www.lovdata.no/";"51";"100";"51";"3";"11";"36";"16";"29";"24";"35"
"18931";"06/11/2013 18:27:37";"Luftfartstilsynet";"http://www.luftfartstilsynet.no/";"52";"100";"52";"3";"8";"36";"23";"29";"21";"35"
"18795";"05/31/2013 11:32:06";"Lund kommune";"http://www.lund.kommune.no/";"65";"100";"65";"4";"24";"36";"22";"29";"19";"35"
"18797";"05/31/2013 13:29:42";"Lunner kommune";"http://www.lunner.kommune.no";"62";"100";"62";"4";"21";"36";"16";"29";"25";"35"
"18860";"06/06/2013 16:48:40";"Lurøy kommune";"http://www.luroy.kommune.no/";"45";"100";"45";"3";"24";"36";"12";"29";"9";"35"
"18127";"04/15/2013 09:05:58";"Luster kommune";"http://www.luster.kommune.no/";"81";"100";"81";"6";"29";"36";"25";"29";"27";"35"
"17918";"03/30/2013 20:29:01";"Lyngdal kommune";"http://www.lyngdal.kommune.no/";"48";"100";"48";"3";"14";"36";"13";"29";"21";"35"
"18857";"06/06/2013 12:25:28";"Lyngen kommune";"http://www.lyngen.kommune.no/";"61";"100";"61";"4";"25";"36";"20";"29";"16";"35"
"17865";"03/22/2013 08:54:00";"Lærdal kommune";"http://www.laerdal.kommune.no/";"67";"100";"67";"4";"27";"36";"20";"29";"20";"35"
"18858";"06/06/2013 13:46:06";"Lødingen kommune";"http://www.lodingen.kommune.no/";"51";"100";"51";"3";"18";"36";"19";"29";"14";"35"
"18895";"06/08/2013 12:35:11";"Lørenskog kommune";"http://www.lorenskog.kommune.no/";"84";"100";"84";"6";"33";"36";"23";"29";"28";"35"
"17949";"04/04/2013 13:01:40";"Løten kommune";"http://www.loten.kommune.no/";"55";"100";"55";"3";"18";"36";"17";"29";"20";"35"
"18897";"06/08/2013 19:06:29";"Malvik kommune";"http://www.malvik.kommune.no";"78";"100";"78";"5";"29";"36";"27";"29";"22";"35"
"18176";"04/20/2013 14:29:00";"Mandal kommune";"http://www.mandal.kommune.no/";"53";"100";"53";"3";"16";"36";"18";"29";"19";"35"
"18933";"06/11/2013 23:14:12";"Markedsrådet";"http://www.markedsradet.no/";"62";"100";"62";"4";"22";"36";"17";"29";"23";"35"
"17729";"03/16/2013 14:03:14";"Marker kommune";"http://www.marker.kommune.no";"80";"100";"80";"6";"29";"36";"27";"29";"24";"35"
"17920";"03/30/2013 20:29:44";"Marnardal kommune";"http://www.marnardal.kommune.no/";"43";"100";"43";"3";"10";"36";"13";"29";"20";"35"
"18898";"06/08/2013 20:07:49";"Masfjorden kommune";"http://www.masfjorden.kommune.no/";"57";"100";"57";"3";"23";"36";"20";"29";"14";"35"
"18525";"05/07/2013 12:09:27";"Matportalen.no";"http://matportalen.no/";"80";"100";"80";"6";"28";"36";"21";"29";"31";"35"
"18826";"06/02/2013 08:56:16";"Mattilsynet";"http://www.mattilsynet.no/";"79";"100";"79";"5";"31";"36";"27";"29";"21";"35"
"18827";"06/02/2013 11:09:39";"Medietilsynet";"http://www.medietilsynet.no/";"56";"100";"56";"3";"13";"36";"17";"29";"26";"35"
"18907";"06/09/2013 12:50:54";"Meland kommune";"http://www.meland.kommune.no/";"63";"100";"63";"4";"27";"36";"19";"29";"17";"35"
"18537";"05/08/2013 08:24:02";"Meldal kommune";"http://www.meldal.kommune.no/";"31";"100";"31";"2";"11";"36";"12";"29";"8";"35"
"18538";"05/08/2013 09:12:57";"Melhus kommune";"http://www.melhus.kommune.no/";"41";"100";"41";"2";"11";"36";"10";"29";"20";"35"
"18761";"05/29/2013 12:44:44";"Meløy kommune";"http://www.meloy.kommune.no/";"79";"100";"79";"5";"25";"36";"25";"29";"29";"35"
"17887";"03/25/2013 14:04:45";"Meråker kommune";"http://www.meraker.kommune.no/";"43";"100";"43";"3";"11";"36";"14";"29";"18";"35"
"18539";"05/08/2013 11:21:30";"Midsund kommune";"http://www.midsund.kommune.no/";"48";"100";"48";"3";"21";"36";"19";"29";"8";"35"
"18540";"05/08/2013 11:57:18";"Midtre Gauldal kommune";"http://www.midtre-gauldal.kommune.no";"43";"100";"43";"3";"14";"36";"14";"29";"15";"35"
"18742";"05/28/2013 11:19:23";"Miljødirektoratet";"http://www.miljodirektoratet.no/";"74";"100";"74";"5";"22";"36";"23";"29";"29";"35"
"18993";"06/17/2013 09:56:39";"Miljøverndepartementet";"http://www.regjeringen.no/nb/dep/md";"72";"100";"72";"5";"27";"36";"27";"29";"18";"35"
"18916";"06/10/2013 10:20:36";"Modalen kommune";"http://www.modalen.kommune.no/";"52";"100";"52";"3";"19";"36";"17";"29";"16";"35"
"18542";"05/08/2013 13:02:34";"Modum kommune";"http://www.modum.kommune.no/";"63";"100";"63";"4";"25";"36";"22";"29";"16";"35"
"18543";"05/08/2013 14:09:55";"Molde kommune";"http://www.molde.kommune.no/";"58";"100";"58";"4";"14";"36";"20";"29";"24";"35"
"18219";"04/21/2013 18:24:05";"Moskenes kommune";"http://www.moskenes.kommune.no";"28";"100";"28";"1";"13";"36";"5";"29";"10";"35"
"18546";"05/09/2013 08:47:14";"Moss kommune";"http://www.moss.kommune.no/";"65";"100";"65";"4";"26";"36";"16";"29";"23";"35"
"18938";"06/12/2013 13:58:37";"Møre og Romsdal fylkeskommune";"http://www.mrfylke.no";"67";"100";"67";"4";"22";"36";"23";"29";"22";"35"
"18548";"05/09/2013 09:51:38";"Målselv kommune";"http://www.malselv.kommune.no";"46";"100";"46";"3";"20";"36";"16";"29";"10";"35"
"18549";"05/09/2013 10:41:43";"Måsøy kommune";"http://www.masoy.kommune.no/";"56";"100";"56";"3";"17";"36";"22";"29";"17";"35"
"18265";"04/23/2013 10:59:59";"Namdalseid kommune";"http://www.namdalseid.kommune.no/";"57";"100";"57";"3";"23";"36";"21";"29";"13";"35"
"18551";"05/09/2013 14:13:34";"Namsos kommune";"http://www.namsos.kommune.no";"73";"100";"73";"5";"29";"36";"24";"29";"20";"35"
"18161";"04/18/2013 16:09:38";"Namsskogan kommune";"http://www.namsskogan.kommune.no/";"43";"100";"43";"3";"14";"36";"14";"29";"15";"35"
"17909";"03/28/2013 22:40:36";"Nannestad kommune";"http://www.nannestad.kommune.no/";"71";"100";"71";"5";"21";"36";"26";"29";"24";"35"
"18262";"04/23/2013 09:37:07";"Narvik kommune";"http://www.narvik.kommune.no/";"61";"100";"61";"4";"26";"36";"13";"29";"22";"35"
"18937";"06/12/2013 13:49:33";"Nasjonal sikkerhetsmyndighet";"http://www.nsm.stat.no/";"72";"100";"72";"5";"26";"36";"20";"29";"26";"35"
"18956";"06/14/2013 14:16:30";"Nasjonalt folkehelseinstitutt";"http://www.fhi.no/";"72";"100";"72";"5";"25";"36";"19";"29";"28";"35"
"18166";"04/19/2013 09:08:23";"Naustdal kommune";"http://www.naustdal.kommune.no";"64";"100";"64";"4";"25";"36";"17";"29";"22";"35"
"18552";"05/09/2013 22:46:32";"Nedre Eiker kommune";"http://www.nedre-eiker.kommune.no/";"73";"100";"73";"5";"30";"36";"21";"29";"22";"35"
"17905";"03/28/2013 22:39:43";"Nes kommune (Akershus)";"http://www.nes-ak.kommune.no/";"72";"100";"72";"5";"23";"36";"24";"29";"25";"35"
"17894";"03/25/2013 16:30:27";"Nes kommune (Buskerud)";"http://www.nes-bu.kommune.no";"58";"100";"58";"4";"20";"36";"18";"29";"20";"35"
"18472";"05/03/2013 15:26:49";"Nesna kommune";"http://www.nesna.kommune.no/";"44";"100";"44";"3";"17";"36";"17";"29";"10";"35"
"18763";"05/29/2013 14:12:03";"Nesodden kommune";"http://www.nesodden.kommune.no/";"68";"100";"68";"4";"24";"36";"19";"29";"25";"35"
"18917";"06/10/2013 11:31:28";"Nesseby kommune - Unjárgga gielda";"http://www.nesseby.kommune.no/";"54";"100";"54";"3";"25";"36";"22";"29";"7";"35"
"18053";"04/10/2013 12:28:00";"Nesset kommune";"http://www.nesset.kommune.no";"74";"100";"74";"5";"27";"36";"20";"29";"27";"35"
"18947";"06/13/2013 13:48:25";"NGU - Norges geologiske undersøkelse";"http://www.ngu.no";"64";"100";"64";"4";"25";"36";"20";"29";"19";"35"
"17876";"03/25/2013 13:38:25";"Nissedal kommune";"http://www.nissedal.kommune.no";"53";"100";"53";"3";"20";"36";"12";"29";"21";"35"
"18556";"05/10/2013 09:27:00";"Nittedal kommune";"http://www.nittedal.kommune.no/";"65";"100";"65";"4";"20";"36";"22";"29";"23";"35"
"18069";"04/11/2013 11:19:09";"Nome kommune";"http://www.nome.kommune.no/";"70";"100";"70";"5";"25";"36";"23";"29";"22";"35"
"18159";"04/18/2013 13:18:56";"Nord-Aurdal kommune";"http://www.nord-aurdal.kommune.no/";"53";"100";"53";"3";"27";"36";"15";"29";"11";"35"
"18918";"06/10/2013 13:19:43";"Norddal kommune";"http://www.norddal.kommune.no/";"60";"100";"60";"4";"23";"36";"17";"29";"20";"35"
"18558";"05/10/2013 21:08:41";"Nord-Fron kommune";"http://www.nord-fron.kommune.no/";"60";"100";"60";"4";"22";"36";"15";"29";"23";"35"
"18919";"06/10/2013 20:35:01";"Nordkapp kommune";"http://www.nordkapp.kommune.no";"63";"100";"63";"4";"29";"36";"19";"29";"15";"35"
"18828";"06/02/2013 12:43:17";"Nordland fylkeskommune";"http://www.nfk.no/";"63";"100";"63";"4";"25";"36";"15";"29";"23";"35"
"18942";"06/12/2013 20:26:31";"Nordlandssykehuset HF";"http://www.nordlandssykehuset.no";"50";"100";"50";"3";"20";"36";"20";"29";"10";"35"
"18566";"05/11/2013 09:09:40";"Nord-Odal kommune";"http://www.nord-odal.kommune.no/";"51";"100";"51";"3";"19";"36";"9";"29";"23";"35"
"18567";"05/11/2013 10:16:15";"Nordre Land kommune";"http://www.nordre-land.kommune.no/";"75";"100";"75";"5";"24";"36";"29";"29";"22";"35"
"18247";"04/22/2013 08:47:28";"Nordreisa kommune";"http://www.nordreisa.kommune.no";"60";"100";"60";"4";"27";"36";"17";"29";"16";"35"
"18831";"06/02/2013 18:00:47";"Nord-Trøndelag fylkeskommune";"http://www.ntfk.no/";"56";"100";"56";"3";"16";"36";"18";"29";"22";"35"
"18167";"04/19/2013 10:10:34";"Nore og Uvdal kommune";"http://www.nore-og-uvdal.kommune.no/";"53";"100";"53";"3";"19";"36";"15";"29";"19";"35"
"18958";"06/14/2013 15:41:55";"Norges Bank";"http://www.norges-bank.no/";"68";"100";"68";"4";"22";"36";"24";"29";"22";"35"
"18954";"06/14/2013 11:58:16";"Norges forskningsråd";"http://www.forskningsradet.no/";"69";"100";"69";"4";"19";"36";"26";"29";"24";"35"
"18788";"05/31/2013 11:30:56";"Norges Handelshøyskole";"http://www.nhh.no/";"45";"100";"45";"3";"15";"36";"14";"29";"16";"35"
"18557";"05/10/2013 10:45:19";"Norges Høyesterett";"http://www.hoyesterett.no/";"72";"100";"72";"5";"23";"36";"22";"29";"27";"35"
"18789";"05/31/2013 11:31:00";"Norges idrettshøgskole";"http://www.nih.no/";"68";"100";"68";"4";"25";"36";"21";"29";"22";"35"
"18790";"05/31/2013 11:31:03";"Norges musikkhøgskole";"http://www.nmh.no/";"51";"100";"51";"3";"21";"36";"13";"29";"17";"35"
"18791";"05/31/2013 11:31:07";"Norges veterinærhøgskole";"http://www.veths.no/";"55";"100";"55";"3";"17";"36";"20";"29";"18";"35"
"18568";"05/11/2013 11:06:53";"Norsk Designråd";"http://www.norskdesign.no";"60";"100";"60";"4";"22";"36";"21";"29";"17";"35"
"18829";"06/02/2013 14:42:15";"Norsk Form";"http://www.norskform.no";"65";"100";"65";"4";"23";"36";"20";"29";"22";"35"
"18830";"06/02/2013 15:34:36";"Norsk kulturråd";"http://www.kulturrad.no/";"61";"100";"61";"4";"22";"36";"19";"29";"20";"35"
"18953";"06/14/2013 10:36:11";"Norsk pasientskadeerstatning";"http://www.npe.no/";"46";"100";"46";"3";"12";"36";"19";"29";"15";"35"
"18571";"05/12/2013 09:44:18";"Notodden kommune";"http://www.notodden.kommune.no/";"71";"100";"71";"5";"22";"36";"23";"29";"26";"35"
"18946";"06/13/2013 13:16:53";"NOVA - Norsk institutt for forskning om oppvekst, velferd og";"http://www.nova.no/";"55";"100";"55";"3";"15";"36";"17";"29";"23";"35"
"18846";"06/04/2013 12:59:10";"NSB - Norges Statsbaner";"http://www.nsb.no/";"59";"100";"59";"4";"23";"36";"19";"29";"17";"35"
"18786";"05/31/2013 11:30:49";"NTNU - Norges teknisk-naturvitenskapelige universitet";"http://www.ntnu.no";"64";"100";"64";"4";"24";"36";"20";"29";"20";"35"
"18960";"06/14/2013 17:23:12";"NUPI - Norsk utenrikspolitisk institutt";"http://www.nupi.no/";"59";"100";"59";"4";"24";"36";"18";"29";"17";"35"
"18994";"06/17/2013 11:40:03";"NVE - Norges vassdrags- og energidirektorat";"http://www.nve.no/";"73";"100";"73";"5";"23";"36";"19";"29";"31";"35"
"18999";"06/17/2013 13:32:03";"Nærings- og handelsdepartementet";"http://www.regjeringen.no/nb/dep/nhd";"72";"100";"72";"5";"27";"36";"25";"29";"20";"35"
"18569";"05/11/2013 12:56:05";"Nærøy kommune";"http://www.naroy.kommune.no/";"33";"100";"33";"2";"15";"36";"8";"29";"10";"35"
"18523";"05/07/2013 09:56:31";"Nøtterøy kommune";"http://www.notteroy.kommune.no/";"58";"100";"58";"4";"22";"36";"11";"29";"25";"35"
"18298";"04/24/2013 12:21:33";"Odda kommune";"http://www.odda.kommune.no/";"64";"100";"64";"4";"23";"36";"17";"29";"24";"35"
"19000";"06/17/2013 13:32:06";"Olje- og energidepartementet";"http://www.regjeringen.no/nb/dep/oed";"75";"100";"75";"5";"27";"36";"27";"29";"21";"35"
"18961";"06/14/2013 18:30:21";"Oljedirektoratet";"http://www.npd.no";"77";"100";"77";"5";"23";"36";"24";"29";"30";"35"
"18570";"05/12/2013 08:44:10";"Oppdal kommune";"http://www.oppdal.kommune.no/";"56";"100";"56";"3";"18";"36";"18";"29";"20";"35"
"18572";"05/12/2013 10:35:34";"Oppegård kommune";"http://www.oppegard.kommune.no/";"71";"100";"71";"5";"28";"36";"19";"29";"24";"35"
"18832";"06/02/2013 20:21:14";"Oppland fylkeskommune";"http://www.oppland.no";"62";"100";"62";"4";"22";"36";"25";"29";"15";"35"
"18575";"05/12/2013 14:38:01";"Orkdal kommune";"http://www.orkdal.kommune.no";"56";"100";"56";"3";"21";"36";"16";"29";"19";"35"
"18223";"04/21/2013 18:35:13";"Os kommune (Hedmark)";"http://www.os.kommune.no/symfonios/portal.nsf/WebInterMainFrameset?OpenFrameset";"57";"100";"57";"3";"19";"36";"21";"29";"17";"35"
"18297";"04/24/2013 12:20:06";"Os kommune (Hordaland)";"http://www.os.hordaland.no/";"76";"100";"76";"5";"29";"36";"18";"29";"29";"35"
"18030";"04/09/2013 09:46:47";"Osen kommune";"http://www.osen.kommune.no/";"47";"100";"47";"3";"20";"36";"15";"29";"12";"35"
"18497";"05/05/2013 20:41:26";"Oslo kommune";"http://www.oslo.kommune.no/";"71";"100";"71";"5";"21";"36";"17";"29";"33";"35"
"18927";"06/11/2013 16:16:14";"Oslo Universitetssykehus HF";"http://www.oslo-universitetssykehus.no";"51";"100";"51";"3";"13";"36";"15";"29";"23";"35"
"18337";"04/26/2013 09:20:06";"Osterøy kommune";"http://www.osteroy.kommune.no/";"77";"100";"77";"5";"31";"36";"19";"29";"27";"35"
"18576";"05/13/2013 08:20:38";"Overhalla kommune";"http://www.overhalla.kommune.no/";"59";"100";"59";"4";"26";"36";"15";"29";"18";"35"
"18955";"06/14/2013 13:53:21";"Pasientskadenemnda";"http://www.pasientskadenemda.no";"48";"100";"48";"3";"20";"36";"17";"29";"11";"35"
"18959";"06/14/2013 15:42:12";"Patentstyret (Styret for det industrielle rettsvern)";"http://www.patentstyret.no";"74";"100";"74";"5";"22";"36";"22";"29";"30";"35"
"18966";"06/14/2013 18:35:55";"Pensjonstrygden for sjømenn";"http://www.pts.no/";"41";"100";"41";"2";"10";"36";"19";"29";"12";"35"
"18974";"06/14/2013 21:42:59";"Petroleumstilsynet";"http://www.ptil.no/";"53";"100";"53";"3";"17";"36";"19";"29";"17";"35"
"18972";"06/14/2013 18:43:07";"Politidirektoratet";"http://www.politi.no/";"60";"100";"60";"4";"22";"36";"20";"29";"18";"35"
"18787";"05/31/2013 11:30:53";"Politihøgskolen";"http://www.phs.no/";"63";"100";"63";"4";"26";"36";"25";"29";"12";"35"
"18578";"05/13/2013 11:17:05";"Porsanger kommune - Porsánjggu gielda - Porsangin komuuni";"http://www.porsanger.kommune.no/";"46";"100";"46";"3";"20";"36";"19";"29";"7";"35"
"17946";"04/03/2013 20:29:17";"Porsgrunn kommune";"http://www.porsgrunn.kommune.no/";"89";"100";"89";"6";"28";"36";"26";"29";"35";"35"
"18997";"06/17/2013 11:41:55";"Post- og teletilsynet";"http://www.npt.no/";"76";"100";"76";"5";"26";"36";"23";"29";"27";"35"
"18924";"06/11/2013 10:39:08";"Radøy kommune";"http://www.radoy.kommune.no";"69";"100";"69";"4";"25";"36";"23";"29";"21";"35"
"17730";"03/16/2013 14:03:52";"Rakkestad kommune";"http://www.rakkestad.kommune.no";"68";"100";"68";"4";"22";"36";"25";"29";"21";"35"
"18470";"05/03/2013 15:24:40";"Rana kommune";"http://www.rana.kommune.no";"59";"100";"59";"4";"16";"36";"18";"29";"25";"35"
"17911";"03/28/2013 22:46:07";"Randaberg kommune";"http://www.randaberg.kommune.no/";"68";"100";"68";"4";"24";"36";"21";"29";"23";"35"
"18299";"04/24/2013 12:23:17";"Rauma kommune";"http://www.rauma.kommune.no";"62";"100";"62";"4";"23";"36";"16";"29";"23";"35"
"18522";"05/07/2013 09:55:02";"Re kommune";"http://www.re.kommune.no/";"71";"100";"71";"5";"29";"36";"16";"29";"26";"35"
"18573";"05/12/2013 11:35:04";"Regelhjelp";"http://www.regelhjelp.no";"72";"100";"72";"5";"21";"36";"22";"29";"29";"35"
"17656";"03/12/2013 12:02:00";"Rendalen kommune";"http://www.rendalen.kommune.no/";"44";"100";"44";"3";"20";"36";"15";"29";"9";"35"
"18579";"05/13/2013 13:20:43";"Rennebu kommune";"http://www.rennebu.kommune.no/";"50";"100";"50";"3";"18";"36";"19";"29";"13";"35"
"17913";"03/28/2013 22:46:34";"Rennesøy kommune";"http://www.rennesoy.kommune.no/";"54";"100";"54";"3";"19";"36";"21";"29";"14";"35"
"19005";"06/17/2013 13:43:12";"Riksantikvaren";"http://www.riksantikvaren.no/";"54";"100";"54";"3";"15";"36";"22";"29";"17";"35"
"18963";"06/14/2013 18:33:33";"Riksarkivet";"http://www.arkivverket.no/";"78";"100";"78";"5";"30";"36";"21";"29";"27";"35"
"18964";"06/14/2013 18:33:55";"Rikskonsertene";"http://www.rikskonsertene.no";"51";"100";"51";"3";"23";"36";"15";"29";"13";"35"
"18976";"06/15/2013 12:06:05";"Riksmeklingsmannen";"http://www.riksmeklingsmannen.no";"55";"100";"55";"3";"23";"36";"14";"29";"18";"35"
"18982";"06/16/2013 21:36:09";"Riksrevisjonen";"http://www.riksrevisjonen.no/";"66";"100";"66";"4";"22";"36";"22";"29";"22";"35"
"18965";"06/14/2013 18:34:07";"Riksteatret";"http://www.riksteatret.no/";"30";"100";"30";"1";"11";"36";"6";"29";"13";"35"
"18230";"04/21/2013 19:34:03";"Rindal kommune";"http://www.rindal.kommune.no";"66";"100";"66";"4";"27";"36";"19";"29";"20";"35"
"18586";"05/13/2013 20:00:42";"Ringebu kommune";"http://www.ringebu.kommune.no/";"59";"100";"59";"4";"22";"36";"11";"29";"26";"35"
"18587";"05/14/2013 08:39:50";"Ringerike kommune";"http://www.ringerike.kommune.no/";"65";"100";"65";"4";"20";"36";"26";"29";"19";"35"
"18588";"05/14/2013 09:33:23";"Ringsaker kommune";"http://www.ringsaker.kommune.no";"81";"100";"81";"6";"32";"36";"23";"29";"26";"35"
"18029";"04/09/2013 09:46:25";"Rissa kommune";"http://www.rissa.kommune.no";"45";"100";"45";"3";"18";"36";"14";"29";"13";"35"
"18327";"04/25/2013 14:52:06";"Risør kommune";"http://www.risor.kommune.no/";"64";"100";"64";"4";"28";"36";"18";"29";"18";"35"
"18028";"04/09/2013 09:46:04";"Roan kommune";"http://www.roan.kommune.no/";"48";"100";"48";"3";"22";"36";"15";"29";"11";"35"
"18836";"06/03/2013 06:19:51";"Rogaland fylkeskommune";"http://www.rogaland.no/";"55";"100";"55";"3";"15";"36";"18";"29";"22";"35"
"18168";"04/19/2013 10:10:50";"Rollag kommune";"http://www.rollag.kommune.no/";"53";"100";"53";"3";"20";"36";"15";"29";"18";"35"
"18928";"06/11/2013 16:16:45";"Rusbehandling Midt Norge HF";"http://www.rus-midt.no";"51";"100";"51";"3";"14";"36";"19";"29";"18";"35"
"18590";"05/14/2013 10:35:42";"Rygge kommune";"http://www.rygge.kommune.no/";"74";"100";"74";"5";"28";"36";"20";"29";"26";"35"
"18591";"05/14/2013 12:07:35";"Rælingen kommune";"http://www.ralingen.kommune.no";"57";"100";"57";"3";"20";"36";"16";"29";"21";"35"
"18469";"05/03/2013 15:23:25";"Rødøy kommune";"http://www.rodoy.kommune.no/";"41";"100";"41";"2";"22";"36";"10";"29";"9";"35"
"17731";"03/16/2013 14:04:40";"Rømskog kommune";"http://www.romskog.kommune.no";"59";"100";"59";"4";"25";"36";"24";"29";"10";"35"
"18224";"04/21/2013 18:35:24";"Røros kommune";"http://www.roros.kommune.no";"57";"100";"57";"3";"18";"36";"17";"29";"22";"35"
"18217";"04/21/2013 18:23:41";"Røst kommune";"http://www.rost.kommune.no/";"25";"100";"25";"1";"13";"36";"5";"29";"7";"35"
"18767";"05/30/2013 08:54:43";"Røyken kommune";"http://www.royken.kommune.no/";"59";"100";"59";"4";"15";"36";"23";"29";"21";"35"
"18160";"04/18/2013 16:08:51";"Røyrvik kommune";"http://www.royrvik.kommune.no/";"42";"100";"42";"2";"16";"36";"10";"29";"16";"35"
"18798";"05/31/2013 14:14:00";"Råde kommune";"http://www.rade.kommune.no/";"72";"100";"72";"5";"26";"36";"20";"29";"26";"35"
"18925";"06/11/2013 11:43:24";"Salangen kommune";"http://www.salangen.kommune.no/";"73";"100";"73";"5";"28";"36";"22";"29";"23";"35"
"18593";"05/14/2013 13:31:55";"Saltdal kommune";"http://www.saltdal.kommune.no/";"28";"100";"28";"1";"13";"36";"10";"29";"5";"35"
"18601";"05/15/2013 15:18:23";"Sametinget - Sámediggi";"http://www.samediggi.no/";"59";"100";"59";"4";"18";"36";"19";"29";"22";"35"
"19001";"06/17/2013 13:32:10";"Samferdselsdepartementet";"http://www.regjeringen.no/nb/dep/sd";"75";"100";"75";"5";"27";"36";"27";"29";"21";"35"
"18839";"06/03/2013 10:32:36";"Samisk høgskole - Sámi allaskuvla";"http://www.samiskhs.no/";"36";"100";"36";"2";"10";"36";"10";"29";"16";"35"
"18473";"05/03/2013 15:27:57";"Samnanger kommune";"http://www.samnanger.kommune.no";"63";"100";"63";"4";"28";"36";"18";"29";"17";"35"
"18957";"06/14/2013 14:42:42";"Samordna opptak";"http://www.samordnaopptak.no";"58";"100";"58";"4";"19";"36";"20";"29";"19";"35"
"18595";"05/14/2013 17:07:53";"Sande kommune (Møre og Romsdal)";"http://www.sande-mr.kommune.no/";"50";"100";"50";"3";"17";"36";"14";"29";"19";"35"
"18769";"05/30/2013 11:33:28";"Sande kommune (Vestfold)";"http://www.sande-ve.kommune.no/";"58";"100";"58";"4";"23";"36";"18";"29";"17";"35"
"18521";"05/07/2013 09:54:02";"Sandefjord kommune";"http://www.sandefjord.kommune.no";"69";"100";"69";"4";"23";"36";"24";"29";"22";"35"
"18598";"05/15/2013 10:35:31";"Sandnes kommune";"http://www.sandnes.kommune.no/";"70";"100";"70";"5";"26";"36";"22";"29";"22";"35"
"18600";"05/15/2013 13:50:25";"Sandøy kommune";"http://www.sandoy.kommune.no/";"47";"100";"47";"3";"16";"36";"20";"29";"11";"35"
"18616";"05/17/2013 12:35:06";"Sarpsborg kommune";"http://www.sarpsborg.com/";"74";"100";"74";"5";"26";"36";"23";"29";"25";"35"
"18772";"05/30/2013 11:41:18";"Sauda kommune";"http://www.sauda.kommune.no/";"78";"100";"78";"5";"26";"36";"20";"29";"32";"35"
"18068";"04/11/2013 11:19:05";"Sauherad kommune";"http://www.sauherad.kommune.no";"56";"100";"56";"3";"21";"36";"13";"29";"22";"35"
"18770";"05/30/2013 11:33:32";"Sel kommune";"http://www.sel.kommune.no/";"75";"100";"75";"5";"30";"36";"22";"29";"23";"35"
"17888";"03/25/2013 14:04:55";"Selbu kommune";"http://www.selbu.kommune.no/";"53";"100";"53";"3";"13";"36";"14";"29";"26";"35"
"18250";"04/22/2013 12:10:40";"Selje kommune";"http://www.selje.kommune.no";"47";"100";"47";"3";"19";"36";"16";"29";"12";"35"
"17880";"03/25/2013 13:39:26";"Seljord kommune";"http://www.seljord.kommune.no";"58";"100";"58";"4";"21";"36";"16";"29";"21";"35"
"18536";"05/08/2013 07:36:40";"Seniorporten";"http://www.seniorporten.no";"70";"100";"70";"5";"22";"36";"20";"29";"28";"35"
"19003";"06/17/2013 13:32:58";"SIFO - Statens institutt for forbruksforskning";"http://www.sifo.no/";"37";"100";"37";"2";"11";"36";"13";"29";"13";"35"
"18606";"05/16/2013 07:50:22";"Sigdal kommune";"http://www.sigdal.kommune.no";"22";"100";"22";"1";"9";"36";"8";"29";"5";"35"
"17956";"04/05/2013 08:51:13";"Siljan kommune";"http://www.siljan.kommune.no/";"62";"100";"62";"4";"19";"36";"26";"29";"17";"35"
"17919";"03/30/2013 20:29:11";"Sirdal kommune";"http://www.sirdal.kommune.no";"38";"100";"38";"2";"12";"36";"12";"29";"14";"35"
"18962";"06/14/2013 18:31:21";"SIU - Senter for internasjonalisering av utdanning";"http://www.siu.no/";"64";"100";"64";"4";"16";"36";"20";"29";"28";"35"
"18609";"05/16/2013 10:59:12";"Sivilombudsmannen - Stortingets ombudsmann for forvaltningen";"http://www.sivilombudsmannen.no/";"61";"100";"61";"4";"23";"36";"21";"29";"17";"35"
"17716";"03/15/2013 20:22:25";"Sjukehusapoteka Vest HF";"http://www.sjukehusapoteka-vest.no";"49";"100";"49";"3";"14";"36";"12";"29";"23";"35"
"19006";"06/17/2013 13:43:16";"Sjøfartsdirektoratet";"http://www.sjofartsdir.no/";"66";"100";"66";"4";"25";"36";"20";"29";"21";"35"
"18496";"05/05/2013 20:41:05";"Skattedirektoratet";"http://www.skatteetaten.no/";"77";"100";"77";"5";"28";"36";"22";"29";"27";"35"
"18607";"05/16/2013 08:42:21";"Skaun kommune";"http://www.skaun.kommune.no";"47";"100";"47";"3";"14";"36";"18";"29";"15";"35"
"18608";"05/16/2013 09:37:33";"Skedsmo kommune";"http://www.skedsmo.kommune.no";"63";"100";"63";"4";"19";"36";"24";"29";"20";"35"
"18610";"05/16/2013 11:00:08";"Ski kommune";"http://www.ski.kommune.no";"68";"100";"68";"4";"25";"36";"20";"29";"23";"35"
"17957";"04/05/2013 08:51:26";"Skien kommune";"http://www.skien.kommune.no/";"73";"100";"73";"5";"21";"36";"26";"29";"26";"35"
"17732";"03/16/2013 14:05:33";"Skiptvet kommune";"http://www.skiptvet.kommune.no";"67";"100";"67";"4";"20";"36";"24";"29";"23";"35"
"18611";"05/16/2013 14:09:38";"Skjervøy kommune";"http://www.skjervoy.kommune.no/";"54";"100";"54";"3";"23";"36";"21";"29";"10";"35"
"18048";"04/10/2013 12:21:28";"Skjåk kommune";"http://www.skjaak.kommune.no/";"48";"100";"48";"3";"17";"36";"11";"29";"20";"35"
"18474";"05/03/2013 15:28:03";"Skodje kommune";"http://www.skodje.kommune.no/";"54";"100";"54";"3";"26";"36";"15";"29";"13";"35"
"18617";"05/17/2013 18:28:02";"Skånland kommune";"http://www.skanland.kommune.no/";"47";"100";"47";"3";"14";"36";"15";"29";"18";"35"
"18232";"04/21/2013 19:34:30";"Smøla kommune";"http://www.smola.kommune.no/";"68";"100";"68";"4";"29";"36";"18";"29";"21";"35"
"18627";"05/18/2013 08:33:54";"Snillfjord kommune";"http://www.snillfjord.kommune.no/";"53";"100";"53";"3";"16";"36";"19";"29";"18";"35"
"18164";"04/18/2013 16:10:54";"Snåsa kommune";"http://www.snasa.kommune.no/";"49";"100";"49";"3";"16";"36";"15";"29";"18";"35"
"18935";"06/12/2013 10:47:55";"Sogn og Fjordane fylkeskommune";"http://www.sf-f.kommune.no/";"46";"100";"46";"3";"12";"36";"11";"29";"23";"35"
"18129";"04/15/2013 09:25:58";"Sogndal kommune";"http://www.sogndal.kommune.no/";"83";"100";"83";"6";"29";"36";"28";"29";"26";"35"
"18628";"05/18/2013 10:53:11";"Sokndal kommune";"http://www.sokndal.kommune.no";"47";"100";"47";"3";"16";"36";"13";"29";"18";"35"
"18629";"05/18/2013 11:55:01";"Sola kommune";"http://www.sola.kommune.no/";"73";"100";"73";"5";"30";"36";"20";"29";"23";"35"
"18130";"04/15/2013 09:26:30";"Solund kommune";"http://www.solund.kommune.no/";"64";"100";"64";"4";"26";"36";"19";"29";"19";"35"
"18226";"04/21/2013 18:51:48";"Songdalen kommune";"http://www.songdalen.kommune.no/";"69";"100";"69";"4";"24";"36";"23";"29";"22";"35"
"18306";"04/24/2013 22:23:02";"Sortland kommune";"http://www.sortland.kommune.no/";"48";"100";"48";"3";"18";"36";"9";"29";"21";"35"
"18990";"06/17/2013 06:56:05";"Språkrådet";"http://www.sprakrad.no/";"66";"100";"66";"4";"20";"36";"22";"29";"24";"35"
"17733";"03/16/2013 14:06:04";"Spydeberg kommune";"http://www.spydeberg.kommune.no/";"64";"100";"64";"4";"20";"36";"23";"29";"21";"35"
"18899";"06/09/2013 07:53:09";"St. Olavs Hospital HF";"http://www.stolav.no";"83";"100";"83";"6";"24";"36";"28";"29";"31";"35"
"17948";"04/04/2013 13:01:22";"Stange kommune";"http://www.stange.kommune.no/";"55";"100";"55";"3";"19";"36";"15";"29";"21";"35"
"18967";"06/14/2013 18:38:09";"Statens arbeidsmiljøinstitutt";"http://www.stami.no/";"44";"100";"44";"3";"13";"36";"16";"29";"15";"35"
"18996";"06/17/2013 11:41:23";"Statens helsetilsyn";"http://www.helsetilsynet.no/";"80";"100";"80";"6";"29";"36";"23";"29";"28";"35"
"17617";"03/11/2013 09:04:59";"Statens innkrevingssentral";"http://www.statens-innkrevingssentral.no";"74";"100";"74";"5";"30";"36";"23";"29";"21";"35"
"18968";"06/14/2013 18:38:23";"Statens institutt for rusmiddelforskning";"http://www.sirus.no/";"64";"100";"64";"4";"13";"36";"22";"29";"29";"35"
"18910";"06/09/2013 17:12:40";"Statens jernbanetilsyn";"http://www.sjt.no/";"55";"100";"55";"3";"18";"36";"21";"29";"16";"35"
"18969";"06/14/2013 18:38:29";"Statens kartverk";"http://www.statkart.no/";"71";"100";"71";"5";"26";"36";"26";"29";"19";"35"
"18970";"06/14/2013 18:38:35";"Statens landbruksforvaltning";"http://www.slf.dep.no/";"63";"100";"63";"4";"24";"36";"19";"29";"20";"35"
"18971";"06/14/2013 18:38:41";"Statens legemiddelverk";"http://www.legemiddelverket.no";"61";"100";"61";"4";"17";"36";"17";"29";"27";"35"
"17625";"03/11/2013 11:58:42";"Statens lånekasse for utdanning";"http://www.lanekassen.no/";"71";"100";"71";"5";"25";"36";"21";"29";"25";"35"
"18943";"06/12/2013 20:28:22";"Statens Pensjonskasse";"http://www.spk.no/";"62";"100";"62";"4";"20";"36";"21";"29";"21";"35"
"18944";"06/13/2013 09:55:25";"Statens strålevern";"http://www.nrpa.no/";"65";"100";"65";"4";"23";"36";"20";"29";"22";"35"
"19004";"06/17/2013 13:35:22";"Statens vegvesen";"http://www.vegvesen.no";"85";"100";"85";"6";"30";"36";"27";"29";"28";"35"
"18896";"06/08/2013 14:15:06";"Statistisk sentralbyrå";"http://www.ssb.no/";"69";"100";"69";"4";"29";"36";"17";"29";"23";"35"
"18995";"06/17/2013 11:41:04";"Statsbygg";"http://www.statsbygg.no/";"64";"100";"64";"4";"18";"36";"18";"29";"28";"35"
"18631";"05/18/2013 14:53:03";"Stavanger kommune";"http://www.stavanger.kommune.no/";"63";"100";"63";"4";"21";"36";"20";"29";"22";"35"
"18630";"05/18/2013 14:11:38";"Steigen kommune";"http://www.steigen.kommune.no/";"51";"100";"51";"3";"21";"36";"24";"29";"6";"35"
"18632";"05/19/2013 08:07:49";"Steinkjer kommune";"http://www.steinkjer.kommune.no";"84";"100";"84";"6";"29";"36";"29";"29";"26";"35"
"17889";"03/25/2013 14:05:04";"Stjørdal kommune";"http://www.stjordal.kommune.no/";"57";"100";"57";"3";"16";"36";"14";"29";"27";"35"
"18520";"05/07/2013 09:53:47";"Stokke kommune";"http://www.stokke.kommune.no/";"66";"100";"66";"4";"23";"36";"24";"29";"19";"35"
"18633";"05/19/2013 10:11:29";"Stord kommune";"http://www.stord.kommune.no";"79";"100";"79";"5";"27";"36";"24";"29";"28";"35"
"18634";"05/19/2013 11:04:19";"Stordal kommune";"http://www.stordal.kommune.no";"54";"100";"54";"3";"26";"36";"15";"29";"13";"35"
"18150";"04/18/2013 08:25:53";"Stor-Elvdal kommune";"http://www.stor-elvdal.kommune.no/";"51";"100";"51";"3";"21";"36";"12";"29";"18";"35"
"18246";"04/22/2013 08:47:06";"Storfjord kommune";"http://www.storfjord.kommune.no/";"55";"100";"55";"3";"21";"36";"18";"29";"16";"35"
"18582";"05/13/2013 17:10:28";"Stortinget";"http://www.stortinget.no";"83";"100";"83";"6";"31";"36";"23";"29";"29";"35"
"18773";"05/30/2013 12:54:29";"Strand kommune";"http://www.strand.kommune.no";"75";"100";"75";"5";"28";"36";"17";"29";"30";"35"
"18258";"04/23/2013 09:33:11";"Stranda kommune";"http://www.stranda.kommune.no/";"59";"100";"59";"4";"21";"36";"16";"29";"22";"35"
"18174";"04/19/2013 13:47:32";"Stryn kommune";"http://www.stryn.kommune.no";"54";"100";"54";"3";"23";"36";"17";"29";"14";"35"
"18635";"05/19/2013 11:58:11";"Sula kommune";"http://www.sula.kommune.no";"52";"100";"52";"3";"23";"36";"13";"29";"16";"35"
"18774";"05/30/2013 12:56:47";"Suldal kommune";"http://www.suldal.net/";"73";"100";"73";"5";"30";"36";"15";"29";"28";"35"
"18054";"04/10/2013 12:28:05";"Sund kommune";"http://www.sund.kommune.no/";"83";"100";"83";"6";"31";"36";"25";"29";"27";"35"
"18900";"06/09/2013 07:55:38";"Sunnaas sykehus HF";"http://www.sunnaas.no/";"53";"100";"53";"3";"20";"36";"15";"29";"18";"35"
"18231";"04/21/2013 19:34:17";"Sunndal kommune";"http://www.sunndal.kommune.no/";"65";"100";"65";"4";"24";"36";"18";"29";"23";"35"
"18234";"04/21/2013 19:34:54";"Surnadal kommune";"http://www.surnadal.kommune.no/";"66";"100";"66";"4";"27";"36";"18";"29";"21";"35"
"18636";"05/19/2013 13:10:43";"Sveio kommune";"http://www.sveio.kommune.no";"63";"100";"63";"4";"30";"36";"14";"29";"19";"35"
"18771";"05/30/2013 11:33:35";"Svelvik kommune";"http://www.svelvik.kommune.no/";"66";"100";"66";"4";"26";"36";"19";"29";"21";"35"
"18802";"05/31/2013 14:22:30";"Sykehusapotekene HF";"http://www.sykehusapotekene.no";"42";"100";"42";"2";"11";"36";"13";"29";"18";"35"
"18803";"05/31/2013 14:22:50";"Sykehusapotekene i Midt-Norge HF";"http://www.sykehusapoteket.no/";"58";"100";"58";"4";"21";"36";"18";"29";"19";"35"
"18804";"05/31/2013 14:23:05";"Sykehusapoteket Nord HF";"http://www.sykehusapotek-nord.no/";"50";"100";"50";"3";"18";"36";"17";"29";"15";"35"
"18901";"06/09/2013 07:56:01";"Sykehuset i Vestfold HF";"http://www.siv.no/";"47";"100";"47";"3";"16";"36";"16";"29";"15";"35"
"18902";"06/09/2013 07:56:19";"Sykehuset Innlandet HF";"http://www.sykehuset-innlandet.no/";"33";"100";"33";"2";"9";"36";"13";"29";"11";"35"
"18903";"06/09/2013 07:56:36";"Sykehuset Telemark HF";"http://www.sykehuset-telemark.no";"50";"100";"50";"3";"12";"36";"16";"29";"22";"35"
"18904";"06/09/2013 07:56:53";"Sykehuset Østfold HF";"http://www.sykehuset-ostfold.no/";"40";"100";"40";"2";"11";"36";"15";"29";"14";"35"
"18646";"05/20/2013 07:45:35";"Sykkylven kommune";"http://www.sykkylven.kommune.no";"47";"100";"47";"3";"9";"36";"15";"29";"23";"35"
"18837";"06/03/2013 07:20:34";"Sysselmannen på Svalbard";"http://www.sysselmannen.no";"60";"100";"60";"4";"19";"36";"22";"29";"19";"35"
"18225";"04/21/2013 18:51:37";"Søgne kommune";"http://www.sogne.kommune.no";"83";"100";"83";"6";"28";"36";"28";"29";"27";"35"
"18008";"04/08/2013 08:10:59";"Sømna kommune";"http://www.somna.kommune.no/";"53";"100";"53";"3";"25";"36";"17";"29";"11";"35"
"18647";"05/20/2013 08:43:40";"Søndre Land kommune";"http://www.sondre-land.kommune.no";"54";"100";"54";"3";"15";"36";"18";"29";"21";"35"
"18158";"04/18/2013 13:18:23";"Sør-Aurdal kommune";"http://www.sor-aurdal.kommune.no/";"62";"100";"62";"4";"25";"36";"17";"29";"20";"35"
"18648";"05/20/2013 10:21:14";"Sørfold kommune";"http://www.sorfold.kommune.no";"75";"100";"75";"5";"33";"36";"21";"29";"21";"35"
"18261";"04/23/2013 09:36:59";"Sør-Fron kommune";"http://www.sor-fron.kommune.no/";"56";"100";"56";"3";"20";"36";"16";"29";"20";"35"
"18800";"05/31/2013 14:21:48";"Sørlandet Sykehus HF";"http://www.sshf.no/";"38";"100";"38";"2";"11";"36";"15";"29";"12";"35"
"18649";"05/20/2013 11:10:43";"Sør-Odal kommune";"http://www.sor-odal.kommune.no/";"56";"100";"56";"3";"19";"36";"14";"29";"23";"35"
"18650";"05/20/2013 13:06:31";"Sørreisa kommune";"http://www.sorreisa.kommune.no/";"56";"100";"56";"3";"21";"36";"21";"29";"14";"35"
"18838";"06/03/2013 09:34:07";"Sør-Trøndelag fylkeskommune";"http://www.stfk.no";"70";"100";"70";"5";"22";"36";"24";"29";"24";"35"
"18581";"05/13/2013 15:01:41";"Sørum kommune";"http://www.sorum.kommune.no/";"97";"100";"97";"6";"34";"36";"28";"29";"35";"35"
"18651";"05/21/2013 08:12:19";"Sør-Varanger kommune";"http://www.sor-varanger.kommune.no";"68";"100";"68";"4";"22";"36";"21";"29";"25";"35"
"18652";"05/21/2013 09:39:00";"Tana kommune - Deanu gielda";"http://www.tana.kommune.no";"73";"100";"73";"5";"29";"36";"25";"29";"19";"35"
"18840";"06/03/2013 10:34:00";"Teknologirådet";"http://www.teknologiradet.no/";"60";"100";"60";"4";"15";"36";"20";"29";"25";"35"
"18626";"05/18/2013 08:33:03";"Telemark fylkeskommune";"http://www.telemark-fk.no/";"55";"100";"55";"3";"18";"36";"13";"29";"24";"35"
"18259";"04/23/2013 09:35:07";"Time kommune";"http://www.time.kommune.no";"66";"100";"66";"4";"27";"36";"17";"29";"22";"35"
"18235";"04/21/2013 19:35:08";"Tingvoll kommune";"http://www.tingvoll.kommune.no/";"64";"100";"64";"4";"27";"36";"19";"29";"18";"35"
"18170";"04/19/2013 10:11:21";"Tinn kommune";"http://www.tinn.kommune.no";"54";"100";"54";"3";"21";"36";"13";"29";"20";"35"
"18264";"04/23/2013 10:53:04";"Tjeldsund kommune";"http://www.tjeldsund.kommune.no/";"48";"100";"48";"3";"21";"36";"17";"29";"10";"35"
"18519";"05/07/2013 09:52:30";"Tjøme kommune";"http://www.tjome.kommune.no/";"73";"100";"73";"5";"24";"36";"21";"29";"28";"35"
"18653";"05/21/2013 10:41:27";"Tokke kommune";"http://www.tokke.kommune.no/";"56";"100";"56";"3";"23";"36";"18";"29";"15";"35"
"17657";"03/12/2013 12:02:24";"Tolga kommune";"http://www.tolga.kommune.no/";"39";"100";"39";"2";"17";"36";"16";"29";"6";"35"
"18817";"06/01/2013 08:40:47";"Toll- og avgiftsdirektoratet";"http://www.toll.no/";"69";"100";"69";"4";"24";"36";"21";"29";"24";"35"
"18654";"05/21/2013 11:30:29";"Torsken kommune";"http://www.torsken.kommune.no";"40";"100";"40";"2";"21";"36";"13";"29";"6";"35"
"18655";"05/21/2013 12:10:16";"Tranøy kommune";"http://www.tranoy.kommune.no/";"50";"100";"50";"3";"27";"36";"19";"29";"4";"35"
"18816";"06/01/2013 07:24:02";"Troms fylkeskommune";"http://www.tromsfylke.no/";"74";"100";"74";"5";"30";"36";"22";"29";"22";"35"
"18656";"05/21/2013 15:22:44";"Tromsø kommune";"http://www.tromso.kommune.no";"80";"100";"80";"6";"28";"36";"26";"29";"26";"35"
"18785";"05/31/2013 11:28:42";"Trondheim kommune";"http://www.trondheim.kommune.no/";"77";"100";"77";"5";"24";"36";"25";"29";"28";"35"
"18666";"05/22/2013 08:53:06";"Trysil kommune";"http://www.trysil.kommune.no";"55";"100";"55";"3";"16";"36";"16";"29";"23";"35"
"18471";"05/03/2013 15:25:22";"Træna kommune";"http://www.trana.kommune.no/";"33";"100";"33";"2";"11";"36";"14";"29";"8";"35"
"17734";"03/16/2013 14:06:31";"Trøgstad kommune";"http://www.trogstad.kommune.no";"61";"100";"61";"4";"19";"36";"24";"29";"18";"35"
"18328";"04/25/2013 16:23:22";"Tvedestrand kommune";"http://www.tvedestrand.kommune.no/";"59";"100";"59";"4";"25";"36";"18";"29";"16";"35"
"17890";"03/25/2013 14:05:24";"Tydal kommune";"http://www.tydal.kommune.no";"52";"100";"52";"3";"16";"36";"14";"29";"22";"35"
"17658";"03/12/2013 12:02:53";"Tynset kommune";"http://www.tynset.kommune.no/";"53";"100";"53";"3";"20";"36";"17";"29";"16";"35"
"18263";"04/23/2013 10:52:38";"Tysfjord kommune";"http://www.tysfjord.kommune.no";"55";"100";"55";"3";"17";"36";"18";"29";"20";"35"
"18667";"05/22/2013 10:07:50";"Tysnes kommune";"http://www.tysnes.kommune.no/";"49";"100";"49";"3";"22";"36";"19";"29";"8";"35"
"18016";"04/08/2013 18:53:12";"Tysvær kommune";"http://www.tysver.kommune.no/";"52";"100";"52";"3";"21";"36";"17";"29";"14";"35"
"18518";"05/07/2013 09:52:06";"Tønsberg kommune";"http://www.tonsberg.kommune.no";"57";"100";"57";"3";"19";"36";"18";"29";"20";"35"
"18818";"06/01/2013 09:46:58";"UDI - Utlendingsdirektoratet";"http://www.udi.no/";"62";"100";"62";"4";"18";"36";"19";"29";"25";"35"
"17910";"03/28/2013 22:41:37";"Ullensaker kommune";"http://www.ullensaker.kommune.no/";"72";"100";"72";"5";"22";"36";"24";"29";"26";"35"
"18668";"05/22/2013 11:19:47";"Ullensvang herad";"http://www.ullensvang.herad.no/";"40";"100";"40";"2";"14";"36";"9";"29";"17";"35"
"17883";"03/25/2013 13:45:58";"Ulstein kommune";"http://www.ulstein.kommune.no/";"42";"100";"42";"2";"12";"36";"11";"29";"19";"35"
"18260";"04/23/2013 09:35:13";"Ulvik herad";"http://www.ulvik.kommune.no/";"49";"100";"49";"3";"26";"36";"12";"29";"11";"35"
"18819";"06/01/2013 12:05:04";"ung.no";"http://www.ung.no/";"71";"100";"71";"5";"18";"36";"19";"29";"34";"35"
"18784";"05/31/2013 11:28:37";"Universitetet for miljø- og biovitenskap";"http://www.umb.no";"65";"100";"65";"4";"25";"36";"21";"29";"19";"35"
"18783";"05/31/2013 11:28:32";"Universitetet i Agder";"http://www.uia.no/";"61";"100";"61";"4";"21";"36";"19";"29";"21";"35"
"18782";"05/31/2013 11:28:27";"Universitetet i Bergen";"http://www.uib.no/";"71";"100";"71";"5";"27";"36";"22";"29";"22";"35"
"18318";"04/25/2013 10:35:22";"Universitetet i Nordland";"http://uin.no/";"49";"100";"49";"3";"15";"36";"14";"29";"20";"35"
"18781";"05/31/2013 11:28:23";"Universitetet i Oslo";"http://www.uio.no/";"62";"100";"62";"4";"23";"36";"20";"29";"19";"35"
"18780";"05/31/2013 11:28:18";"Universitetet i Stavanger";"http://www.uis.no";"68";"100";"68";"4";"24";"36";"26";"29";"18";"35"
"18779";"05/31/2013 11:28:13";"Universitetet i Tromsø";"http://www.uit.no/";"51";"100";"51";"3";"18";"36";"16";"29";"17";"35"
"18799";"05/31/2013 14:19:41";"Universitetssykehuset Nord-Norge HF";"http://www.unn.no/";"51";"100";"51";"3";"15";"36";"21";"29";"15";"35"
"18820";"06/01/2013 13:28:39";"Utdanning.no";"http://www.utdanning.no/";"94";"100";"94";"6";"33";"36";"27";"29";"34";"35"
"18821";"06/01/2013 14:45:13";"Utdanningsdirektoratet";"http://www.utdanningsdirektoratet.no/";"78";"100";"78";"5";"30";"36";"25";"29";"23";"35"
"19002";"06/17/2013 13:32:14";"Utenriksdepartementet";"http://www.regjeringen.no/nb/dep/ud";"72";"100";"72";"5";"27";"36";"27";"29";"18";"35"
"18822";"06/01/2013 17:21:10";"Utlendingsnemnda";"http://www.une.no/";"65";"100";"65";"4";"21";"36";"19";"29";"25";"35"
"18669";"05/22/2013 12:23:03";"Utsira kommune";"http://www.utsira.kommune.no";"47";"100";"47";"3";"22";"36";"15";"29";"10";"35"
"18670";"05/22/2013 14:26:06";"Vadsø kommune";"http://www.vadso.kommune.no/";"56";"100";"56";"3";"17";"36";"20";"29";"19";"35"
"18323";"04/25/2013 10:45:30";"Vaksdal kommune";"http://www.vaksdal.kommune.no/";"62";"100";"62";"4";"25";"36";"16";"29";"21";"35"
"18676";"05/23/2013 08:01:56";"Valle kommune";"http://www.valle.kommune.no";"47";"100";"47";"3";"16";"36";"12";"29";"19";"35"
"18156";"04/18/2013 13:16:39";"Vang kommune";"http://www.vang.kommune.no/";"59";"100";"59";"4";"23";"36";"17";"29";"19";"35"
"17882";"03/25/2013 13:45:44";"Vanylven kommune";"http://www.vanylven.kommune.no";"40";"100";"40";"2";"11";"36";"10";"29";"19";"35"
"18926";"06/11/2013 14:07:02";"Vardø kommune";"http://www.vardo.kommune.no";"46";"100";"46";"3";"16";"36";"15";"29";"15";"35"
"18677";"05/23/2013 08:56:19";"Vefsn kommune";"http://www.vefsn.kommune.no/";"76";"100";"76";"5";"23";"36";"25";"29";"28";"35"
"18009";"04/08/2013 08:11:13";"Vega kommune";"http://www.vega.kommune.no/";"55";"100";"55";"3";"27";"36";"16";"29";"12";"35"
"18326";"04/25/2013 14:51:53";"Vegårshei kommune";"http://www.vegarshei.kommune.no/";"52";"100";"52";"3";"23";"36";"15";"29";"14";"35"
"18227";"04/21/2013 18:52:01";"Vennesla kommune";"http://www.vennesla.kommune.no";"64";"100";"64";"4";"22";"36";"19";"29";"23";"35"
"18678";"05/23/2013 10:18:11";"Verdal kommune";"http://www.verdal.kommune.no/";"72";"100";"72";"5";"25";"36";"19";"29";"28";"35"
"18679";"05/23/2013 11:21:31";"Verran kommune";"http://www.verran.kommune.no/";"56";"100";"56";"3";"22";"36";"18";"29";"16";"35"
"18806";"05/31/2013 16:55:31";"Vest-Agder fylkeskommune";"http://www.vaf.no/";"45";"100";"45";"3";"14";"36";"23";"29";"8";"35"
"18680";"05/23/2013 14:02:16";"Vestby kommune";"http://www.vestby.kommune.no/";"77";"100";"77";"5";"30";"36";"21";"29";"26";"35"
"18805";"05/31/2013 15:46:08";"Vestfold fylkeskommune";"http://www.vfk.no";"65";"100";"65";"4";"30";"36";"21";"29";"14";"35"
"18686";"05/23/2013 20:46:56";"Vestnes kommune";"http://www.vestnes.kommune.no";"49";"100";"49";"3";"19";"36";"12";"29";"18";"35"
"18155";"04/18/2013 13:16:04";"Vestre Slidre kommune";"http://www.vestre-slidre.kommune.no";"59";"100";"59";"4";"26";"36";"16";"29";"17";"35"
"18687";"05/24/2013 08:19:04";"Vestre Toten kommune";"http://www.vestre-toten.kommune.no/";"76";"100";"76";"5";"28";"36";"23";"29";"25";"35"
"18796";"05/31/2013 12:01:44";"Vestre Viken HF";"http://www.vestreviken.no/";"42";"100";"42";"2";"14";"36";"16";"29";"12";"35"
"18688";"05/24/2013 09:25:09";"Vestvågøy kommune";"http://www.vestvagoy.kommune.no/";"63";"100";"63";"4";"19";"36";"18";"29";"26";"35"
"18007";"04/08/2013 08:10:18";"Vevelstad kommune";"http://www.vevelstad.kommune.no/";"40";"100";"40";"2";"20";"36";"17";"29";"3";"35"
"18133";"04/15/2013 12:09:23";"Vik kommune";"http://www.vik.kommune.no/";"85";"100";"85";"6";"33";"36";"25";"29";"27";"35"
"18689";"05/24/2013 10:51:41";"Vikna kommune";"http://www.vikna.kommune.no/";"29";"100";"29";"1";"9";"36";"8";"29";"12";"35"
"18690";"05/24/2013 12:03:21";"Vindafjord kommune";"http://www.vindafjord.kommune.no";"69";"100";"69";"4";"25";"36";"19";"29";"25";"35"
"17879";"03/25/2013 13:39:13";"Vinje kommune";"http://www.vinje.kommune.no/";"59";"100";"59";"4";"19";"36";"16";"29";"24";"35"
"17886";"03/25/2013 13:46:59";"Volda kommune";"http://www.volda.kommune.no";"49";"100";"49";"3";"15";"36";"11";"29";"23";"35"
"18930";"06/11/2013 18:11:36";"Voss kommune";"http://www.voss.kommune.no/";"59";"100";"59";"4";"22";"36";"17";"29";"20";"35"
"18778";"05/31/2013 10:56:14";"Vox, nasjonalt senter for læring i arbeidslivet";"http://www.vox.no/";"59";"100";"59";"4";"17";"36";"20";"29";"22";"35"
"18218";"04/21/2013 18:23:54";"Værøy kommune";"http://www.varoy.kommune.no";"31";"100";"31";"2";"13";"36";"8";"29";"10";"35"
"18221";"04/21/2013 18:24:27";"Vågan kommune";"http://www.vagan.kommune.no";"35";"100";"35";"2";"9";"36";"6";"29";"20";"35"
"18302";"04/24/2013 14:52:19";"Vågsøy kommune";"http://www.vagsoy.kommune.no";"54";"100";"54";"3";"23";"36";"15";"29";"16";"35"
"18047";"04/10/2013 12:20:03";"Vågå kommune";"http://www.vaga.kommune.no";"60";"100";"60";"4";"18";"36";"16";"29";"26";"35"
"18726";"05/26/2013 07:29:35";"Våler kommune i Solør (Hedmark)";"http://www.vaaler-he.kommune.no/";"51";"100";"51";"3";"15";"36";"17";"29";"19";"35"
"18727";"05/26/2013 08:40:28";"Våler kommune (Østfold)";"http://www.valer-of.kommune.no/";"58";"100";"58";"4";"26";"36";"19";"29";"13";"35"
"18574";"05/12/2013 12:31:29";"Økokrim";"http://www.okokrim.no/";"87";"100";"87";"6";"32";"36";"23";"29";"32";"35"
"18411";"04/29/2013 16:12:59";"Øksnes kommune";"http://www.oksnes.kommune.no";"44";"100";"44";"3";"20";"36";"14";"29";"10";"35"
"18027";"04/09/2013 09:45:43";"Ørland kommune";"http://www.orland.kommune.no/";"54";"100";"54";"3";"19";"36";"15";"29";"20";"35"
"18697";"05/25/2013 15:06:43";"Ørskog kommune";"http://www.orskog.kommune.no/";"46";"100";"46";"3";"17";"36";"14";"29";"15";"35"
"17885";"03/25/2013 13:46:45";"Ørsta kommune";"http://www.orsta.kommune.no";"42";"100";"42";"2";"13";"36";"11";"29";"18";"35"
"18776";"05/31/2013 07:06:23";"Østfold fylkeskommune";"http://www.ostfold-f.kommune.no";"67";"100";"67";"4";"23";"36";"22";"29";"22";"35"
"18696";"05/25/2013 14:14:55";"Østre Toten kommune";"http://www.ostre-toten.kommune.no/";"87";"100";"87";"6";"33";"36";"25";"29";"29";"35"
"18681";"05/23/2013 15:36:01";"Øvre Eiker kommune";"http://www.ovre-eiker.kommune.no";"48";"100";"48";"3";"16";"36";"14";"29";"18";"35"
"18173";"04/19/2013 10:14:03";"Øyer kommune";"http://www.oyer.kommune.no";"77";"100";"77";"5";"27";"36";"26";"29";"24";"35"
"18932";"06/11/2013 19:38:37";"Øygarden kommune";"http://www.oygarden.kommune.no";"72";"100";"72";"5";"27";"36";"19";"29";"26";"35"
"18157";"04/18/2013 13:17:54";"Øystre Slidre kommune";"http://www.oystre-slidre.kommune.no/";"64";"100";"64";"4";"24";"36";"18";"29";"22";"35"
"18026";"04/09/2013 09:45:23";"Åfjord kommune";"http://www.afjord.kommune.no/";"49";"100";"49";"3";"20";"36";"16";"29";"13";"35"
"17875";"03/25/2013 12:31:10";"Ål kommune";"http://www.aal.kommune.no/";"59";"100";"59";"4";"18";"36";"21";"29";"20";"35"
"17855";"03/21/2013 22:13:55";"Ålesund kommune";"http://www.alesund.kommune.no/";"69";"100";"69";"4";"23";"36";"20";"29";"26";"35"
"17846";"03/21/2013 14:08:20";"Åmli kommune";"http://www.amli.kommune.no";"59";"100";"59";"4";"22";"36";"19";"29";"18";"35"
"17845";"03/21/2013 11:37:22";"Åmot kommune";"http://www.amot.kommune.no/";"52";"100";"52";"3";"18";"36";"16";"29";"18";"35"
"17835";"03/20/2013 18:27:27";"Årdal kommune";"http://www.ardal.kommune.no";"73";"100";"73";"5";"30";"36";"24";"29";"19";"35"
"17815";"03/19/2013 14:37:37";"Ås kommune";"http://www.as.kommune.no";"76";"100";"76";"5";"29";"36";"24";"29";"23";"35"
"17786";"03/18/2013 20:26:42";"Åseral kommune";"http://www.aseral.kommune.no/";"43";"100";"43";"3";"11";"36";"16";"29";"16";"35"
"17735";"03/16/2013 15:45:41";"Åsnes kommune";"http://www.asnes.kommune.no/";"62";"100";"62";"4";"26";"36";"13";"29";"23";"35"
